seller_id,seller_state,seller_city,eligible_n,late_n,on_time_n_date,lfr_date,lfr_date_pct,late_over_eligible,late_n_ts,lfr_timestamp,lfr_timestamp_pct,median_days_vs_estimate,median_days_late,eligible_n_jan_apr,late_n_jan_apr,lfr_jan_apr,eligible_n_may_aug,late_n_may_aug,lfr_may_aug,eligible_n_single,late_n_single,lfr_single_seller,multi_seller_order_n,multi_seller_order_share,item_revenue,item_revenue_plus_freight,anomaly_n,meets_volume_floor,volume_band,n_floor_sellers,peer_weighted_mkt_lfr,peer_equal_wt_lfr,peer_p25_lfr,peer_median_lfr,peer_p75_lfr,peer_p90_lfr,peer_p95_lfr,pass_p75,pass_p90,attribution_conflict,date_ts_action_conflict,split_window_unstable,raise_bar_to_p90,rank_if_candidate,action,action_reason
c3867b4666c7d76867627c2f7fb22e21,SP,guara,80,23,57,0.2875000000,28.8,23 / 80,24,0.3000000000,30.0,-7.0000,8.0000,69,22,0.3188405797,11,1,0.0909090909,78,23,0.2948717949,2,0.0250000000,11978.10,13653.88,0,1,50_99,393,0.0780768749,0.07638571932468,0.0356083086,0.0666666667,0.1016949153,0.1428571429,0.1752577320,1,1,0,0,0,1,2,enroll,p90_and_above_weighted_after_cap
cac4c8e7b1ca6252d8f20b2fc1a2e4af,SP,indaiatuba,46,11,35,0.2391304348,23.9,11 / 46,13,0.2826086957,28.3,-9.0000,7.0000,19,5,0.2631578947,27,6,0.2222222222,44,11,0.2500000000,2,0.0434782609,1833.51,2736.76,0,1,30_49,393,0.0780768749,0.07638571932468,0.0356083086,0.0666666667,0.1016949153,0.1428571429,0.1752577320,1,1,0,0,0,1,7,enroll,p90_and_above_weighted_after_cap
bbad7e518d7af88a0897397ffdca1979,SP,sao paulo,38,9,29,0.2368421053,23.7,9 / 38,9,0.2368421053,23.7,-9.5000,7.0000,16,6,0.3750000000,22,3,0.1363636364,35,9,0.2571428571,3,0.0789473684,2181.90,2971.36,0,1,30_49,393,0.0780768749,0.07638571932468,0.0356083086,0.0666666667,0.1016949153,0.1428571429,0.1752577320,1,1,0,0,0,1,8,enroll,p90_and_above_weighted_after_cap
beadbee30901a7f61d031b6b686095ad,SP,guarulhos,64,15,49,0.2343750000,23.4,15 / 64,16,0.2500000000,25.0,-9.0000,7.0000,0,0,NULL,64,15,0.2343750000,63,15,0.2380952381,1,0.0156250000,4373.98,5311.52,0,1,50_99,393,0.0780768749,0.07638571932468,0.0356083086,0.0666666667,0.1016949153,0.1428571429,0.1752577320,1,1,0,0,0,1,9,enroll,p90_and_above_weighted_after_cap
ef990a83bbea832f36ebe81376335aa8,SC,joinville,36,8,28,0.2222222222,22.2,8 / 36,10,0.2777777778,27.8,-11.5000,7.5000,27,7,0.2592592593,9,1,0.1111111111,33,8,0.2424242424,3,0.0833333333,4004.49,4775.21,0,1,30_49,393,0.0780768749,0.07638571932468,0.0356083086,0.0666666667,0.1016949153,0.1428571429,0.1752577320,1,1,0,0,0,1,11,enroll,p90_and_above_weighted_after_cap
1ca7077d890b907f89be8c954a02686a,SP,santana de parnaiba,56,12,44,0.2142857143,21.4,12 / 56,15,0.2678571429,26.8,-5.0000,3.5000,56,12,0.2142857143,0,0,NULL,55,12,0.2181818182,1,0.0178571429,6735.68,7549.11,0,1,50_99,393,0.0780768749,0.07638571932468,0.0356083086,0.0666666667,0.1016949153,0.1428571429,0.1752577320,1,1,0,0,0,1,12,enroll,p90_and_above_weighted_after_cap
abe42c5d03695b4257b5c6cbf4e6784e,RJ,rio de janeiro,34,7,27,0.2058823529,20.6,7 / 34,7,0.2058823529,20.6,-11.5000,12.0000,19,4,0.2105263158,15,3,0.2000000000,34,7,0.2058823529,0,0.0000000000,11189.00,11898.35,0,1,30_49,393,0.0780768749,0.07638571932468,0.0356083086,0.0666666667,0.1016949153,0.1428571429,0.1752577320,1,1,0,0,0,1,14,enroll,p90_and_above_weighted_after_cap
729f06993dac8e860d4f02d7088ca48a,SP,limeira,45,9,36,0.2000000000,20.0,9 / 45,10,0.2222222222,22.2,-9.0000,7.0000,24,7,0.2916666667,21,2,0.0952380952,44,9,0.2045454545,1,0.0222222222,9735.70,12509.83,0,1,30_49,393,0.0780768749,0.07638571932468,0.0356083086,0.0666666667,0.1016949153,0.1428571429,0.1752577320,1,1,0,0,0,1,15,enroll,p90_and_above_weighted_after_cap
ea566164622c6b439516ab18062c42cd,SP,sao  paulo,46,9,37,0.1956521739,19.6,9 / 46,10,0.2173913043,21.7,-9.0000,6.0000,26,7,0.2692307692,20,2,0.1000000000,46,9,0.1956521739,0,0.0000000000,8227.42,9021.35,0,1,30_49,393,0.0780768749,0.07638571932468,0.0356083086,0.0666666667,0.1016949153,0.1428571429,0.1752577320,1,1,0,0,0,1,16,enroll,p90_and_above_weighted_after_cap
e5a3438891c0bfdb9394643f95273d8e,SP,limeira,105,20,85,0.1904761905,19.0,20 / 105,22,0.2095238095,21.0,-9.0000,11.5000,105,20,0.1904761905,0,0,NULL,105,20,0.1904761905,0,0.0000000000,3534.50,5090.33,0,1,100_plus,393,0.0780768749,0.07638571932468,0.0356083086,0.0666666667,0.1016949153,0.1428571429,0.1752577320,1,1,0,0,0,1,17,enroll,p90_and_above_weighted_after_cap
06a2c3af7b3aee5d69171b0e14f0ee87,MA,sao luis,389,74,315,0.1902313625,19.0,74 / 389,90,0.2313624679,23.1,-12.0000,7.0000,96,22,0.2291666667,293,52,0.1774744027,388,74,0.1907216495,1,0.0025706941,36097.98,48169.50,4,1,100_plus,393,0.0780768749,0.07638571932468,0.0356083086,0.0666666667,0.1016949153,0.1428571429,0.1752577320,1,1,0,0,0,1,18,enroll,p90_and_above_weighted_after_cap
e9d99831abad74458942f21e16f33f92,SP,sao paulo,32,5,27,0.1562500000,15.6,5 / 32,6,0.1875000000,18.8,-8.0000,4.0000,21,3,0.1428571429,11,2,0.1818181818,32,5,0.1562500000,0,0.0000000000,1013.53,1470.96,0,1,30_49,393,0.0780768749,0.07638571932468,0.0356083086,0.0666666667,0.1016949153,0.1428571429,0.1752577320,1,1,0,0,0,1,26,enroll,p90_and_above_weighted_after_cap
c60b801f2d52c7f7f91de00870882a75,SP,guarulhos,39,6,33,0.1538461538,15.4,6 / 39,8,0.2051282051,20.5,-9.0000,3.0000,16,3,0.1875000000,23,3,0.1304347826,36,6,0.1666666667,3,0.0769230769,11296.50,11994.94,0,1,30_49,393,0.0780768749,0.07638571932468,0.0356083086,0.0666666667,0.1016949153,0.1428571429,0.1752577320,1,1,0,0,0,1,28,enroll,p90_and_above_weighted_after_cap
643214e62b870443ccbe55ab29a4dccf,SP,sao paulo,48,7,41,0.1458333333,14.6,7 / 48,8,0.1666666667,16.7,-9.0000,2.0000,21,3,0.1428571429,27,4,0.1481481481,48,7,0.1458333333,0,0.0000000000,2011.85,2695.92,0,1,30_49,393,0.0780768749,0.07638571932468,0.0356083086,0.0666666667,0.1016949153,0.1428571429,0.1752577320,1,1,0,0,0,1,35,enroll,p90_and_above_weighted_after_cap
8b9d6eec4a7eb7d0f9d579ce0b38324d,RJ,mesquita,48,7,41,0.1458333333,14.6,7 / 48,8,0.1666666667,16.7,-9.5000,5.0000,0,0,NULL,48,7,0.1458333333,44,7,0.1590909091,4,0.0833333333,4159.55,5826.85,0,1,30_49,393,0.0780768749,0.07638571932468,0.0356083086,0.0666666667,0.1016949153,0.1428571429,0.1752577320,1,1,0,0,0,1,36,enroll,p90_and_above_weighted_after_cap
8f2ce03f928b567e3d56181ae20ae952,SP,pirituba,104,15,89,0.1442307692,14.4,15 / 104,17,0.1634615385,16.3,-9.5000,10.0000,60,12,0.2000000000,44,3,0.0681818182,104,15,0.1442307692,0,0.0000000000,15313.10,18037.67,0,1,100_plus,393,0.0780768749,0.07638571932468,0.0356083086,0.0666666667,0.1016949153,0.1428571429,0.1752577320,1,1,0,0,0,1,37,enroll,p90_and_above_weighted_after_cap
f7ba60f8c3f99e7ee4042fdef03b70c4,SP,sao bernardo do campo,175,25,150,0.1428571429,14.3,25 / 175,28,0.1600000000,16.0,-10.0000,7.0000,94,18,0.1914893617,81,7,0.0864197531,171,25,0.1461988304,4,0.0228571429,56043.00,59585.01,0,1,100_plus,393,0.0780768749,0.07638571932468,0.0356083086,0.0666666667,0.1016949153,0.1428571429,0.1752577320,1,1,0,0,0,1,38,enroll,p90_and_above_weighted_after_cap
2e90cb1677d35cfe24eef47d441b7c87,SP,sao paulo,84,12,72,0.1428571429,14.3,12 / 84,13,0.1547619048,15.5,-11.0000,6.0000,50,6,0.1200000000,34,6,0.1764705882,84,12,0.1428571429,0,0.0000000000,9739.70,11612.76,0,1,50_99,393,0.0780768749,0.07638571932468,0.0356083086,0.0666666667,0.1016949153,0.1428571429,0.1752577320,1,1,0,0,0,1,39,enroll,p90_and_above_weighted_after_cap
ce7d1888639e6fb06b2749cbfdac1ff7,MG,baependi,57,7,50,0.1228070175,12.3,7 / 57,7,0.1228070175,12.3,-13.0000,12.0000,32,4,0.1250000000,25,3,0.1200000000,53,7,0.1320754717,4,0.0701754386,8543.99,10863.59,0,1,50_99,393,0.0780768749,0.07638571932468,0.0356083086,0.0666666667,0.1016949153,0.1428571429,0.1752577320,1,0,0,1,0,1,57,inconclusive,date_vs_timestamp_action_conflict
b499c00f28f4b7069ff6550af8c1348a,SP,limeira,99,12,87,0.1212121212,12.1,12 / 99,12,0.1212121212,12.1,-12.0000,5.5000,49,9,0.1836734694,50,3,0.0600000000,94,12,0.1276595745,5,0.0505050505,7124.77,8877.84,0,1,50_99,393,0.0780768749,0.07638571932468,0.0356083086,0.0666666667,0.1016949153,0.1428571429,0.1752577320,1,0,0,1,1,1,60,inconclusive,date_vs_timestamp_action_conflict
0adac9fbd9a2b63cccaac4f8756c1ca8,SP,louveira,42,5,37,0.1190476190,11.9,5 / 42,5,0.1190476190,11.9,-12.0000,12.0000,29,4,0.1379310345,13,1,0.0769230769,39,5,0.1282051282,3,0.0714285714,6030.21,6883.09,0,1,30_49,393,0.0780768749,0.07638571932468,0.0356083086,0.0666666667,0.1016949153,0.1428571429,0.1752577320,1,0,0,1,0,1,64,inconclusive,date_vs_timestamp_action_conflict
0176f73cc1195f367f7b32db1e5b3aa8,SP,ibitinga,34,4,30,0.1176470588,11.8,4 / 34,4,0.1176470588,11.8,-13.0000,16.5000,16,2,0.1250000000,18,2,0.1111111111,32,4,0.1250000000,2,0.0588235294,4083.50,5209.11,0,1,30_49,393,0.0780768749,0.07638571932468,0.0356083086,0.0666666667,0.1016949153,0.1428571429,0.1752577320,1,0,0,1,0,1,67,inconclusive,date_vs_timestamp_action_conflict
056b4ada5bbc2c50cc7842547dda6b51,RJ,queimados,60,7,53,0.1166666667,11.7,7 / 60,7,0.1166666667,11.7,-14.5000,11.0000,12,3,0.2500000000,48,4,0.0833333333,60,7,0.1166666667,0,0.0000000000,11207.42,12428.60,0,1,50_99,393,0.0780768749,0.07638571932468,0.0356083086,0.0666666667,0.1016949153,0.1428571429,0.1752577320,1,0,0,1,0,1,68,inconclusive,date_vs_timestamp_action_conflict
7d13fca15225358621be4086e1eb0964,SP,ribeirao preto,558,64,494,0.1146953405,11.5,64 / 558,68,0.1218637993,12.2,-12.0000,8.0000,226,39,0.1725663717,332,25,0.0753012048,548,64,0.1167883212,10,0.0179211470,112436.18,120934.47,0,1,100_plus,393,0.0780768749,0.07638571932468,0.0356083086,0.0666666667,0.1016949153,0.1428571429,0.1752577320,1,0,0,1,0,1,71,inconclusive,date_vs_timestamp_action_conflict
972d0f9cf61b499a4812cf0bfa3ad3c4,SC,brusque,62,7,55,0.1129032258,11.3,7 / 62,7,0.1129032258,11.3,-9.0000,5.0000,45,6,0.1333333333,17,1,0.0588235294,57,7,0.1228070175,5,0.0806451613,5919.96,7545.19,0,1,50_99,393,0.0780768749,0.07638571932468,0.0356083086,0.0666666667,0.1016949153,0.1428571429,0.1752577320,1,0,0,1,1,1,75,inconclusive,date_vs_timestamp_action_conflict
900ba814c251a692506d7834c1218441,SP,salto,54,6,48,0.1111111111,11.1,6 / 54,6,0.1111111111,11.1,-8.0000,3.5000,31,3,0.0967741935,23,3,0.1304347826,52,6,0.1153846154,2,0.0370370370,18264.74,19744.38,0,1,50_99,393,0.0780768749,0.07638571932468,0.0356083086,0.0666666667,0.1016949153,0.1428571429,0.1752577320,1,0,0,1,0,1,80,inconclusive,date_vs_timestamp_action_conflict
a3e9a2c700480d9bb01fba070ba80a0e,SP,ibitinga,73,8,65,0.1095890411,11.0,8 / 73,8,0.1095890411,11.0,-13.0000,7.5000,37,8,0.2162162162,36,0,0.0000000000,67,8,0.1194029851,6,0.0821917808,7836.90,9295.29,2,1,50_99,393,0.0780768749,0.07638571932468,0.0356083086,0.0666666667,0.1016949153,0.1428571429,0.1752577320,1,0,0,1,1,1,81,inconclusive,date_vs_timestamp_action_conflict
5b925e1d006e9476d738aa200751b73b,SP,sao paulo,37,4,33,0.1081081081,10.8,4 / 37,4,0.1081081081,10.8,-14.0000,11.0000,32,4,0.1250000000,5,0,0.0000000000,37,4,0.1081081081,0,0.0000000000,4074.50,4709.87,0,1,30_49,393,0.0780768749,0.07638571932468,0.0356083086,0.0666666667,0.1016949153,0.1428571429,0.1752577320,1,0,0,1,1,1,84,inconclusive,date_vs_timestamp_action_conflict
7ddcbb64b5bc1ef36ca8c151f6ec77df,SP,sao paulo,93,10,83,0.1075268817,10.8,10 / 93,10,0.1075268817,10.8,-13.0000,6.0000,86,9,0.1046511628,7,1,0.1428571429,92,10,0.1086956522,1,0.0107526882,17757.07,20538.67,0,1,50_99,393,0.0780768749,0.07638571932468,0.0356083086,0.0666666667,0.1016949153,0.1428571429,0.1752577320,1,0,0,1,0,1,85,inconclusive,date_vs_timestamp_action_conflict
0dd184061fb0eaa7ca37932c68ab91c5,SP,guarulhos,159,17,142,0.1069182390,10.7,17 / 159,19,0.1194968553,11.9,-11.0000,7.0000,106,16,0.1509433962,53,1,0.0188679245,154,17,0.1103896104,5,0.0314465409,18247.92,23538.82,3,1,100_plus,393,0.0780768749,0.07638571932468,0.0356083086,0.0666666667,0.1016949153,0.1428571429,0.1752577320,1,0,0,1,1,1,87,inconclusive,date_vs_timestamp_action_conflict
522620dcb18a6b31cd7bdf73665113a9,PR,cascavel,94,10,84,0.1063829787,10.6,10 / 94,10,0.1063829787,10.6,-15.0000,9.5000,73,10,0.1369863014,21,0,0.0000000000,92,10,0.1086956522,2,0.0212765957,33827.96,36704.46,0,1,50_99,393,0.0780768749,0.07638571932468,0.0356083086,0.0666666667,0.1016949153,0.1428571429,0.1752577320,1,0,0,1,1,1,89,inconclusive,date_vs_timestamp_action_conflict
17e34d8224d27a541263c4c64b11a56b,SP,riberao preto,85,9,76,0.1058823529,10.6,9 / 85,10,0.1176470588,11.8,-12.0000,11.0000,47,9,0.1914893617,38,0,0.0000000000,85,9,0.1058823529,0,0.0000000000,21728.47,23897.79,0,1,50_99,393,0.0780768749,0.07638571932468,0.0356083086,0.0666666667,0.1016949153,0.1428571429,0.1752577320,1,0,0,1,1,1,91,inconclusive,date_vs_timestamp_action_conflict
cbd996ad3c1b7dc71fd0e5f5df9087e2,SP,sao jose do rio preto,86,9,77,0.1046511628,10.5,9 / 86,9,0.1046511628,10.5,-10.0000,6.0000,62,9,0.1451612903,24,0,0.0000000000,85,9,0.1058823529,1,0.0116279070,4935.97,6400.93,0,1,50_99,393,0.0780768749,0.07638571932468,0.0356083086,0.0666666667,0.1016949153,0.1428571429,0.1752577320,1,0,0,1,1,1,92,inconclusive,date_vs_timestamp_action_conflict
0be8ff43f22e456b4e0371b2245e4d01,SP,sao paulo,97,10,87,0.1030927835,10.3,10 / 97,10,0.1030927835,10.3,-10.0000,5.5000,62,9,0.1451612903,35,1,0.0285714286,96,10,0.1041666667,1,0.0103092784,7308.80,8848.18,0,1,50_99,393,0.0780768749,0.07638571932468,0.0356083086,0.0666666667,0.1016949153,0.1428571429,0.1752577320,1,0,0,1,1,1,96,inconclusive,date_vs_timestamp_action_conflict
8648b1e89e9b349e32d3741b30ec737e,SP,jacarei,78,8,70,0.1025641026,10.3,8 / 78,9,0.1153846154,11.5,-12.0000,2.5000,39,5,0.1282051282,39,3,0.0769230769,77,8,0.1038961039,1,0.0128205128,6276.70,7416.76,0,1,50_99,393,0.0780768749,0.07638571932468,0.0356083086,0.0666666667,0.1016949153,0.1428571429,0.1752577320,1,0,0,1,0,1,97,inconclusive,date_vs_timestamp_action_conflict
715bbd5ba4e6b74cb0d2f29eb45058b0,SP,serra negra,49,5,44,0.1020408163,10.2,5 / 49,5,0.1020408163,10.2,-14.0000,8.0000,18,3,0.1666666667,31,2,0.0645161290,47,5,0.1063829787,2,0.0408163265,3335.30,4367.41,0,1,30_49,393,0.0780768749,0.07638571932468,0.0356083086,0.0666666667,0.1016949153,0.1428571429,0.1752577320,1,0,0,1,1,1,98,inconclusive,date_vs_timestamp_action_conflict
4992e76a42cb3aad7a7047e0d3d7e729,SP,sao paulo,30,3,27,0.1000000000,10.0,3 / 30,4,0.1333333333,13.3,-7.5000,4.0000,11,2,0.1818181818,19,1,0.0526315789,27,3,0.1111111111,3,0.1000000000,1203.70,1786.58,0,1,30_49,393,0.0780768749,0.07638571932468,0.0356083086,0.0666666667,0.1016949153,0.1428571429,0.1752577320,0,0,0,1,0,1,NULL,inconclusive,date_vs_timestamp_action_conflict
c9c7905cffc4ef9ff9f113554423e671,SP,itapecerica da serra,82,8,74,0.0975609756,9.8,8 / 82,11,0.1341463415,13.4,-9.0000,6.0000,29,3,0.1034482759,53,5,0.0943396226,80,8,0.1000000000,2,0.0243902439,6969.89,8329.15,0,1,50_99,393,0.0780768749,0.07638571932468,0.0356083086,0.0666666667,0.1016949153,0.1428571429,0.1752577320,0,0,0,1,0,1,NULL,inconclusive,date_vs_timestamp_action_conflict
aba1721a889e04decc910aa13b768ef4,SP,sao paulo,41,4,37,0.0975609756,9.8,4 / 41,6,0.1463414634,14.6,-10.0000,3.0000,21,2,0.0952380952,20,2,0.1000000000,40,4,0.1000000000,1,0.0243902439,7371.30,8059.11,0,1,30_49,393,0.0780768749,0.07638571932468,0.0356083086,0.0666666667,0.1016949153,0.1428571429,0.1752577320,0,0,0,1,0,1,NULL,inconclusive,date_vs_timestamp_action_conflict
d5ba419e26d246a0719437cf37d9b46d,SP,sao paulo,31,3,28,0.0967741935,9.7,3 / 31,4,0.1290322581,12.9,-10.0000,13.0000,15,2,0.1333333333,16,1,0.0625000000,30,3,0.1000000000,1,0.0322580645,3770.20,4230.04,0,1,30_49,393,0.0780768749,0.07638571932468,0.0356083086,0.0666666667,0.1016949153,0.1428571429,0.1752577320,0,0,0,1,0,1,NULL,inconclusive,date_vs_timestamp_action_conflict
de23c3b98a88888289c6f5cc1209054a,SP,sao paulo,63,6,57,0.0952380952,9.5,6 / 63,9,0.1428571429,14.3,-9.0000,7.0000,42,4,0.0952380952,21,2,0.0952380952,62,6,0.0967741935,1,0.0158730159,10006.23,10997.29,0,1,50_99,393,0.0780768749,0.07638571932468,0.0356083086,0.0666666667,0.1016949153,0.1428571429,0.1752577320,0,0,0,1,0,1,NULL,inconclusive,date_vs_timestamp_action_conflict
f62d7bb4a613ec758a03342d46b580b2,MG,vicosa,32,3,29,0.0937500000,9.4,3 / 32,4,0.1250000000,12.5,-9.0000,2.0000,15,2,0.1333333333,17,1,0.0588235294,32,3,0.0937500000,0,0.0000000000,24665.00,26790.59,0,1,30_49,393,0.0780768749,0.07638571932468,0.0356083086,0.0666666667,0.1016949153,0.1428571429,0.1752577320,0,0,0,1,0,1,NULL,inconclusive,date_vs_timestamp_action_conflict
cfb1a033743668a192316f3c6d1d2671,SP,votorantim,43,4,39,0.0930232558,9.3,4 / 43,6,0.1395348837,14.0,-11.0000,1.0000,23,4,0.1739130435,20,0,0.0000000000,35,4,0.1142857143,8,0.1860465116,3354.65,4333.77,0,1,30_49,393,0.0780768749,0.07638571932468,0.0356083086,0.0666666667,0.1016949153,0.1428571429,0.1752577320,0,0,0,1,0,1,NULL,inconclusive,date_vs_timestamp_action_conflict
d13e50eaa47b4cbe9eb81465865d8cfc,SP,santo andre,66,6,60,0.0909090909,9.1,6 / 66,14,0.2121212121,21.2,-3.0000,1.0000,0,0,NULL,66,6,0.0909090909,66,6,0.0909090909,0,0.0000000000,7073.05,7907.55,1,1,50_99,393,0.0780768749,0.07638571932468,0.0356083086,0.0666666667,0.1016949153,0.1428571429,0.1752577320,0,0,0,1,0,1,NULL,inconclusive,date_vs_timestamp_action_conflict
23613d49c3ac2bd302259e55c06c050c,SP,porto ferreira,33,3,30,0.0909090909,9.1,3 / 33,5,0.1515151515,15.2,-12.0000,5.0000,20,3,0.1500000000,13,0,0.0000000000,27,3,0.1111111111,6,0.1818181818,1766.00,2830.06,0,1,30_49,393,0.0780768749,0.07638571932468,0.0356083086,0.0666666667,0.1016949153,0.1428571429,0.1752577320,0,0,0,1,0,1,NULL,inconclusive,date_vs_timestamp_action_conflict
891071be6ba827b591264c90c2ae8a63,SP,sao paulo,45,4,41,0.0888888889,8.9,4 / 45,7,0.1555555556,15.6,-10.0000,21.5000,17,4,0.2352941176,28,0,0.0000000000,43,4,0.0930232558,2,0.0444444444,2200.62,2836.76,0,1,30_49,393,0.0780768749,0.07638571932468,0.0356083086,0.0666666667,0.1016949153,0.1428571429,0.1752577320,0,0,0,1,0,1,NULL,inconclusive,date_vs_timestamp_action_conflict
7681ef142fd2c19048da7430856b5588,SP,guarulhos,58,5,53,0.0862068966,8.6,5 / 58,8,0.1379310345,13.8,-10.0000,7.0000,23,2,0.0869565217,35,3,0.0857142857,56,5,0.0892857143,2,0.0344827586,31211.81,34074.67,0,1,50_99,393,0.0780768749,0.07638571932468,0.0356083086,0.0666666667,0.1016949153,0.1428571429,0.1752577320,0,0,0,1,0,1,NULL,inconclusive,date_vs_timestamp_action_conflict
6edacfd9f9074789dad6d62ba7950b9c,SP,guarulhos,60,5,55,0.0833333333,8.3,5 / 60,8,0.1333333333,13.3,-8.5000,3.0000,24,1,0.0416666667,36,4,0.1111111111,56,5,0.0892857143,4,0.0666666667,3648.60,4509.04,0,1,50_99,393,0.0780768749,0.07638571932468,0.0356083086,0.0666666667,0.1016949153,0.1428571429,0.1752577320,0,0,0,1,0,1,NULL,inconclusive,date_vs_timestamp_action_conflict
04308b1ee57b6625f47df1d56f00eedf,SC,bombinhas,85,7,78,0.0823529412,8.2,7 / 85,11,0.1294117647,12.9,-13.0000,7.0000,41,3,0.0731707317,44,4,0.0909090909,85,7,0.0823529412,0,0.0000000000,50686.50,53355.58,0,1,50_99,393,0.0780768749,0.07638571932468,0.0356083086,0.0666666667,0.1016949153,0.1428571429,0.1752577320,0,0,0,1,0,1,NULL,inconclusive,date_vs_timestamp_action_conflict
dd7ddc04e1b6c2c614352b383efe2d36,SP,sao paulo,62,5,57,0.0806451613,8.1,5 / 62,9,0.1451612903,14.5,-10.0000,6.0000,32,4,0.1250000000,30,1,0.0333333333,59,5,0.0847457627,3,0.0483870968,4036.66,5485.23,0,1,50_99,393,0.0780768749,0.07638571932468,0.0356083086,0.0666666667,0.1016949153,0.1428571429,0.1752577320,0,0,0,1,0,1,NULL,inconclusive,date_vs_timestamp_action_conflict
d1c281d3ae149232351cd8c8cc885f0d,SP,ibitinga,55,4,51,0.0727272727,7.3,4 / 55,7,0.1272727273,12.7,-13.0000,7.5000,32,4,0.1250000000,23,0,0.0000000000,48,4,0.0833333333,7,0.1272727273,6723.41,8121.79,0,1,50_99,393,0.0780768749,0.07638571932468,0.0356083086,0.0666666667,0.1016949153,0.1428571429,0.1752577320,0,0,0,1,0,1,NULL,inconclusive,date_vs_timestamp_action_conflict
06579cb253ecd5a3a12a9e6eb6bf8f47,SP,sao paulo - sp,30,2,28,0.0666666667,6.7,2 / 30,5,0.1666666667,16.7,-10.0000,16.5000,12,2,0.1666666667,18,0,0.0000000000,29,2,0.0689655172,1,0.0333333333,2321.50,2971.71,0,1,30_49,393,0.0780768749,0.07638571932468,0.0356083086,0.0666666667,0.1016949153,0.1428571429,0.1752577320,0,0,0,1,0,1,NULL,inconclusive,date_vs_timestamp_action_conflict
7e3f87d16fb353f408d467e74fbd8014,SP,sao paulo,62,4,58,0.0645161290,6.5,4 / 62,8,0.1290322581,12.9,-10.0000,18.5000,41,3,0.0731707317,21,1,0.0476190476,62,4,0.0645161290,0,0.0000000000,3514.54,4524.30,0,1,50_99,393,0.0780768749,0.07638571932468,0.0356083086,0.0666666667,0.1016949153,0.1428571429,0.1752577320,0,0,0,1,0,1,NULL,inconclusive,date_vs_timestamp_action_conflict
1a3df491d1c4f1589fc2b934ada68bf2,SC,joinville,48,3,45,0.0625000000,6.3,3 / 48,6,0.1250000000,12.5,-13.0000,10.0000,38,3,0.0789473684,10,0,0.0000000000,48,3,0.0625000000,0,0.0000000000,6948.40,8292.45,1,1,30_49,393,0.0780768749,0.07638571932468,0.0356083086,0.0666666667,0.1016949153,0.1428571429,0.1752577320,0,0,0,1,0,1,NULL,inconclusive,date_vs_timestamp_action_conflict
0249d282d911d23cb8b869ab49c99f53,SP,sao paulo,1,1,0,1.0000000000,100.0,1 / 1,1,1.0000000000,100.0,1.0000,1.0000,1,1,1.0000000000,0,0,NULL,1,1,1.0000000000,0,0.0000000000,22.00,34.79,0,0,below_floor,393,0.0780768749,0.07638571932468,0.0356083086,0.0666666667,0.1016949153,0.1428571429,0.1752577320,0,0,0,0,0,1,NULL,standard_terms,usable_n_lt_30
1099a00e0ee3a50935e6c2447ca090c5,RJ,rio de janeiro,1,1,0,1.0000000000,100.0,1 / 1,1,1.0000000000,100.0,3.0000,3.0000,1,1,1.0000000000,0,0,NULL,1,1,1.0000000000,0,0.0000000000,249.90,265.55,0,0,below_floor,393,0.0780768749,0.07638571932468,0.0356083086,0.0666666667,0.1016949153,0.1428571429,0.1752577320,0,0,0,0,0,1,NULL,standard_terms,usable_n_lt_30
13d95f0f6f73943d4ceffad0fc2cd32c,GO,goiania,1,1,0,1.0000000000,100.0,1 / 1,1,1.0000000000,100.0,2.0000,2.0000,1,1,1.0000000000,0,0,NULL,1,1,1.0000000000,0,0.0000000000,249.99,309.32,0,0,below_floor,393,0.0780768749,0.07638571932468,0.0356083086,0.0666666667,0.1016949153,0.1428571429,0.1752577320,0,0,0,0,0,1,NULL,standard_terms,usable_n_lt_30
154bdf805377afea75a3bd158e9eab10,SP,ibitinga,1,1,0,1.0000000000,100.0,1 / 1,1,1.0000000000,100.0,2.0000,2.0000,0,0,NULL,1,1,1.0000000000,1,1,1.0000000000,0,0.0000000000,89.90,109.72,0,0,below_floor,393,0.0780768749,0.07638571932468,0.0356083086,0.0666666667,0.1016949153,0.1428571429,0.1752577320,0,0,0,0,0,1,NULL,standard_terms,usable_n_lt_30
180c3376aff0e43dd5788709df48a843,SP,sao paulo,1,1,0,1.0000000000,100.0,1 / 1,1,1.0000000000,100.0,2.0000,2.0000,1,1,1.0000000000,0,0,NULL,1,1,1.0000000000,0,0.0000000000,1380.00,1437.10,0,0,below_floor,393,0.0780768749,0.07638571932468,0.0356083086,0.0666666667,0.1016949153,0.1428571429,0.1752577320,0,0,0,0,0,1,NULL,standard_terms,usable_n_lt_30
19484c79cef6c062cb177aa4ef2fcc3c,SP,valinhos,1,1,0,1.0000000000,100.0,1 / 1,1,1.0000000000,100.0,3.0000,3.0000,0,0,NULL,1,1,1.0000000000,1,1,1.0000000000,0,0.0000000000,201.90,212.06,0,0,below_floor,393,0.0780768749,0.07638571932468,0.0356083086,0.0666666667,0.1016949153,0.1428571429,0.1752577320,0,0,0,0,0,1,NULL,standard_terms,usable_n_lt_30
1b4b28463457a256e9a784ebe2a8f630,SP,piracicaba,1,1,0,1.0000000000,100.0,1 / 1,1,1.0000000000,100.0,7.0000,7.0000,0,0,NULL,1,1,1.0000000000,1,1,1.0000000000,0,0.0000000000,699.42,715.34,0,0,below_floor,393,0.0780768749,0.07638571932468,0.0356083086,0.0666666667,0.1016949153,0.1428571429,0.1752577320,0,0,0,0,0,1,NULL,standard_terms,usable_n_lt_30
1f2eebc0e970fd3c463e4f5d9652687a,SP,sao paulo,1,1,0,1.0000000000,100.0,1 / 1,1,1.0000000000,100.0,5.0000,5.0000,0,0,NULL,1,1,1.0000000000,1,1,1.0000000000,0,0.0000000000,44.99,53.47,0,0,below_floor,393,0.0780768749,0.07638571932468,0.0356083086,0.0666666667,0.1016949153,0.1428571429,0.1752577320,0,0,0,0,0,1,NULL,standard_terms,usable_n_lt_30
271b8923c6a549e02d3c9fd1f8c0422b,SP,praia grande,1,1,0,1.0000000000,100.0,1 / 1,1,1.0000000000,100.0,4.0000,4.0000,0,0,NULL,1,1,1.0000000000,1,1,1.0000000000,0,0.0000000000,105.19,118.59,0,0,below_floor,393,0.0780768749,0.07638571932468,0.0356083086,0.0666666667,0.1016949153,0.1428571429,0.1752577320,0,0,0,0,0,1,NULL,standard_terms,usable_n_lt_30
391bbd13b6452244774beff1824006ed,SP,campinas,1,1,0,1.0000000000,100.0,1 / 1,1,1.0000000000,100.0,24.0000,24.0000,1,1,1.0000000000,0,0,NULL,1,1,1.0000000000,0,0.0000000000,63.90,81.60,0,0,below_floor,393,0.0780768749,0.07638571932468,0.0356083086,0.0666666667,0.1016949153,0.1428571429,0.1752577320,0,0,0,0,0,1,NULL,standard_terms,usable_n_lt_30
3da38366e7bd9baf6369071f782ecdf0,CE,fortaleza,1,1,0,1.0000000000,100.0,1 / 1,1,1.0000000000,100.0,6.0000,6.0000,1,1,1.0000000000,0,0,NULL,1,1,1.0000000000,0,0.0000000000,59.47,86.43,0,0,below_floor,393,0.0780768749,0.07638571932468,0.0356083086,0.0666666667,0.1016949153,0.1428571429,0.1752577320,0,0,0,0,0,1,NULL,standard_terms,usable_n_lt_30
4fb41dff7c50136976d1a5cf004a42e2,BA,feira de santana,1,1,0,1.0000000000,100.0,1 / 1,1,1.0000000000,100.0,134.0000,134.0000,1,1,1.0000000000,0,0,NULL,1,1,1.0000000000,0,0.0000000000,280.00,307.24,0,0,below_floor,393,0.0780768749,0.07638571932468,0.0356083086,0.0666666667,0.1016949153,0.1428571429,0.1752577320,0,0,0,0,0,1,NULL,standard_terms,usable_n_lt_30
5659d77e8d90378e39b960ad5956f64e,SP,taubate,1,1,0,1.0000000000,100.0,1 / 1,1,1.0000000000,100.0,3.0000,3.0000,1,1,1.0000000000,0,0,NULL,1,1,1.0000000000,0,0.0000000000,99.00,117.57,0,0,below_floor,393,0.0780768749,0.07638571932468,0.0356083086,0.0666666667,0.1016949153,0.1428571429,0.1752577320,0,0,0,0,0,1,NULL,standard_terms,usable_n_lt_30
5ca5d579b5857ee8709479b1047cecc3,SP,sao paulo,1,1,0,1.0000000000,100.0,1 / 1,1,1.0000000000,100.0,5.0000,5.0000,1,1,1.0000000000,0,0,NULL,1,1,1.0000000000,0,0.0000000000,169.99,178.04,0,0,below_floor,393,0.0780768749,0.07638571932468,0.0356083086,0.0666666667,0.1016949153,0.1428571429,0.1752577320,0,0,0,0,0,1,NULL,standard_terms,usable_n_lt_30
63704069d9bd3a75c1cf59babe56004a,SP,jundiai,1,1,0,1.0000000000,100.0,1 / 1,1,1.0000000000,100.0,7.0000,7.0000,0,0,NULL,1,1,1.0000000000,1,1,1.0000000000,0,0.0000000000,59.30,66.69,0,0,below_floor,393,0.0780768749,0.07638571932468,0.0356083086,0.0666666667,0.1016949153,0.1428571429,0.1752577320,0,0,0,0,0,1,NULL,standard_terms,usable_n_lt_30
6524b847b982cd56bb5d4b02b776ee42,SP,campinas,1,1,0,1.0000000000,100.0,1 / 1,1,1.0000000000,100.0,16.0000,16.0000,1,1,1.0000000000,0,0,NULL,1,1,1.0000000000,0,0.0000000000,779.80,834.94,0,0,below_floor,393,0.0780768749,0.07638571932468,0.0356083086,0.0666666667,0.1016949153,0.1428571429,0.1752577320,0,0,0,0,0,1,NULL,standard_terms,usable_n_lt_30
685b870da5b52a710782c9c0fefbeb5b,SP,sao bernardo do campo,1,1,0,1.0000000000,100.0,1 / 1,1,1.0000000000,100.0,19.0000,19.0000,1,1,1.0000000000,0,0,NULL,1,1,1.0000000000,0,0.0000000000,37.00,52.10,0,0,below_floor,393,0.0780768749,0.07638571932468,0.0356083086,0.0666666667,0.1016949153,0.1428571429,0.1752577320,0,0,0,0,0,1,NULL,standard_terms,usable_n_lt_30
6f1a1263039c76e68f40a8e536b1da6a,SP,sao paulop,1,1,0,1.0000000000,100.0,1 / 1,1,1.0000000000,100.0,72.0000,72.0000,1,1,1.0000000000,0,0,NULL,1,1,1.0000000000,0,0.0000000000,38.85,52.95,0,0,below_floor,393,0.0780768749,0.07638571932468,0.0356083086,0.0666666667,0.1016949153,0.1428571429,0.1752577320,0,0,0,0,0,1,NULL,standard_terms,usable_n_lt_30
7c462184585ae80bd6e5774c62ce50f2,SP,campinas,1,1,0,1.0000000000,100.0,1 / 1,1,1.0000000000,100.0,8.0000,8.0000,0,0,NULL,1,1,1.0000000000,1,1,1.0000000000,0,0.0000000000,60.00,77.64,0,0,below_floor,393,0.0780768749,0.07638571932468,0.0356083086,0.0666666667,0.1016949153,0.1428571429,0.1752577320,0,0,0,0,0,1,NULL,standard_terms,usable_n_lt_30
80ceebb4ee9b31afb6c6a916a574a1e2,PR,londrina,1,1,0,1.0000000000,100.0,1 / 1,1,1.0000000000,100.0,5.0000,5.0000,0,0,NULL,1,1,1.0000000000,1,1,1.0000000000,0,0.0000000000,6729.00,6922.21,0,0,below_floor,393,0.0780768749,0.07638571932468,0.0356083086,0.0666666667,0.1016949153,0.1428571429,0.1752577320,0,0,0,0,0,1,NULL,standard_terms,usable_n_lt_30
8629a7efec1aab257e58cda559f03ba7,GO,goiania,1,1,0,1.0000000000,100.0,1 / 1,1,1.0000000000,100.0,33.0000,33.0000,1,1,1.0000000000,0,0,NULL,1,1,1.0000000000,0,0.0000000000,45.22,64.11,0,0,below_floor,393,0.0780768749,0.07638571932468,0.0356083086,0.0666666667,0.1016949153,0.1428571429,0.1752577320,0,0,0,0,0,1,NULL,standard_terms,usable_n_lt_30
99eaacc9e6046db1c82b163c5f84869f,SP,franca,1,1,0,1.0000000000,100.0,1 / 1,1,1.0000000000,100.0,20.0000,20.0000,1,1,1.0000000000,0,0,NULL,1,1,1.0000000000,0,0.0000000000,290.00,307.79,0,0,below_floor,393,0.0780768749,0.07638571932468,0.0356083086,0.0666666667,0.1016949153,0.1428571429,0.1752577320,0,0,0,0,0,1,NULL,standard_terms,usable_n_lt_30
9da15f4a4ea758d9eeb49000dbe57e22,SP,osasco,1,1,0,1.0000000000,100.0,1 / 1,1,1.0000000000,100.0,6.0000,6.0000,0,0,NULL,1,1,1.0000000000,1,1,1.0000000000,0,0.0000000000,196.90,234.61,0,0,below_floor,393,0.0780768749,0.07638571932468,0.0356083086,0.0666666667,0.1016949153,0.1428571429,0.1752577320,0,0,0,0,0,1,NULL,standard_terms,usable_n_lt_30
bc8c8d665ec4664d286be0d521722b19,SP,sao paulo,1,1,0,1.0000000000,100.0,1 / 1,1,1.0000000000,100.0,4.0000,4.0000,0,0,NULL,1,1,1.0000000000,1,1,1.0000000000,0,0.0000000000,22.50,30.82,0,0,below_floor,393,0.0780768749,0.07638571932468,0.0356083086,0.0666666667,0.1016949153,0.1428571429,0.1752577320,0,0,0,0,0,1,NULL,standard_terms,usable_n_lt_30
be1e9e378700cecaa4ebf71433d7915c,SP,ribeirao preto,1,1,0,1.0000000000,100.0,1 / 1,1,1.0000000000,100.0,43.0000,43.0000,1,1,1.0000000000,0,0,NULL,1,1,1.0000000000,0,0.0000000000,49.99,61.84,0,0,below_floor,393,0.0780768749,0.07638571932468,0.0356083086,0.0666666667,0.1016949153,0.1428571429,0.1752577320,0,0,0,0,0,1,NULL,standard_terms,usable_n_lt_30
c004e5ea15737026cecaee0447e00b75,SP,sao paulo,1,1,0,1.0000000000,100.0,1 / 1,1,1.0000000000,100.0,15.0000,15.0000,0,0,NULL,1,1,1.0000000000,1,1,1.0000000000,0,0.0000000000,2350.00,2455.12,0,0,below_floor,393,0.0780768749,0.07638571932468,0.0356083086,0.0666666667,0.1016949153,0.1428571429,0.1752577320,0,0,0,0,0,1,NULL,standard_terms,usable_n_lt_30
c13ef0cfbe42f190780f621ce81f2234,SP,sao paulo sp,1,1,0,1.0000000000,100.0,1 / 1,1,1.0000000000,100.0,6.0000,6.0000,1,1,1.0000000000,0,0,NULL,1,1,1.0000000000,0,0.0000000000,390.00,451.28,0,0,below_floor,393,0.0780768749,0.07638571932468,0.0356083086,0.0666666667,0.1016949153,0.1428571429,0.1752577320,0,0,0,0,0,1,NULL,standard_terms,usable_n_lt_30
c1ed9e3daf6154542826a6996af0fb8c,SC,itajai,1,1,0,1.0000000000,100.0,1 / 1,1,1.0000000000,100.0,1.0000,1.0000,1,1,1.0000000000,0,0,NULL,1,1,1.0000000000,0,0.0000000000,329.50,414.00,0,0,below_floor,393,0.0780768749,0.07638571932468,0.0356083086,0.0666666667,0.1016949153,0.1428571429,0.1752577320,0,0,0,0,0,1,NULL,standard_terms,usable_n_lt_30
c611f4ce9ce875bcc063fa97fd4d7d12,SP,atibaia,1,1,0,1.0000000000,100.0,1 / 1,1,1.0000000000,100.0,1.0000,1.0000,0,0,NULL,1,1,1.0000000000,1,1,1.0000000000,0,0.0000000000,319.00,332.25,0,0,below_floor,393,0.0780768749,0.07638571932468,0.0356083086,0.0666666667,0.1016949153,0.1428571429,0.1752577320,0,0,0,0,0,1,NULL,standard_terms,usable_n_lt_30
c7b7db6c8f3c64a7cc1afa634db21d50,SP,sao paulo,1,1,0,1.0000000000,100.0,1 / 1,1,1.0000000000,100.0,16.0000,16.0000,1,1,1.0000000000,0,0,NULL,1,1,1.0000000000,0,0.0000000000,1489.00,1511.86,0,0,below_floor,393,0.0780768749,0.07638571932468,0.0356083086,0.0666666667,0.1016949153,0.1428571429,0.1752577320,0,0,0,0,0,1,NULL,standard_terms,usable_n_lt_30
e82de6494d91d3c4c54450f59b227a94,SP,ibitinga,1,1,0,1.0000000000,100.0,1 / 1,1,1.0000000000,100.0,21.0000,21.0000,1,1,1.0000000000,0,0,NULL,1,1,1.0000000000,0,0.0000000000,38.00,53.10,0,0,below_floor,393,0.0780768749,0.07638571932468,0.0356083086,0.0666666667,0.1016949153,0.1428571429,0.1752577320,0,0,0,0,0,1,NULL,standard_terms,usable_n_lt_30
ebe3dabc4955c9b0d695e7bda38bf5c3,SP,ribeirao preto,1,1,0,1.0000000000,100.0,1 / 1,1,1.0000000000,100.0,4.0000,4.0000,1,1,1.0000000000,0,0,NULL,1,1,1.0000000000,0,0.0000000000,55.00,66.89,0,0,below_floor,393,0.0780768749,0.07638571932468,0.0356083086,0.0666666667,0.1016949153,0.1428571429,0.1752577320,0,0,0,0,0,1,NULL,standard_terms,usable_n_lt_30
edf3fabebcc20f7463cc9c53da932ea8,SP,sao paulo,1,1,0,1.0000000000,100.0,1 / 1,1,1.0000000000,100.0,4.0000,4.0000,0,0,NULL,1,1,1.0000000000,1,1,1.0000000000,0,0.0000000000,219.90,244.02,0,0,below_floor,393,0.0780768749,0.07638571932468,0.0356083086,0.0666666667,0.1016949153,0.1428571429,0.1752577320,0,0,0,0,0,1,NULL,standard_terms,usable_n_lt_30
f524ad65d7e0f1daab730ef2d2e86196,RS,soledade,1,1,0,1.0000000000,100.0,1 / 1,1,1.0000000000,100.0,3.0000,3.0000,1,1,1.0000000000,0,0,NULL,1,1,1.0000000000,0,0.0000000000,578.00,609.50,0,0,below_floor,393,0.0780768749,0.07638571932468,0.0356083086,0.0666666667,0.1016949153,0.1428571429,0.1752577320,0,0,0,0,0,1,NULL,standard_terms,usable_n_lt_30
f682e0f848abafc6f41e0d4e868c66ef,SP,mairipora,1,1,0,1.0000000000,100.0,1 / 1,1,1.0000000000,100.0,5.0000,5.0000,0,0,NULL,1,1,1.0000000000,1,1,1.0000000000,0,0.0000000000,99.99,115.57,0,0,below_floor,393,0.0780768749,0.07638571932468,0.0356083086,0.0666666667,0.1016949153,0.1428571429,0.1752577320,0,0,0,0,0,1,NULL,standard_terms,usable_n_lt_30
fce62094ffe6a4009188ec44e681dfdd,SP,sao paulo,1,1,0,1.0000000000,100.0,1 / 1,1,1.0000000000,100.0,15.0000,15.0000,1,1,1.0000000000,0,0,NULL,1,1,1.0000000000,0,0.0000000000,1995.00,2276.10,0,0,below_floor,393,0.0780768749,0.07638571932468,0.0356083086,0.0666666667,0.1016949153,0.1428571429,0.1752577320,0,0,0,0,0,1,NULL,standard_terms,usable_n_lt_30
c990d6cf976a5718aaedc539f383ab88,SP,paulinia,4,3,1,0.7500000000,75.0,3 / 4,3,0.7500000000,75.0,9.0000,15.0000,4,3,0.7500000000,0,0,NULL,4,3,0.7500000000,0,0.0000000000,103.50,181.41,0,0,below_floor,393,0.0780768749,0.07638571932468,0.0356083086,0.0666666667,0.1016949153,0.1428571429,0.1752577320,0,0,0,0,0,1,NULL,standard_terms,usable_n_lt_30
5acd070dd3fe441bbb2ec1f1ede515ee,SP,jundiai,3,2,1,0.6666666667,66.7,2 / 3,2,0.6666666667,66.7,14.0000,29.5000,3,2,0.6666666667,0,0,NULL,3,2,0.6666666667,0,0.0000000000,650.49,721.15,0,0,below_floor,393,0.0780768749,0.07638571932468,0.0356083086,0.0666666667,0.1016949153,0.1428571429,0.1752577320,0,0,0,0,0,1,NULL,standard_terms,usable_n_lt_30
5b581417df4480f632484ba681e53944,SC,florianopolis,3,2,1,0.6666666667,66.7,2 / 3,2,0.6666666667,66.7,1.0000,9.0000,3,2,0.6666666667,0,0,NULL,3,2,0.6666666667,0,0.0000000000,566.90,677.83,0,0,below_floor,393,0.0780768749,0.07638571932468,0.0356083086,0.0666666667,0.1016949153,0.1428571429,0.1752577320,0,0,0,0,0,1,NULL,standard_terms,usable_n_lt_30
bcc9dd23e2a8bd8267cf92b19304a1b9,SP,ibitinga,3,2,1,0.6666666667,66.7,2 / 3,2,0.6666666667,66.7,7.0000,7.5000,3,2,0.6666666667,0,0,NULL,3,2,0.6666666667,0,0.0000000000,202.79,246.22,0,0,below_floor,393,0.0780768749,0.07638571932468,0.0356083086,0.0666666667,0.1016949153,0.1428571429,0.1752577320,0,0,0,0,0,1,NULL,standard_terms,usable_n_lt_30
fcf16b7a8697e559f0123190bb30177d,SP,sao paulo,3,2,1,0.6666666667,66.7,2 / 3,2,0.6666666667,66.7,2.0000,5.0000,2,1,0.5000000000,1,1,1.0000000000,3,2,0.6666666667,0,0.0000000000,1052.80,1552.57,0,0,below_floor,393,0.0780768749,0.07638571932468,0.0356083086,0.0666666667,0.1016949153,0.1428571429,0.1752577320,0,0,0,0,0,1,NULL,standard_terms,usable_n_lt_30
a49928bcdf77c55c6d6e05e09a9b4ca5,SP,sao paulo,15,9,6,0.6000000000,60.0,9 / 15,10,0.6666666667,66.7,6.0000,12.0000,11,7,0.6363636364,4,2,0.5000000000,15,9,0.6000000000,0,0.0000000000,1366.50,1618.41,0,0,below_floor,393,0.0780768749,0.07638571932468,0.0356083086,0.0666666667,0.1016949153,0.1428571429,0.1752577320,0,0,0,0,0,1,NULL,standard_terms,usable_n_lt_30
1dfe5347016252a7884b694d4f10f5c4,SP,ibitinga,5,3,2,0.6000000000,60.0,3 / 5,3,0.6000000000,60.0,1.0000,8.0000,5,3,0.6000000000,0,0,NULL,5,3,0.6000000000,0,0.0000000000,487.10,623.40,0,0,below_floor,393,0.0780768749,0.07638571932468,0.0356083086,0.0666666667,0.1016949153,0.1428571429,0.1752577320,0,0,0,0,0,1,NULL,standard_terms,usable_n_lt_30
427165bf50f8ca07efc7bdc2bfcf1688,SP,americana,5,3,2,0.6000000000,60.0,3 / 5,3,0.6000000000,60.0,16.0000,24.0000,5,3,0.6000000000,0,0,NULL,5,3,0.6000000000,0,0.0000000000,1603.50,1692.90,0,0,below_floor,393,0.0780768749,0.07638571932468,0.0356083086,0.0666666667,0.1016949153,0.1428571429,0.1752577320,0,0,0,0,0,1,NULL,standard_terms,usable_n_lt_30
827f8f69dfa529c561901c4f2e0f332f,PR,curitiba,5,3,2,0.6000000000,60.0,3 / 5,3,0.6000000000,60.0,14.0000,16.0000,5,3,0.6000000000,0,0,NULL,5,3,0.6000000000,0,0.0000000000,161.50,244.91,0,0,below_floor,393,0.0780768749,0.07638571932468,0.0356083086,0.0666666667,0.1016949153,0.1428571429,0.1752577320,0,0,0,0,0,1,NULL,standard_terms,usable_n_lt_30
973f21788dfab357250f69a8dcb7ddee,MG,claudio,5,3,2,0.6000000000,60.0,3 / 5,3,0.6000000000,60.0,3.0000,8.0000,2,0,0.0000000000,3,3,1.0000000000,4,3,0.7500000000,1,0.2000000000,411.00,725.17,0,0,below_floor,393,0.0780768749,0.07638571932468,0.0356083086,0.0666666667,0.1016949153,0.1428571429,0.1752577320,0,0,0,0,0,1,NULL,standard_terms,usable_n_lt_30
312ba1d77e9c332ef21f9598b7f64cd7,SP,guarulhos,7,4,3,0.5714285714,57.1,4 / 7,4,0.5714285714,57.1,7.0000,12.5000,5,3,0.6000000000,2,1,0.5000000000,7,4,0.5714285714,0,0.0000000000,513.00,615.41,0,0,below_floor,393,0.0780768749,0.07638571932468,0.0356083086,0.0666666667,0.1016949153,0.1428571429,0.1752577320,0,0,0,0,0,1,NULL,standard_terms,usable_n_lt_30
0d85bbda9889ce1f7e63778d24f346eb,MG,uberlandia,6,3,3,0.5000000000,50.0,3 / 6,3,0.5000000000,50.0,-5.0000,7.0000,6,3,0.5000000000,0,0,NULL,6,3,0.5000000000,0,0.0000000000,1192.90,1606.14,0,0,below_floor,393,0.0780768749,0.07638571932468,0.0356083086,0.0666666667,0.1016949153,0.1428571429,0.1752577320,0,0,0,0,0,1,NULL,standard_terms,usable_n_lt_30
cb41bfbcbda0aea354a834ab222f9a59,SP,sao paulo,6,3,3,0.5000000000,50.0,3 / 6,3,0.5000000000,50.0,3.0000,13.0000,4,3,0.7500000000,2,0,0.0000000000,6,3,0.5000000000,0,0.0000000000,1996.00,2523.54,0,0,below_floor,393,0.0780768749,0.07638571932468,0.0356083086,0.0666666667,0.1016949153,0.1428571429,0.1752577320,0,0,0,0,0,1,NULL,standard_terms,usable_n_lt_30
e64d65bc8dbec2accda90c58de5d1246,SP,rio claro,6,3,3,0.5000000000,50.0,3 / 6,4,0.6666666667,66.7,0.5000,6.0000,6,3,0.5000000000,0,0,NULL,6,3,0.5000000000,0,0.0000000000,899.40,1026.46,0,0,below_floor,393,0.0780768749,0.07638571932468,0.0356083086,0.0666666667,0.1016949153,0.1428571429,0.1752577320,0,0,0,0,0,1,NULL,standard_terms,usable_n_lt_30
054694fa03fe82cec4b7551487331d74,SP,itajobi,4,2,2,0.5000000000,50.0,2 / 4,2,0.5000000000,50.0,-8.0000,10.5000,4,2,0.5000000000,0,0,NULL,4,2,0.5000000000,0,0.0000000000,1605.10,1711.31,0,0,below_floor,393,0.0780768749,0.07638571932468,0.0356083086,0.0666666667,0.1016949153,0.1428571429,0.1752577320,0,0,0,0,0,1,NULL,standard_terms,usable_n_lt_30
08cdbae123ff67ca4e36d9d641ce0119,MG,uba,4,2,2,0.5000000000,50.0,2 / 4,2,0.5000000000,50.0,2.5000,9.0000,3,2,0.6666666667,1,0,0.0000000000,4,2,0.5000000000,0,0.0000000000,3098.99,4195.46,0,0,below_floor,393,0.0780768749,0.07638571932468,0.0356083086,0.0666666667,0.1016949153,0.1428571429,0.1752577320,0,0,0,0,0,1,NULL,standard_terms,usable_n_lt_30
835f0f7810c76831d6c7d24c7a646d4d,SP,sao paulo,4,2,2,0.5000000000,50.0,2 / 4,2,0.5000000000,50.0,0.0000,5.5000,4,2,0.5000000000,0,0,NULL,3,2,0.6666666667,1,0.2500000000,349.50,432.40,0,0,below_floor,393,0.0780768749,0.07638571932468,0.0356083086,0.0666666667,0.1016949153,0.1428571429,0.1752577320,0,0,0,0,0,1,NULL,standard_terms,usable_n_lt_30
dd4d95ba2d15c071e6c695e2ef6ce169,ES,cachoeiro de itapemirim,4,2,2,0.5000000000,50.0,2 / 4,2,0.5000000000,50.0,-3.0000,5.5000,0,0,NULL,4,2,0.5000000000,4,2,0.5000000000,0,0.0000000000,1748.00,1962.41,0,0,below_floor,393,0.0780768749,0.07638571932468,0.0356083086,0.0666666667,0.1016949153,0.1428571429,0.1752577320,0,0,0,0,0,1,NULL,standard_terms,usable_n_lt_30
02d35243ea2e497335cd0f076b45675d,RN,natal,2,1,1,0.5000000000,50.0,1 / 2,1,0.5000000000,50.0,-3.0000,7.0000,1,1,1.0000000000,1,0,0.0000000000,1,1,1.0000000000,1,0.5000000000,548.00,633.58,0,0,below_floor,393,0.0780768749,0.07638571932468,0.0356083086,0.0666666667,0.1016949153,0.1428571429,0.1752577320,0,0,0,0,0,1,NULL,standard_terms,usable_n_lt_30
038b75b729c8a9a04b0d07cba7eabe86,SP,sao jose dos campos,2,1,1,0.5000000000,50.0,1 / 2,1,0.5000000000,50.0,-1.5000,5.0000,2,1,0.5000000000,0,0,NULL,2,1,0.5000000000,0,0.0000000000,467.00,557.85,0,0,below_floor,393,0.0780768749,0.07638571932468,0.0356083086,0.0666666667,0.1016949153,0.1428571429,0.1752577320,0,0,0,0,0,1,NULL,standard_terms,usable_n_lt_30
0afccdb8a34ee5c79f7c06faf2b4d56e,MG,uberlandia,2,1,1,0.5000000000,50.0,1 / 2,1,0.5000000000,50.0,0.5000,7.0000,2,1,0.5000000000,0,0,NULL,2,1,0.5000000000,0,0.0000000000,79.80,120.09,0,0,below_floor,393,0.0780768749,0.07638571932468,0.0356083086,0.0666666667,0.1016949153,0.1428571429,0.1752577320,0,0,0,0,0,1,NULL,standard_terms,usable_n_lt_30
0d83f8e03188682112cc0d93523705cc,RS,porto alegre,2,1,1,0.5000000000,50.0,1 / 2,1,0.5000000000,50.0,-0.5000,20.0000,2,1,0.5000000000,0,0,NULL,2,1,0.5000000000,0,0.0000000000,444.50,524.80,0,0,below_floor,393,0.0780768749,0.07638571932468,0.0356083086,0.0666666667,0.1016949153,0.1428571429,0.1752577320,0,0,0,0,0,1,NULL,standard_terms,usable_n_lt_30
1d2732ef8321502ee8488e8bed1ab8cd,RJ,rio de janeiro,2,1,1,0.5000000000,50.0,1 / 2,1,0.5000000000,50.0,-3.0000,7.0000,1,1,1.0000000000,1,0,0.0000000000,2,1,0.5000000000,0,0.0000000000,321.00,374.98,0,0,below_floor,393,0.0780768749,0.07638571932468,0.0356083086,0.0666666667,0.1016949153,0.1428571429,0.1752577320,0,0,0,0,0,1,NULL,standard_terms,usable_n_lt_30
26f6b7ab07be3e9e69ce82a6552efc19,RJ,rio de janeiro,2,1,1,0.5000000000,50.0,1 / 2,1,0.5000000000,50.0,-3.0000,1.0000,0,0,NULL,2,1,0.5000000000,2,1,0.5000000000,0,0.0000000000,54.80,80.75,0,0,below_floor,393,0.0780768749,0.07638571932468,0.0356083086,0.0666666667,0.1016949153,0.1428571429,0.1752577320,0,0,0,0,0,1,NULL,standard_terms,usable_n_lt_30
324583d68897f5ddbaf38f6248322176,SP,sao jose do rio preto,2,1,1,0.5000000000,50.0,1 / 2,1,0.5000000000,50.0,-1.0000,11.0000,2,1,0.5000000000,0,0,NULL,1,1,1.0000000000,1,0.5000000000,84.00,127.99,0,0,below_floor,393,0.0780768749,0.07638571932468,0.0356083086,0.0666666667,0.1016949153,0.1428571429,0.1752577320,0,0,0,0,0,1,NULL,standard_terms,usable_n_lt_30
3dfd3dc96f7f8598eca74e9ac8a2fa31,SP,sao paulo,2,1,1,0.5000000000,50.0,1 / 2,1,0.5000000000,50.0,-12.5000,10.0000,1,1,1.0000000000,1,0,0.0000000000,1,1,1.0000000000,1,0.5000000000,100.00,130.27,0,0,below_floor,393,0.0780768749,0.07638571932468,0.0356083086,0.0666666667,0.1016949153,0.1428571429,0.1752577320,0,0,0,0,0,1,NULL,standard_terms,usable_n_lt_30
4342d4b2ba6b161468c63a7e7cfce593,RJ,rio de janeiro,2,1,1,0.5000000000,50.0,1 / 2,1,0.5000000000,50.0,-6.5000,6.0000,0,0,NULL,2,1,0.5000000000,2,1,0.5000000000,0,0.0000000000,528.90,563.44,0,0,below_floor,393,0.0780768749,0.07638571932468,0.0356083086,0.0666666667,0.1016949153,0.1428571429,0.1752577320,0,0,0,0,0,1,NULL,standard_terms,usable_n_lt_30
4e85b538b0dad58852641540686d0e14,SP,sao jose dos campos,2,1,1,0.5000000000,50.0,1 / 2,1,0.5000000000,50.0,-10.5000,1.0000,1,1,1.0000000000,1,0,0.0000000000,1,1,1.0000000000,1,0.5000000000,337.69,385.10,0,0,below_floor,393,0.0780768749,0.07638571932468,0.0356083086,0.0666666667,0.1016949153,0.1428571429,0.1752577320,0,0,0,0,0,1,NULL,standard_terms,usable_n_lt_30
5236605f4d4b0b3e4df85b850393fca0,SP,sao paulo,2,1,1,0.5000000000,50.0,1 / 2,1,0.5000000000,50.0,-1.5000,2.0000,1,1,1.0000000000,1,0,0.0000000000,2,1,0.5000000000,0,0.0000000000,79.20,118.24,0,0,below_floor,393,0.0780768749,0.07638571932468,0.0356083086,0.0666666667,0.1016949153,0.1428571429,0.1752577320,0,0,0,0,0,1,NULL,standard_terms,usable_n_lt_30
553a440137d6e0cf776aee0bb83ac9f5,SP,limeira,2,1,1,0.5000000000,50.0,1 / 2,1,0.5000000000,50.0,-6.5000,4.0000,0,0,NULL,2,1,0.5000000000,2,1,0.5000000000,0,0.0000000000,144.80,175.14,0,0,below_floor,393,0.0780768749,0.07638571932468,0.0356083086,0.0666666667,0.1016949153,0.1428571429,0.1752577320,0,0,0,0,0,1,NULL,standard_terms,usable_n_lt_30
559d56f3b8f0bc2e5a9a62fe2ce2a39f,SC,joinville,2,1,1,0.5000000000,50.0,1 / 2,1,0.5000000000,50.0,-2.0000,6.0000,0,0,NULL,2,1,0.5000000000,2,1,0.5000000000,0,0.0000000000,385.00,433.72,0,0,below_floor,393,0.0780768749,0.07638571932468,0.0356083086,0.0666666667,0.1016949153,0.1428571429,0.1752577320,0,0,0,0,0,1,NULL,standard_terms,usable_n_lt_30
578fa3a9cb6b6dceab39231ad59cdaca,CE,fortaleza,2,1,1,0.5000000000,50.0,1 / 2,1,0.5000000000,50.0,3.0000,15.0000,2,1,0.5000000000,0,0,NULL,2,1,0.5000000000,0,0.0000000000,60.00,81.81,0,0,below_floor,393,0.0780768749,0.07638571932468,0.0356083086,0.0666666667,0.1016949153,0.1428571429,0.1752577320,0,0,0,0,0,1,NULL,standard_terms,usable_n_lt_30
5b35136197710e16ac5e7b7c2bd4ea85,RJ,rio de janeiro,2,1,1,0.5000000000,50.0,1 / 2,1,0.5000000000,50.0,-1.0000,12.0000,2,1,0.5000000000,0,0,NULL,2,1,0.5000000000,0,0.0000000000,1814.80,1909.46,0,0,below_floor,393,0.0780768749,0.07638571932468,0.0356083086,0.0666666667,0.1016949153,0.1428571429,0.1752577320,0,0,0,0,0,1,NULL,standard_terms,usable_n_lt_30
5e49e3a44bdeb5aab2684258bbd4f525,SC,balenario camboriu,2,1,1,0.5000000000,50.0,1 / 2,1,0.5000000000,50.0,-6.5000,4.0000,2,1,0.5000000000,0,0,NULL,2,1,0.5000000000,0,0.0000000000,338.00,376.44,0,0,below_floor,393,0.0780768749,0.07638571932468,0.0356083086,0.0666666667,0.1016949153,0.1428571429,0.1752577320,0,0,0,0,0,1,NULL,standard_terms,usable_n_lt_30
7c4adcc13272c0e26fa23aac642adb7b,RJ,sao goncalo,2,1,1,0.5000000000,50.0,1 / 2,1,0.5000000000,50.0,-6.5000,4.0000,2,1,0.5000000000,0,0,NULL,2,1,0.5000000000,0,0.0000000000,135.00,165.63,0,0,below_floor,393,0.0780768749,0.07638571932468,0.0356083086,0.0666666667,0.1016949153,0.1428571429,0.1752577320,0,0,0,0,0,1,NULL,standard_terms,usable_n_lt_30
83b08de96980757220871b31bf6cffca,RJ,rio de janeiro,2,1,1,0.5000000000,50.0,1 / 2,1,0.5000000000,50.0,0.0000,8.0000,1,1,1.0000000000,1,0,0.0000000000,2,1,0.5000000000,0,0.0000000000,91.59,134.86,0,0,below_floor,393,0.0780768749,0.07638571932468,0.0356083086,0.0666666667,0.1016949153,0.1428571429,0.1752577320,0,0,0,0,0,1,NULL,standard_terms,usable_n_lt_30
85ecf03781da592876b7844acc1b729f,SP,sao paulo,2,1,1,0.5000000000,50.0,1 / 2,1,0.5000000000,50.0,-0.5000,4.0000,0,0,NULL,2,1,0.5000000000,2,1,0.5000000000,0,0.0000000000,251.00,294.90,0,0,below_floor,393,0.0780768749,0.07638571932468,0.0356083086,0.0666666667,0.1016949153,0.1428571429,0.1752577320,0,0,0,0,0,1,NULL,standard_terms,usable_n_lt_30
8e29d051f810eb22959ede205b462b9f,SP,mirassol,2,1,1,0.5000000000,50.0,1 / 2,1,0.5000000000,50.0,4.0000,27.0000,0,0,NULL,2,1,0.5000000000,2,1,0.5000000000,0,0.0000000000,599.80,813.28,0,0,below_floor,393,0.0780768749,0.07638571932468,0.0356083086,0.0666666667,0.1016949153,0.1428571429,0.1752577320,0,0,0,0,0,1,NULL,standard_terms,usable_n_lt_30
8e4f041ff58e7845456d3482524014b3,RS,porto alegre,2,1,1,0.5000000000,50.0,1 / 2,1,0.5000000000,50.0,-8.5000,5.0000,2,1,0.5000000000,0,0,NULL,2,1,0.5000000000,0,0.0000000000,133.80,182.39,0,0,below_floor,393,0.0780768749,0.07638571932468,0.0356083086,0.0666666667,0.1016949153,0.1428571429,0.1752577320,0,0,0,0,0,1,NULL,standard_terms,usable_n_lt_30
9b1f656ca3060f8af17a50d8a024b533,SP,santos,2,1,1,0.5000000000,50.0,1 / 2,1,0.5000000000,50.0,-6.5000,7.0000,0,0,NULL,2,1,0.5000000000,1,1,1.0000000000,1,0.5000000000,41.00,88.68,0,0,below_floor,393,0.0780768749,0.07638571932468,0.0356083086,0.0666666667,0.1016949153,0.1428571429,0.1752577320,0,0,0,0,0,1,NULL,standard_terms,usable_n_lt_30
9dd459b29a14bf89d47183cf2cd0e4c7,SP,sao paulo,2,1,1,0.5000000000,50.0,1 / 2,1,0.5000000000,50.0,-6.0000,1.0000,1,0,0.0000000000,1,1,1.0000000000,2,1,0.5000000000,0,0.0000000000,180.00,198.82,0,0,below_floor,393,0.0780768749,0.07638571932468,0.0356083086,0.0666666667,0.1016949153,0.1428571429,0.1752577320,0,0,0,0,0,1,NULL,standard_terms,usable_n_lt_30
ac6417315ae5da8f9a38ee11de6f7780,SP,aruja,2,1,1,0.5000000000,50.0,1 / 2,1,0.5000000000,50.0,-5.0000,4.0000,2,1,0.5000000000,0,0,NULL,2,1,0.5000000000,0,0.0000000000,124.00,175.26,0,0,below_floor,393,0.0780768749,0.07638571932468,0.0356083086,0.0666666667,0.1016949153,0.1428571429,0.1752577320,0,0,0,0,0,1,NULL,standard_terms,usable_n_lt_30
b56828a9f9027f3c918c04ca720d9e3c,SP,praia grande,2,1,1,0.5000000000,50.0,1 / 2,1,0.5000000000,50.0,-1.0000,9.0000,1,0,0.0000000000,1,1,1.0000000000,2,1,0.5000000000,0,0.0000000000,240.00,287.35,0,0,below_floor,393,0.0780768749,0.07638571932468,0.0356083086,0.0666666667,0.1016949153,0.1428571429,0.1752577320,0,0,0,0,0,1,NULL,standard_terms,usable_n_lt_30
bb7a14e229b1c95156719c3d9552eeee,RJ,rio de janeiro,2,1,1,0.5000000000,50.0,1 / 2,1,0.5000000000,50.0,5.5000,24.0000,2,1,0.5000000000,0,0,NULL,2,1,0.5000000000,0,0.0000000000,324.80,352.13,0,0,below_floor,393,0.0780768749,0.07638571932468,0.0356083086,0.0666666667,0.1016949153,0.1428571429,0.1752577320,0,0,0,0,0,1,NULL,standard_terms,usable_n_lt_30
c1f12f926d0ba950578b4fa41115cbb6,SP,sao paulo,2,1,1,0.5000000000,50.0,1 / 2,1,0.5000000000,50.0,15.5000,39.0000,1,1,1.0000000000,1,0,0.0000000000,2,1,0.5000000000,0,0.0000000000,479.60,556.56,0,0,below_floor,393,0.0780768749,0.07638571932468,0.0356083086,0.0666666667,0.1016949153,0.1428571429,0.1752577320,0,0,0,0,0,1,NULL,standard_terms,usable_n_lt_30
d354c38a7182125a748cb10474fe963b,RJ,aperibe,2,1,1,0.5000000000,50.0,1 / 2,1,0.5000000000,50.0,-5.0000,2.0000,2,1,0.5000000000,0,0,NULL,2,1,0.5000000000,0,0.0000000000,489.98,521.70,0,0,below_floor,393,0.0780768749,0.07638571932468,0.0356083086,0.0666666667,0.1016949153,0.1428571429,0.1752577320,0,0,0,0,0,1,NULL,standard_terms,usable_n_lt_30
e4f121bf6ef8b9a1d4d3e65dd0473fab,SP,sao jose do rio preto,2,1,1,0.5000000000,50.0,1 / 2,1,0.5000000000,50.0,-2.5000,13.0000,1,1,1.0000000000,1,0,0.0000000000,2,1,0.5000000000,0,0.0000000000,70.00,106.46,0,0,below_floor,393,0.0780768749,0.07638571932468,0.0356083086,0.0666666667,0.1016949153,0.1428571429,0.1752577320,0,0,0,0,0,1,NULL,standard_terms,usable_n_lt_30
e88165a185134e13fdfc85d4fa654db8,SP,ferraz de  vasconcelos,2,1,1,0.5000000000,50.0,1 / 2,1,0.5000000000,50.0,0.0000,8.0000,0,0,NULL,2,1,0.5000000000,2,1,0.5000000000,0,0.0000000000,108.00,149.22,0,0,below_floor,393,0.0780768749,0.07638571932468,0.0356083086,0.0666666667,0.1016949153,0.1428571429,0.1752577320,0,0,0,0,0,1,NULL,standard_terms,usable_n_lt_30
ec2e006556300a79a5a91e4876ab3a56,SP,sao paulo,2,1,1,0.5000000000,50.0,1 / 2,1,0.5000000000,50.0,1.0000,12.0000,1,0,0.0000000000,1,1,1.0000000000,2,1,0.5000000000,0,0.0000000000,77.40,125.73,0,0,below_floor,393,0.0780768749,0.07638571932468,0.0356083086,0.0666666667,0.1016949153,0.1428571429,0.1752577320,0,0,0,0,0,1,NULL,standard_terms,usable_n_lt_30
ec8463980a4e0ea9f8517aea1ed0c419,SC,florianopolis,2,1,1,0.5000000000,50.0,1 / 2,1,0.5000000000,50.0,-3.0000,2.0000,0,0,NULL,2,1,0.5000000000,2,1,0.5000000000,0,0.0000000000,239.20,357.96,0,0,below_floor,393,0.0780768749,0.07638571932468,0.0356083086,0.0666666667,0.1016949153,0.1428571429,0.1752577320,0,0,0,0,0,1,NULL,standard_terms,usable_n_lt_30
91f0eec23d4a61d7d7caeefa3f0ad1ca,SC,tubarao,7,3,4,0.4285714286,42.9,3 / 7,3,0.4285714286,42.9,-13.0000,28.0000,6,3,0.5000000000,1,0,0.0000000000,7,3,0.4285714286,0,0.0000000000,1393.90,1595.48,0,0,below_floor,393,0.0780768749,0.07638571932468,0.0356083086,0.0666666667,0.1016949153,0.1428571429,0.1752577320,0,0,0,0,0,1,NULL,standard_terms,usable_n_lt_30
26e2c91ef821e1ff8985f408788fe35b,SP,ibitinga,12,5,7,0.4166666667,41.7,5 / 12,5,0.4166666667,41.7,-8.5000,5.0000,8,5,0.6250000000,4,0,0.0000000000,12,5,0.4166666667,0,0.0000000000,1649.40,1923.87,0,0,below_floor,393,0.0780768749,0.07638571932468,0.0356083086,0.0666666667,0.1016949153,0.1428571429,0.1752577320,0,0,0,0,0,1,NULL,standard_terms,usable_n_lt_30
20b54c376b794ed028df09a3cd88e8dc,SP,sao caetano do sul,5,2,3,0.4000000000,40.0,2 / 5,2,0.4000000000,40.0,-1.0000,11.0000,2,1,0.5000000000,3,1,0.3333333333,5,2,0.4000000000,0,0.0000000000,588.35,668.65,0,0,below_floor,393,0.0780768749,0.07638571932468,0.0356083086,0.0666666667,0.1016949153,0.1428571429,0.1752577320,0,0,0,0,0,1,NULL,standard_terms,usable_n_lt_30
397c4d0c005b6f41f90098ac724e28cb,SP,santo andre,5,2,3,0.4000000000,40.0,2 / 5,2,0.4000000000,40.0,-3.0000,1.0000,2,1,0.5000000000,3,1,0.3333333333,5,2,0.4000000000,0,0.0000000000,8177.00,8622.37,0,0,below_floor,393,0.0780768749,0.07638571932468,0.0356083086,0.0666666667,0.1016949153,0.1428571429,0.1752577320,0,0,0,0,0,1,NULL,standard_terms,usable_n_lt_30
7586919161935337bf6b6d7ff5779648,RJ,rio de janeiro,5,2,3,0.4000000000,40.0,2 / 5,2,0.4000000000,40.0,-7.0000,30.5000,5,2,0.4000000000,0,0,NULL,5,2,0.4000000000,0,0.0000000000,791.20,1007.89,0,0,below_floor,393,0.0780768749,0.07638571932468,0.0356083086,0.0666666667,0.1016949153,0.1428571429,0.1752577320,0,0,0,0,0,1,NULL,standard_terms,usable_n_lt_30
71039d19d4303bf9054d69e9a9236699,SP,sao paulo,16,6,10,0.3750000000,37.5,6 / 16,6,0.3750000000,37.5,-4.5000,5.5000,12,5,0.4166666667,4,1,0.2500000000,15,6,0.4000000000,1,0.0625000000,1248.20,1578.24,0,0,below_floor,393,0.0780768749,0.07638571932468,0.0356083086,0.0666666667,0.1016949153,0.1428571429,0.1752577320,0,0,0,0,0,1,NULL,standard_terms,usable_n_lt_30
95b293867b5862941c9cd74f756a3c68,SP,sao paulo,8,3,5,0.3750000000,37.5,3 / 8,3,0.3750000000,37.5,-5.5000,21.0000,8,3,0.3750000000,0,0,NULL,8,3,0.3750000000,0,0.0000000000,539.20,622.81,0,0,below_floor,393,0.0780768749,0.07638571932468,0.0356083086,0.0666666667,0.1016949153,0.1428571429,0.1752577320,0,0,0,0,0,1,NULL,standard_terms,usable_n_lt_30
b17b679f4f5ce2e03ce6968c62648246,SP,ribeirao preto,17,6,11,0.3529411765,35.3,6 / 17,6,0.3529411765,35.3,-8.0000,7.5000,15,6,0.4000000000,2,0,0.0000000000,17,6,0.3529411765,0,0.0000000000,1325.13,1741.96,0,0,below_floor,393,0.0780768749,0.07638571932468,0.0356083086,0.0666666667,0.1016949153,0.1428571429,0.1752577320,0,0,0,0,0,1,NULL,standard_terms,usable_n_lt_30
d20b021d3efdf267a402c402a48ea64b,SP,ibitinga,27,9,18,0.3333333333,33.3,9 / 27,9,0.3333333333,33.3,-7.0000,13.0000,25,9,0.3600000000,2,0,0.0000000000,27,9,0.3333333333,0,0.0000000000,1369.09,1837.91,0,0,below_floor,393,0.0780768749,0.07638571932468,0.0356083086,0.0666666667,0.1016949153,0.1428571429,0.1752577320,0,0,0,0,0,1,NULL,standard_terms,usable_n_lt_30
821fb029fc6e495ca4f08a35d51e53a5,SP,sao paulo,24,8,16,0.3333333333,33.3,8 / 24,9,0.3750000000,37.5,-6.5000,4.5000,17,6,0.3529411765,7,2,0.2857142857,24,8,0.3333333333,0,0.0000000000,17851.62,19217.17,0,0,below_floor,393,0.0780768749,0.07638571932468,0.0356083086,0.0666666667,0.1016949153,0.1428571429,0.1752577320,0,0,0,0,0,1,NULL,standard_terms,usable_n_lt_30
822bad9bc42b51213ba522fe87b7ab5d,SC,balneario camboriu,15,5,10,0.3333333333,33.3,5 / 15,5,0.3333333333,33.3,-7.0000,6.0000,10,5,0.5000000000,5,0,0.0000000000,14,5,0.3571428571,1,0.0666666667,4173.00,4650.69,0,0,below_floor,393,0.0780768749,0.07638571932468,0.0356083086,0.0666666667,0.1016949153,0.1428571429,0.1752577320,0,0,0,0,0,1,NULL,standard_terms,usable_n_lt_30
3a1a1fec38dd360f15fc912e821e169d,SP,sao paulo,12,4,8,0.3333333333,33.3,4 / 12,4,0.3333333333,33.3,-7.5000,6.0000,11,4,0.3636363636,1,0,0.0000000000,11,4,0.3636363636,1,0.0833333333,1581.98,1907.21,0,0,below_floor,393,0.0780768749,0.07638571932468,0.0356083086,0.0666666667,0.1016949153,0.1428571429,0.1752577320,0,0,0,0,0,1,NULL,standard_terms,usable_n_lt_30
9c068d10aca38e85c50202e17b4a7e88,MS,coxim,9,3,6,0.3333333333,33.3,3 / 9,3,0.3333333333,33.3,-12.0000,5.0000,6,1,0.1666666667,3,2,0.6666666667,7,3,0.4285714286,2,0.2222222222,1284.30,1561.24,0,0,below_floor,393,0.0780768749,0.07638571932468,0.0356083086,0.0666666667,0.1016949153,0.1428571429,0.1752577320,0,0,0,0,0,1,NULL,standard_terms,usable_n_lt_30
d3dcf0604eabf0224fbd5948b5e02f69,SP,sao paulo,9,3,6,0.3333333333,33.3,3 / 9,3,0.3333333333,33.3,-11.0000,11.0000,6,3,0.5000000000,3,0,0.0000000000,9,3,0.3333333333,0,0.0000000000,2902.30,3067.41,0,0,below_floor,393,0.0780768749,0.07638571932468,0.0356083086,0.0666666667,0.1016949153,0.1428571429,0.1752577320,0,0,0,0,0,1,NULL,standard_terms,usable_n_lt_30
0873d9f8f36123f8d910f4760e788cfb,SP,barueri,6,2,4,0.3333333333,33.3,2 / 6,3,0.5000000000,50.0,-3.0000,4.0000,0,0,NULL,6,2,0.3333333333,5,2,0.4000000000,1,0.1666666667,7265.59,7426.65,0,0,below_floor,393,0.0780768749,0.07638571932468,0.0356083086,0.0666666667,0.1016949153,0.1428571429,0.1752577320,0,0,0,0,0,1,NULL,standard_terms,usable_n_lt_30
0aea4c6ae1505b3228ddf3dd7822ee5b,SP,sorocaba,6,2,4,0.3333333333,33.3,2 / 6,2,0.3333333333,33.3,-7.5000,13.0000,6,2,0.3333333333,0,0,NULL,6,2,0.3333333333,0,0.0000000000,950.94,1069.85,0,0,below_floor,393,0.0780768749,0.07638571932468,0.0356083086,0.0666666667,0.1016949153,0.1428571429,0.1752577320,0,0,0,0,0,1,NULL,standard_terms,usable_n_lt_30
13074f016982ff2bd6c58ced8682f000,RS,bento goncalves,6,2,4,0.3333333333,33.3,2 / 6,2,0.3333333333,33.3,-14.0000,12.0000,4,2,0.5000000000,2,0,0.0000000000,6,2,0.3333333333,0,0.0000000000,854.00,1176.55,0,0,below_floor,393,0.0780768749,0.07638571932468,0.0356083086,0.0666666667,0.1016949153,0.1428571429,0.1752577320,0,0,0,0,0,1,NULL,standard_terms,usable_n_lt_30
31be790e64fc99f8ff48ec2bd18a3104,SP,sao bernardo do campo,6,2,4,0.3333333333,33.3,2 / 6,2,0.3333333333,33.3,-3.5000,1.0000,0,0,NULL,6,2,0.3333333333,6,2,0.3333333333,0,0.0000000000,241.40,313.68,0,0,below_floor,393,0.0780768749,0.07638571932468,0.0356083086,0.0666666667,0.1016949153,0.1428571429,0.1752577320,0,0,0,0,0,1,NULL,standard_terms,usable_n_lt_30
714b9a1332840f257b49f476bea4e341,SP,monte alto,6,2,4,0.3333333333,33.3,2 / 6,2,0.3333333333,33.3,-6.5000,32.0000,6,2,0.3333333333,0,0,NULL,6,2,0.3333333333,0,0.0000000000,1499.94,1658.09,0,0,below_floor,393,0.0780768749,0.07638571932468,0.0356083086,0.0666666667,0.1016949153,0.1428571429,0.1752577320,0,0,0,0,0,1,NULL,standard_terms,usable_n_lt_30
b0b346d3a89f5eb4c2968af3f083cd43,SP,campinas,6,2,4,0.3333333333,33.3,2 / 6,3,0.5000000000,50.0,-5.5000,25.5000,4,2,0.5000000000,2,0,0.0000000000,6,2,0.3333333333,0,0.0000000000,324.00,417.37,0,0,below_floor,393,0.0780768749,0.07638571932468,0.0356083086,0.0666666667,0.1016949153,0.1428571429,0.1752577320,0,0,0,0,0,1,NULL,standard_terms,usable_n_lt_30
c522be04e020c1e7b79f3acff36513d5,SP,santana de parnaiba,6,2,4,0.3333333333,33.3,2 / 6,2,0.3333333333,33.3,-6.0000,1.5000,1,0,0.0000000000,5,2,0.4000000000,6,2,0.3333333333,0,0.0000000000,649.94,740.42,0,0,below_floor,393,0.0780768749,0.07638571932468,0.0356083086,0.0666666667,0.1016949153,0.1428571429,0.1752577320,0,0,0,0,0,1,NULL,standard_terms,usable_n_lt_30
edf96ef93ed595084bbcbd9224bd2894,SP,sao paulo,6,2,4,0.3333333333,33.3,2 / 6,2,0.3333333333,33.3,-7.0000,4.0000,4,2,0.5000000000,2,0,0.0000000000,6,2,0.3333333333,0,0.0000000000,961.00,1104.13,0,0,below_floor,393,0.0780768749,0.07638571932468,0.0356083086,0.0666666667,0.1016949153,0.1428571429,0.1752577320,0,0,0,0,0,1,NULL,standard_terms,usable_n_lt_30
042573af89b6d931f672efaf789d8358,SP,sorocaba,3,1,2,0.3333333333,33.3,1 / 3,1,0.3333333333,33.3,-9.0000,26.0000,3,1,0.3333333333,0,0,NULL,3,1,0.3333333333,0,0.0000000000,413.48,478.57,0,0,below_floor,393,0.0780768749,0.07638571932468,0.0356083086,0.0666666667,0.1016949153,0.1428571429,0.1752577320,0,0,0,0,0,1,NULL,standard_terms,usable_n_lt_30
0dfbed20065e425d2eaefb101f9816c0,SP,porto ferreira,3,1,2,0.3333333333,33.3,1 / 3,1,0.3333333333,33.3,-5.0000,19.0000,0,0,NULL,3,1,0.3333333333,3,1,0.3333333333,0,0.0000000000,84.35,133.60,0,0,below_floor,393,0.0780768749,0.07638571932468,0.0356083086,0.0666666667,0.1016949153,0.1428571429,0.1752577320,0,0,0,0,0,1,NULL,standard_terms,usable_n_lt_30
167fd940acebc789debd6eb418c46e38,SP,franca,3,1,2,0.3333333333,33.3,1 / 3,1,0.3333333333,33.3,-7.0000,2.0000,2,1,0.5000000000,1,0,0.0000000000,3,1,0.3333333333,0,0.0000000000,749.70,806.07,0,0,below_floor,393,0.0780768749,0.07638571932468,0.0356083086,0.0666666667,0.1016949153,0.1428571429,0.1752577320,0,0,0,0,0,1,NULL,standard_terms,usable_n_lt_30
1987cd4be10fe09ee50454f9c354d1c6,MG,ouro fino,3,1,2,0.3333333333,33.3,1 / 3,1,0.3333333333,33.3,-13.0000,18.0000,3,1,0.3333333333,0,0,NULL,3,1,0.3333333333,0,0.0000000000,600.00,673.47,0,0,below_floor,393,0.0780768749,0.07638571932468,0.0356083086,0.0666666667,0.1016949153,0.1428571429,0.1752577320,0,0,0,0,0,1,NULL,standard_terms,usable_n_lt_30
1ca4bdb0cd7fc48e949bac066188ed26,MG,cataguases,3,1,2,0.3333333333,33.3,1 / 3,1,0.3333333333,33.3,-13.0000,1.0000,2,1,0.5000000000,1,0,0.0000000000,3,1,0.3333333333,0,0.0000000000,1140.00,1503.45,0,0,below_floor,393,0.0780768749,0.07638571932468,0.0356083086,0.0666666667,0.1016949153,0.1428571429,0.1752577320,0,0,0,0,0,1,NULL,standard_terms,usable_n_lt_30
1dd33b8119b3cb1056ed5dc88cd0aaf4,SP,sao paulo,3,1,2,0.3333333333,33.3,1 / 3,1,0.3333333333,33.3,-17.0000,1.0000,3,1,0.3333333333,0,0,NULL,3,1,0.3333333333,0,0.0000000000,597.00,665.79,0,0,below_floor,393,0.0780768749,0.07638571932468,0.0356083086,0.0666666667,0.1016949153,0.1428571429,0.1752577320,0,0,0,0,0,1,NULL,standard_terms,usable_n_lt_30
35fb511489d9ee3ee27a76debce9df06,PR,londrina,3,1,2,0.3333333333,33.3,1 / 3,1,0.3333333333,33.3,-7.0000,8.0000,3,1,0.3333333333,0,0,NULL,3,1,0.3333333333,0,0.0000000000,94.00,153.12,0,0,below_floor,393,0.0780768749,0.07638571932468,0.0356083086,0.0666666667,0.1016949153,0.1428571429,0.1752577320,0,0,0,0,0,1,NULL,standard_terms,usable_n_lt_30
3d3ccf2b2f8134b10dce9dd446f0e075,SP,ibitinga,3,1,2,0.3333333333,33.3,1 / 3,1,0.3333333333,33.3,-10.0000,13.0000,0,0,NULL,3,1,0.3333333333,3,1,0.3333333333,0,0.0000000000,608.60,750.53,0,0,below_floor,393,0.0780768749,0.07638571932468,0.0356083086,0.0666666667,0.1016949153,0.1428571429,0.1752577320,0,0,0,0,0,1,NULL,standard_terms,usable_n_lt_30
47648caee88ccfe951fbb27fbf7b4cbe,SP,diadema,3,1,2,0.3333333333,33.3,1 / 3,1,0.3333333333,33.3,-9.0000,1.0000,1,1,1.0000000000,2,0,0.0000000000,3,1,0.3333333333,0,0.0000000000,1564.99,1632.99,0,0,below_floor,393,0.0780768749,0.07638571932468,0.0356083086,0.0666666667,0.1016949153,0.1428571429,0.1752577320,0,0,0,0,0,1,NULL,standard_terms,usable_n_lt_30
52956b80ae65fda598f06f6b9943e7a9,PR,maringa,3,1,2,0.3333333333,33.3,1 / 3,1,0.3333333333,33.3,-1.0000,13.0000,0,0,NULL,3,1,0.3333333333,3,1,0.3333333333,0,0.0000000000,792.00,858.85,0,0,below_floor,393,0.0780768749,0.07638571932468,0.0356083086,0.0666666667,0.1016949153,0.1428571429,0.1752577320,0,0,0,0,0,1,NULL,standard_terms,usable_n_lt_30
60da8bfa7eebe230b7d66ac4082d79b3,SP,fernando prestes,3,1,2,0.3333333333,33.3,1 / 3,1,0.3333333333,33.3,-7.0000,3.0000,0,0,NULL,3,1,0.3333333333,3,1,0.3333333333,0,0.0000000000,86.60,125.27,0,0,below_floor,393,0.0780768749,0.07638571932468,0.0356083086,0.0666666667,0.1016949153,0.1428571429,0.1752577320,0,0,0,0,0,1,NULL,standard_terms,usable_n_lt_30
79a679c36c08d606b3fd47ead9de109b,SP,sao paulo,3,1,2,0.3333333333,33.3,1 / 3,1,0.3333333333,33.3,-8.0000,4.0000,2,1,0.5000000000,1,0,0.0000000000,3,1,0.3333333333,0,0.0000000000,935.00,1072.22,0,0,below_floor,393,0.0780768749,0.07638571932468,0.0356083086,0.0666666667,0.1016949153,0.1428571429,0.1752577320,0,0,0,0,0,1,NULL,standard_terms,usable_n_lt_30
87b740daf17b5d1be335a64164ec6842,SP,suzano,3,1,2,0.3333333333,33.3,1 / 3,1,0.3333333333,33.3,-2.0000,5.0000,3,1,0.3333333333,0,0,NULL,3,1,0.3333333333,0,0.0000000000,3299.97,3807.92,0,0,below_floor,393,0.0780768749,0.07638571932468,0.0356083086,0.0666666667,0.1016949153,0.1428571429,0.1752577320,0,0,0,0,0,1,NULL,standard_terms,usable_n_lt_30
88ae906ea2acf6971f26c3e8b7cb4357,SP,sao paulo,3,1,2,0.3333333333,33.3,1 / 3,1,0.3333333333,33.3,-4.0000,2.0000,1,1,1.0000000000,2,0,0.0000000000,2,1,0.5000000000,1,0.3333333333,246.00,288.01,0,0,below_floor,393,0.0780768749,0.07638571932468,0.0356083086,0.0666666667,0.1016949153,0.1428571429,0.1752577320,0,0,0,0,0,1,NULL,standard_terms,usable_n_lt_30
8fbe2ee446b97e128471be4ce983dc0d,SP,sorocaba,3,1,2,0.3333333333,33.3,1 / 3,1,0.3333333333,33.3,-7.0000,7.0000,0,0,NULL,3,1,0.3333333333,3,1,0.3333333333,0,0.0000000000,148.50,188.50,0,0,below_floor,393,0.0780768749,0.07638571932468,0.0356083086,0.0666666667,0.1016949153,0.1428571429,0.1752577320,0,0,0,0,0,1,NULL,standard_terms,usable_n_lt_30
8fec2e460530482132c436cfb5439925,SP,laranjal paulista,3,1,2,0.3333333333,33.3,1 / 3,1,0.3333333333,33.3,-19.0000,22.0000,3,1,0.3333333333,0,0,NULL,3,1,0.3333333333,0,0.0000000000,468.46,548.61,0,0,below_floor,393,0.0780768749,0.07638571932468,0.0356083086,0.0666666667,0.1016949153,0.1428571429,0.1752577320,0,0,0,0,0,1,NULL,standard_terms,usable_n_lt_30
9bcdfa7b615b3abb9461d9e3ad9886ae,SC,blumenau,3,1,2,0.3333333333,33.3,1 / 3,1,0.3333333333,33.3,-9.0000,7.0000,3,1,0.3333333333,0,0,NULL,3,1,0.3333333333,0,0.0000000000,793.80,964.86,0,0,below_floor,393,0.0780768749,0.07638571932468,0.0356083086,0.0666666667,0.1016949153,0.1428571429,0.1752577320,0,0,0,0,0,1,NULL,standard_terms,usable_n_lt_30
9dd59e43f0c9f0553244e8f9c2fb247e,PR,foz do iguacu,3,1,2,0.3333333333,33.3,1 / 3,1,0.3333333333,33.3,-12.0000,2.0000,3,1,0.3333333333,0,0,NULL,3,1,0.3333333333,0,0.0000000000,98.50,147.18,0,0,below_floor,393,0.0780768749,0.07638571932468,0.0356083086,0.0666666667,0.1016949153,0.1428571429,0.1752577320,0,0,0,0,0,1,NULL,standard_terms,usable_n_lt_30
aa762680c40618316a896838866140ea,PR,curitiba,3,1,2,0.3333333333,33.3,1 / 3,1,0.3333333333,33.3,-8.0000,11.0000,2,1,0.5000000000,1,0,0.0000000000,3,1,0.3333333333,0,0.0000000000,261.00,323.46,0,0,below_floor,393,0.0780768749,0.07638571932468,0.0356083086,0.0666666667,0.1016949153,0.1428571429,0.1752577320,0,0,0,0,0,1,NULL,standard_terms,usable_n_lt_30
ab91571efab27993ff2f6b36e38055c3,SP,sao paulo,3,1,2,0.3333333333,33.3,1 / 3,1,0.3333333333,33.3,-5.0000,1.0000,1,1,1.0000000000,2,0,0.0000000000,3,1,0.3333333333,0,0.0000000000,102.24,158.93,0,0,below_floor,393,0.0780768749,0.07638571932468,0.0356083086,0.0666666667,0.1016949153,0.1428571429,0.1752577320,0,0,0,0,0,1,NULL,standard_terms,usable_n_lt_30
b43d8b707f887a30f4675391098354a0,SP,ipira,3,1,2,0.3333333333,33.3,1 / 3,1,0.3333333333,33.3,-21.0000,32.0000,1,0,0.0000000000,2,1,0.5000000000,2,1,0.5000000000,1,0.3333333333,1342.00,1526.76,0,0,below_floor,393,0.0780768749,0.07638571932468,0.0356083086,0.0666666667,0.1016949153,0.1428571429,0.1752577320,0,0,0,0,0,1,NULL,standard_terms,usable_n_lt_30
e5f9e61ceb5f523cc966e0f34095032f,SC,brusque,3,1,2,0.3333333333,33.3,1 / 3,1,0.3333333333,33.3,-3.0000,1.0000,3,1,0.3333333333,0,0,NULL,3,1,0.3333333333,0,0.0000000000,1568.00,1651.37,0,0,below_floor,393,0.0780768749,0.07638571932468,0.0356083086,0.0666666667,0.1016949153,0.1428571429,0.1752577320,0,0,0,0,0,1,NULL,standard_terms,usable_n_lt_30
eb3071b9f0b0ddaa2df5ea130f09f26b,SP,sao paulo,3,1,2,0.3333333333,33.3,1 / 3,1,0.3333333333,33.3,-14.0000,2.0000,2,1,0.5000000000,1,0,0.0000000000,3,1,0.3333333333,0,0.0000000000,2050.00,2261.26,0,0,below_floor,393,0.0780768749,0.07638571932468,0.0356083086,0.0666666667,0.1016949153,0.1428571429,0.1752577320,0,0,0,0,0,1,NULL,standard_terms,usable_n_lt_30
eba88037e1dca898cd02881f67ced679,SP,sao paulo,3,1,2,0.3333333333,33.3,1 / 3,1,0.3333333333,33.3,-9.0000,12.0000,3,1,0.3333333333,0,0,NULL,3,1,0.3333333333,0,0.0000000000,409.70,461.84,0,0,below_floor,393,0.0780768749,0.07638571932468,0.0356083086,0.0666666667,0.1016949153,0.1428571429,0.1752577320,0,0,0,0,0,1,NULL,standard_terms,usable_n_lt_30
f1ed6bd0a9b11b581f16c851c6a5a527,RS,porto alegre,3,1,2,0.3333333333,33.3,1 / 3,1,0.3333333333,33.3,-6.0000,6.0000,2,1,0.5000000000,1,0,0.0000000000,3,1,0.3333333333,0,0.0000000000,407.00,474.35,0,0,below_floor,393,0.0780768749,0.07638571932468,0.0356083086,0.0666666667,0.1016949153,0.1428571429,0.1752577320,0,0,0,0,0,1,NULL,standard_terms,usable_n_lt_30
02dcd3e8e25bee036e32512bcf175493,MG,contagem,13,4,9,0.3076923077,30.8,4 / 13,4,0.3076923077,30.8,-8.0000,4.0000,9,4,0.4444444444,4,0,0.0000000000,13,4,0.3076923077,0,0.0000000000,1341.90,1623.49,0,0,below_floor,393,0.0780768749,0.07638571932468,0.0356083086,0.0666666667,0.1016949153,0.1428571429,0.1752577320,0,0,0,0,0,1,NULL,standard_terms,usable_n_lt_30
e504a4e2efaa45cbff7e268a2c58c956,SP,sao pedro,10,3,7,0.3000000000,30.0,3 / 10,3,0.3000000000,30.0,-7.5000,6.0000,0,0,NULL,10,3,0.3000000000,9,3,0.3333333333,1,0.1000000000,1088.90,1329.70,0,0,below_floor,393,0.0780768749,0.07638571932468,0.0356083086,0.0666666667,0.1016949153,0.1428571429,0.1752577320,0,0,0,0,0,1,NULL,standard_terms,usable_n_lt_30
7f152321c60a266edc53af1925ef96c1,SC,criciuma,17,5,12,0.2941176471,29.4,5 / 17,5,0.2941176471,29.4,-13.0000,13.0000,11,5,0.4545454545,6,0,0.0000000000,16,5,0.3125000000,1,0.0588235294,3169.83,3594.61,0,0,below_floor,393,0.0780768749,0.07638571932468,0.0356083086,0.0666666667,0.1016949153,0.1428571429,0.1752577320,0,0,0,0,0,1,NULL,standard_terms,usable_n_lt_30
c4d51195486dc781531876a7d00453d8,SP,presidente prudente,17,5,12,0.2941176471,29.4,5 / 17,5,0.2941176471,29.4,-14.0000,10.0000,5,0,0.0000000000,12,5,0.4166666667,17,5,0.2941176471,0,0.0000000000,11468.98,12038.35,0,0,below_floor,393,0.0780768749,0.07638571932468,0.0356083086,0.0666666667,0.1016949153,0.1428571429,0.1752577320,0,0,0,0,0,1,NULL,standard_terms,usable_n_lt_30
ec8879960bd2221d5c32f8e12f7da711,SP,itatiba,17,5,12,0.2941176471,29.4,5 / 17,5,0.2941176471,29.4,-8.0000,5.0000,17,5,0.2941176471,0,0,NULL,17,5,0.2941176471,0,0.0000000000,1959.30,2390.78,0,0,below_floor,393,0.0780768749,0.07638571932468,0.0356083086,0.0666666667,0.1016949153,0.1428571429,0.1752577320,0,0,0,0,0,1,NULL,standard_terms,usable_n_lt_30
f76a3b1349b6df1ee875d1f3fa4340f0,SP,sao paulo,24,7,17,0.2916666667,29.2,7 / 24,9,0.3750000000,37.5,-5.5000,6.0000,19,7,0.3684210526,5,0,0.0000000000,23,7,0.3043478261,1,0.0416666667,4160.79,4748.98,0,0,below_floor,393,0.0780768749,0.07638571932468,0.0356083086,0.0666666667,0.1016949153,0.1428571429,0.1752577320,0,0,0,0,0,1,NULL,standard_terms,usable_n_lt_30
014c0679dd340a0e338872e7ec85666a,MG,timoteo,7,2,5,0.2857142857,28.6,2 / 7,2,0.2857142857,28.6,-7.0000,6.5000,6,2,0.3333333333,1,0,0.0000000000,7,2,0.2857142857,0,0.0000000000,4486.00,4840.90,0,0,below_floor,393,0.0780768749,0.07638571932468,0.0356083086,0.0666666667,0.1016949153,0.1428571429,0.1752577320,0,0,0,0,0,1,NULL,standard_terms,usable_n_lt_30
2a1348e9addc1af5aaa619b1a3679d6b,MG,belo horizonte,7,2,5,0.2857142857,28.6,2 / 7,2,0.2857142857,28.6,-5.0000,20.5000,5,2,0.4000000000,2,0,0.0000000000,6,2,0.3333333333,1,0.1428571429,300.70,401.47,0,0,below_floor,393,0.0780768749,0.07638571932468,0.0356083086,0.0666666667,0.1016949153,0.1428571429,0.1752577320,0,0,0,0,0,1,NULL,standard_terms,usable_n_lt_30
2bf28e311bba65237358230cabac3f15,PR,londrina,7,2,5,0.2857142857,28.6,2 / 7,2,0.2857142857,28.6,-14.0000,1.5000,1,0,0.0000000000,6,2,0.3333333333,7,2,0.2857142857,0,0.0000000000,294.00,477.88,0,0,below_floor,393,0.0780768749,0.07638571932468,0.0356083086,0.0666666667,0.1016949153,0.1428571429,0.1752577320,0,0,0,0,0,1,NULL,standard_terms,usable_n_lt_30
7daca0837f033a41a6f3428c18657533,SP,tanabi,7,2,5,0.2857142857,28.6,2 / 7,2,0.2857142857,28.6,-6.0000,5.5000,2,0,0.0000000000,5,2,0.4000000000,7,2,0.2857142857,0,0.0000000000,1228.98,1397.14,0,0,below_floor,393,0.0780768749,0.07638571932468,0.0356083086,0.0666666667,0.1016949153,0.1428571429,0.1752577320,0,0,0,0,0,1,NULL,standard_terms,usable_n_lt_30
834f3294fba9f932f56edc879193f925,SP,araraquara,7,2,5,0.2857142857,28.6,2 / 7,2,0.2857142857,28.6,-7.0000,6.0000,4,2,0.5000000000,3,0,0.0000000000,7,2,0.2857142857,0,0.0000000000,4577.50,5183.97,0,0,below_floor,393,0.0780768749,0.07638571932468,0.0356083086,0.0666666667,0.1016949153,0.1428571429,0.1752577320,0,0,0,0,0,1,NULL,standard_terms,usable_n_lt_30
d32e3909cfb714fb2a6cb092c85b9c5f,SP,jundiai,7,2,5,0.2857142857,28.6,2 / 7,3,0.4285714286,42.9,-1.0000,7.5000,7,2,0.2857142857,0,0,NULL,7,2,0.2857142857,0,0.0000000000,1611.30,1785.43,0,0,below_floor,393,0.0780768749,0.07638571932468,0.0356083086,0.0666666667,0.1016949153,0.1428571429,0.1752577320,0,0,0,0,0,1,NULL,standard_terms,usable_n_lt_30
dc317f341ab0e22f39acbd9dbf9b4a1f,RS,cachoeirinha,7,2,5,0.2857142857,28.6,2 / 7,2,0.2857142857,28.6,-17.0000,24.0000,6,2,0.3333333333,1,0,0.0000000000,7,2,0.2857142857,0,0.0000000000,1769.30,2307.12,0,0,below_floor,393,0.0780768749,0.07638571932468,0.0356083086,0.0666666667,0.1016949153,0.1428571429,0.1752577320,0,0,0,0,0,1,NULL,standard_terms,usable_n_lt_30
57c764b4a836300be881e2ff86e449f9,SP,ribeirao preto,11,3,8,0.2727272727,27.3,3 / 11,3,0.2727272727,27.3,-6.0000,6.0000,9,2,0.2222222222,2,1,0.5000000000,11,3,0.2727272727,0,0.0000000000,232.90,420.77,0,0,below_floor,393,0.0780768749,0.07638571932468,0.0356083086,0.0666666667,0.1016949153,0.1428571429,0.1752577320,0,0,0,0,0,1,NULL,standard_terms,usable_n_lt_30
e2aee0892199b1d92530e371abd825bf,PR,rolandia,11,3,8,0.2727272727,27.3,3 / 11,3,0.2727272727,27.3,-7.0000,8.0000,8,3,0.3750000000,3,0,0.0000000000,10,3,0.3000000000,1,0.0909090909,2615.82,3605.66,0,0,below_floor,393,0.0780768749,0.07638571932468,0.0356083086,0.0666666667,0.1016949153,0.1428571429,0.1752577320,0,0,0,0,0,1,NULL,standard_terms,usable_n_lt_30
cd68562d3f44870c08922d380acae552,SP,ribeirao preto,26,7,19,0.2692307692,26.9,7 / 26,7,0.2692307692,26.9,-14.0000,6.0000,26,7,0.2692307692,0,0,NULL,26,7,0.2692307692,0,0.0000000000,3584.00,4121.92,0,0,below_floor,393,0.0780768749,0.07638571932468,0.0356083086,0.0666666667,0.1016949153,0.1428571429,0.1752577320,0,0,0,0,0,1,NULL,standard_terms,usable_n_lt_30
ff69aa92bb6b1bf9b8b7a51c2ed9cf8b,SP,sao paulo,16,4,12,0.2500000000,25.0,4 / 16,5,0.3125000000,31.3,-8.5000,10.5000,13,4,0.3076923077,3,0,0.0000000000,16,4,0.2500000000,0,0.0000000000,18013.90,19659.44,0,0,below_floor,393,0.0780768749,0.07638571932468,0.0356083086,0.0666666667,0.1016949153,0.1428571429,0.1752577320,0,0,0,0,0,1,NULL,standard_terms,usable_n_lt_30
002100f778ceb8431b7a1020ff7ab48f,SP,franca,12,3,9,0.2500000000,25.0,3 / 12,3,0.2500000000,25.0,-9.5000,14.0000,12,3,0.2500000000,0,0,NULL,11,3,0.2727272727,1,0.0833333333,434.80,619.83,0,0,below_floor,393,0.0780768749,0.07638571932468,0.0356083086,0.0666666667,0.1016949153,0.1428571429,0.1752577320,0,0,0,0,0,1,NULL,standard_terms,usable_n_lt_30
2156f2671501a81034d7d07f217609d0,SP,sp,12,3,9,0.2500000000,25.0,3 / 12,3,0.2500000000,25.0,-3.5000,8.0000,9,3,0.3333333333,3,0,0.0000000000,12,3,0.2500000000,0,0.0000000000,2191.80,2461.55,0,0,below_floor,393,0.0780768749,0.07638571932468,0.0356083086,0.0666666667,0.1016949153,0.1428571429,0.1752577320,0,0,0,0,0,1,NULL,standard_terms,usable_n_lt_30
5b0cc932433fa5184b5b94bfe6bcc256,SP,ibitinga,12,3,9,0.2500000000,25.0,3 / 12,3,0.2500000000,25.0,-8.5000,5.0000,0,0,NULL,12,3,0.2500000000,12,3,0.2500000000,0,0.0000000000,1437.80,1994.09,0,0,below_floor,393,0.0780768749,0.07638571932468,0.0356083086,0.0666666667,0.1016949153,0.1428571429,0.1752577320,0,0,0,0,0,1,NULL,standard_terms,usable_n_lt_30
a066df7361163e7ddc5d7452dd17448b,SP,franca,12,3,9,0.2500000000,25.0,3 / 12,3,0.2500000000,25.0,-8.5000,4.0000,11,3,0.2727272727,1,0,0.0000000000,12,3,0.2500000000,0,0.0000000000,898.60,1125.91,0,0,below_floor,393,0.0780768749,0.07638571932468,0.0356083086,0.0666666667,0.1016949153,0.1428571429,0.1752577320,0,0,0,0,0,1,NULL,standard_terms,usable_n_lt_30
1b7e5006cb25dd23ce8686691013b121,SP,sao paulo,8,2,6,0.2500000000,25.0,2 / 8,2,0.2500000000,25.0,-6.5000,2.5000,7,1,0.1428571429,1,1,1.0000000000,8,2,0.2500000000,0,0.0000000000,2337.76,2452.89,0,0,below_floor,393,0.0780768749,0.07638571932468,0.0356083086,0.0666666667,0.1016949153,0.1428571429,0.1752577320,0,0,0,0,0,1,NULL,standard_terms,usable_n_lt_30
20cb7c2fde3e5bf10f0bbe7394e1c6a9,PR,andira-pr,8,2,6,0.2500000000,25.0,2 / 8,2,0.2500000000,25.0,-10.5000,3.5000,5,1,0.2000000000,3,1,0.3333333333,8,2,0.2500000000,0,0.0000000000,202.80,426.05,0,0,below_floor,393,0.0780768749,0.07638571932468,0.0356083086,0.0666666667,0.1016949153,0.1428571429,0.1752577320,0,0,0,0,0,1,NULL,standard_terms,usable_n_lt_30
2aa3443d7bf9d9bb11133f420d75e083,RJ,rio de janeiro,8,2,6,0.2500000000,25.0,2 / 8,2,0.2500000000,25.0,-11.0000,1.5000,6,1,0.1666666667,2,1,0.5000000000,8,2,0.2500000000,0,0.0000000000,549.20,660.28,0,0,below_floor,393,0.0780768749,0.07638571932468,0.0356083086,0.0666666667,0.1016949153,0.1428571429,0.1752577320,0,0,0,0,0,1,NULL,standard_terms,usable_n_lt_30
37be5a7c751166fbc5f8ccba4119e043,SP,sao paulo,8,2,6,0.2500000000,25.0,2 / 8,2,0.2500000000,25.0,-12.0000,20.0000,5,1,0.2000000000,3,1,0.3333333333,8,2,0.2500000000,0,0.0000000000,1635.98,1843.29,0,0,below_floor,393,0.0780768749,0.07638571932468,0.0356083086,0.0666666667,0.1016949153,0.1428571429,0.1752577320,0,0,0,0,0,1,NULL,standard_terms,usable_n_lt_30
3e8bd881d92466e63ba9e3e809cd3c50,RJ,rio de janeiro,8,2,6,0.2500000000,25.0,2 / 8,3,0.3750000000,37.5,-12.5000,3.0000,8,2,0.2500000000,0,0,NULL,8,2,0.2500000000,0,0.0000000000,1862.38,2049.81,0,0,below_floor,393,0.0780768749,0.07638571932468,0.0356083086,0.0666666667,0.1016949153,0.1428571429,0.1752577320,0,0,0,0,0,1,NULL,standard_terms,usable_n_lt_30
4091f77d8c768fc3e81c20761471761d,SP,sao paulo,8,2,6,0.2500000000,25.0,2 / 8,2,0.2500000000,25.0,-5.0000,11.5000,7,2,0.2857142857,1,0,0.0000000000,8,2,0.2500000000,0,0.0000000000,1079.00,1309.87,0,0,below_floor,393,0.0780768749,0.07638571932468,0.0356083086,0.0666666667,0.1016949153,0.1428571429,0.1752577320,0,0,0,0,0,1,NULL,standard_terms,usable_n_lt_30
432c37c9dfba871172ec162e20118b8c,DF,brasilia,8,2,6,0.2500000000,25.0,2 / 8,2,0.2500000000,25.0,-9.5000,5.5000,8,2,0.2500000000,0,0,NULL,8,2,0.2500000000,0,0.0000000000,863.00,1097.71,0,0,below_floor,393,0.0780768749,0.07638571932468,0.0356083086,0.0666666667,0.1016949153,0.1428571429,0.1752577320,0,0,0,0,0,1,NULL,standard_terms,usable_n_lt_30
b55638ad525e906c698fa2ce742c1742,SC,imbituba,8,2,6,0.2500000000,25.0,2 / 8,2,0.2500000000,25.0,-12.5000,6.0000,7,1,0.1428571429,1,1,1.0000000000,8,2,0.2500000000,0,0.0000000000,873.00,1098.24,0,0,below_floor,393,0.0780768749,0.07638571932468,0.0356083086,0.0666666667,0.1016949153,0.1428571429,0.1752577320,0,0,0,0,0,1,NULL,standard_terms,usable_n_lt_30
c37b2059d4f90d4feead554e5246565e,SP,sao paulo,8,2,6,0.2500000000,25.0,2 / 8,2,0.2500000000,25.0,-6.0000,9.5000,6,2,0.3333333333,2,0,0.0000000000,7,2,0.2857142857,1,0.1250000000,377.80,508.25,0,0,below_floor,393,0.0780768749,0.07638571932468,0.0356083086,0.0666666667,0.1016949153,0.1428571429,0.1752577320,0,0,0,0,0,1,NULL,standard_terms,usable_n_lt_30
f22a247b79dd22ecd91dc8e3b2a1b07c,SP,itaquaquecetuba,8,2,6,0.2500000000,25.0,2 / 8,2,0.2500000000,25.0,-6.5000,30.5000,0,0,NULL,8,2,0.2500000000,8,2,0.2500000000,0,0.0000000000,439.94,574.84,0,0,below_floor,393,0.0780768749,0.07638571932468,0.0356083086,0.0666666667,0.1016949153,0.1428571429,0.1752577320,0,0,0,0,0,1,NULL,standard_terms,usable_n_lt_30
0692610d8abe24f287e9fae90ea0bbee,SP,sao paulo,4,1,3,0.2500000000,25.0,1 / 4,1,0.2500000000,25.0,-7.5000,2.0000,0,0,NULL,4,1,0.2500000000,4,1,0.2500000000,0,0.0000000000,173.99,205.72,0,0,below_floor,393,0.0780768749,0.07638571932468,0.0356083086,0.0666666667,0.1016949153,0.1428571429,0.1752577320,0,0,0,0,0,1,NULL,standard_terms,usable_n_lt_30
1d1bbb8ac1581824986f582583fff01d,SC,indaial,4,1,3,0.2500000000,25.0,1 / 4,1,0.2500000000,25.0,-6.5000,5.0000,1,0,0.0000000000,3,1,0.3333333333,4,1,0.2500000000,0,0.0000000000,166.88,226.47,0,0,below_floor,393,0.0780768749,0.07638571932468,0.0356083086,0.0666666667,0.1016949153,0.1428571429,0.1752577320,0,0,0,0,0,1,NULL,standard_terms,usable_n_lt_30
236585a4ddb5fea9fa40233e2249ed91,RS,caxias do sul,4,1,3,0.2500000000,25.0,1 / 4,1,0.2500000000,25.0,-4.5000,5.0000,1,0,0.0000000000,3,1,0.3333333333,4,1,0.2500000000,0,0.0000000000,259.87,329.81,0,0,below_floor,393,0.0780768749,0.07638571932468,0.0356083086,0.0666666667,0.1016949153,0.1428571429,0.1752577320,0,0,0,0,0,1,NULL,standard_terms,usable_n_lt_30
32f1bb9dfa65bc7df5c0d9d95a616be4,SP,sao paulo,4,1,3,0.2500000000,25.0,1 / 4,1,0.2500000000,25.0,-7.5000,1.0000,2,0,0.0000000000,2,1,0.5000000000,4,1,0.2500000000,0,0.0000000000,246.49,294.80,0,0,below_floor,393,0.0780768749,0.07638571932468,0.0356083086,0.0666666667,0.1016949153,0.1428571429,0.1752577320,0,0,0,0,0,1,NULL,standard_terms,usable_n_lt_30
37dd29b36c458d82f74a953c40c43645,SP,limeira,4,1,3,0.2500000000,25.0,1 / 4,1,0.2500000000,25.0,-7.5000,3.0000,3,1,0.3333333333,1,0,0.0000000000,4,1,0.2500000000,0,0.0000000000,3382.28,3669.71,0,0,below_floor,393,0.0780768749,0.07638571932468,0.0356083086,0.0666666667,0.1016949153,0.1428571429,0.1752577320,0,0,0,0,0,1,NULL,standard_terms,usable_n_lt_30
4dc646b9b9e8e411ef48ba000ea3ac6f,SP,valinhos,4,1,3,0.2500000000,25.0,1 / 4,1,0.2500000000,25.0,-7.0000,1.0000,3,1,0.3333333333,1,0,0.0000000000,4,1,0.2500000000,0,0.0000000000,289.70,353.26,0,0,below_floor,393,0.0780768749,0.07638571932468,0.0356083086,0.0666666667,0.1016949153,0.1428571429,0.1752577320,0,0,0,0,0,1,NULL,standard_terms,usable_n_lt_30
4deebb3199eeafb282ae33229144f94b,SP,sao paulo,4,1,3,0.2500000000,25.0,1 / 4,1,0.2500000000,25.0,-4.0000,3.0000,3,1,0.3333333333,1,0,0.0000000000,4,1,0.2500000000,0,0.0000000000,779.70,921.49,0,0,below_floor,393,0.0780768749,0.07638571932468,0.0356083086,0.0666666667,0.1016949153,0.1428571429,0.1752577320,0,0,0,0,0,1,NULL,standard_terms,usable_n_lt_30
5ee7fd217d08dfe5d3e2f51f96a12c9a,SP,vargem grande do sul,4,1,3,0.2500000000,25.0,1 / 4,1,0.2500000000,25.0,-6.5000,4.0000,3,1,0.3333333333,1,0,0.0000000000,4,1,0.2500000000,0,0.0000000000,556.60,685.00,0,0,below_floor,393,0.0780768749,0.07638571932468,0.0356083086,0.0666666667,0.1016949153,0.1428571429,0.1752577320,0,0,0,0,0,1,NULL,standard_terms,usable_n_lt_30
6bd503a8230299c9316fb0f726933927,GO,morrinhos,4,1,3,0.2500000000,25.0,1 / 4,1,0.2500000000,25.0,-6.0000,1.0000,0,0,NULL,4,1,0.2500000000,4,1,0.2500000000,0,0.0000000000,324.29,453.89,0,0,below_floor,393,0.0780768749,0.07638571932468,0.0356083086,0.0666666667,0.1016949153,0.1428571429,0.1752577320,0,0,0,0,0,1,NULL,standard_terms,usable_n_lt_30
72146da5774cabf2632faedcae097a76,PR,marechal candido rondon,4,1,3,0.2500000000,25.0,1 / 4,1,0.2500000000,25.0,-17.0000,76.0000,3,1,0.3333333333,1,0,0.0000000000,4,1,0.2500000000,0,0.0000000000,200.94,311.43,0,0,below_floor,393,0.0780768749,0.07638571932468,0.0356083086,0.0666666667,0.1016949153,0.1428571429,0.1752577320,0,0,0,0,0,1,NULL,standard_terms,usable_n_lt_30
74636e24f01da9268b0ed88dacd8513e,SP,sao paulo,4,1,3,0.2500000000,25.0,1 / 4,1,0.2500000000,25.0,-7.5000,6.0000,1,0,0.0000000000,3,1,0.3333333333,4,1,0.2500000000,0,0.0000000000,776.00,1048.61,0,0,below_floor,393,0.0780768749,0.07638571932468,0.0356083086,0.0666666667,0.1016949153,0.1428571429,0.1752577320,0,0,0,0,0,1,NULL,standard_terms,usable_n_lt_30
8d899e15a5925f097cca50faa49b15e3,SP,sao roque,4,1,3,0.2500000000,25.0,1 / 4,1,0.2500000000,25.0,-14.0000,5.0000,0,0,NULL,4,1,0.2500000000,4,1,0.2500000000,0,0.0000000000,645.00,795.98,0,0,below_floor,393,0.0780768749,0.07638571932468,0.0356083086,0.0666666667,0.1016949153,0.1428571429,0.1752577320,0,0,0,0,0,1,NULL,standard_terms,usable_n_lt_30
a13aaf2d2886ab9fb30fb9a920160b8f,SC,joinville,4,1,3,0.2500000000,25.0,1 / 4,1,0.2500000000,25.0,-8.0000,2.0000,0,0,NULL,4,1,0.2500000000,4,1,0.2500000000,0,0.0000000000,1011.52,1085.83,0,0,below_floor,393,0.0780768749,0.07638571932468,0.0356083086,0.0666666667,0.1016949153,0.1428571429,0.1752577320,0,0,0,0,0,1,NULL,standard_terms,usable_n_lt_30
aeb36d67f1414f234d42a29e27cf1f17,SP,santo andre,4,1,3,0.2500000000,25.0,1 / 4,1,0.2500000000,25.0,-3.0000,5.0000,0,0,NULL,4,1,0.2500000000,4,1,0.2500000000,0,0.0000000000,3263.80,3548.10,0,0,below_floor,393,0.0780768749,0.07638571932468,0.0356083086,0.0666666667,0.1016949153,0.1428571429,0.1752577320,0,0,0,0,0,1,NULL,standard_terms,usable_n_lt_30
bafc5aa11e413978be29040f51342e70,MG,belo horizonte,4,1,3,0.2500000000,25.0,1 / 4,1,0.2500000000,25.0,-19.0000,15.0000,4,1,0.2500000000,0,0,NULL,4,1,0.2500000000,0,0.0000000000,609.78,669.72,0,0,below_floor,393,0.0780768749,0.07638571932468,0.0356083086,0.0666666667,0.1016949153,0.1428571429,0.1752577320,0,0,0,0,0,1,NULL,standard_terms,usable_n_lt_30
d8d9567d0bfb0bc7eb845a205ba42657,SP,sao paulo,4,1,3,0.2500000000,25.0,1 / 4,2,0.5000000000,50.0,-3.0000,1.0000,1,0,0.0000000000,3,1,0.3333333333,3,1,0.3333333333,1,0.2500000000,74.60,134.31,0,0,below_floor,393,0.0780768749,0.07638571932468,0.0356083086,0.0666666667,0.1016949153,0.1428571429,0.1752577320,0,0,0,0,0,1,NULL,standard_terms,usable_n_lt_30
e24fc9fcd865784fb25705606fe3dfe7,SP,braganca paulista,4,1,3,0.2500000000,25.0,1 / 4,1,0.2500000000,25.0,-7.5000,7.0000,4,1,0.2500000000,0,0,NULL,4,1,0.2500000000,0,0.0000000000,699.00,765.07,0,0,below_floor,393,0.0780768749,0.07638571932468,0.0356083086,0.0666666667,0.1016949153,0.1428571429,0.1752577320,0,0,0,0,0,1,NULL,standard_terms,usable_n_lt_30
e9729944ba65dc3ce425e0c5a22ae7b2,RJ,petropolis,4,1,3,0.2500000000,25.0,1 / 4,1,0.2500000000,25.0,-28.0000,1.0000,0,0,NULL,4,1,0.2500000000,3,1,0.3333333333,1,0.2500000000,916.70,978.43,0,0,below_floor,393,0.0780768749,0.07638571932468,0.0356083086,0.0666666667,0.1016949153,0.1428571429,0.1752577320,0,0,0,0,0,1,NULL,standard_terms,usable_n_lt_30
f44bdc12aa39f5271f0b95f66cd4c289,SP,braganca paulista,4,1,3,0.2500000000,25.0,1 / 4,1,0.2500000000,25.0,-5.5000,2.0000,1,0,0.0000000000,3,1,0.3333333333,2,1,0.5000000000,2,0.5000000000,212.50,274.56,0,0,below_floor,393,0.0780768749,0.07638571932468,0.0356083086,0.0666666667,0.1016949153,0.1428571429,0.1752577320,0,0,0,0,0,1,NULL,standard_terms,usable_n_lt_30
f4db9b37944bcb8873e6b456ee190bbf,SP,itaquaquecetuba,4,1,3,0.2500000000,25.0,1 / 4,1,0.2500000000,25.0,-3.5000,5.0000,3,1,0.3333333333,1,0,0.0000000000,4,1,0.2500000000,0,0.0000000000,599.96,702.10,0,0,below_floor,393,0.0780768749,0.07638571932468,0.0356083086,0.0666666667,0.1016949153,0.1428571429,0.1752577320,0,0,0,0,0,1,NULL,standard_terms,usable_n_lt_30
f63d8f293af3a6454377546bd9dd19ff,SP,votorantim,4,1,3,0.2500000000,25.0,1 / 4,1,0.2500000000,25.0,-6.0000,15.0000,4,1,0.2500000000,0,0,NULL,4,1,0.2500000000,0,0.0000000000,453.97,588.19,0,0,below_floor,393,0.0780768749,0.07638571932468,0.0356083086,0.0666666667,0.1016949153,0.1428571429,0.1752577320,0,0,0,0,0,1,NULL,standard_terms,usable_n_lt_30
f8201cab383e484733266d1906e2fdfa,SC,palhoca,4,1,3,0.2500000000,25.0,1 / 4,1,0.2500000000,25.0,-7.0000,3.0000,1,0,0.0000000000,3,1,0.3333333333,4,1,0.2500000000,0,0.0000000000,339.60,415.95,0,0,below_floor,393,0.0780768749,0.07638571932468,0.0356083086,0.0666666667,0.1016949153,0.1428571429,0.1752577320,0,0,0,0,0,1,NULL,standard_terms,usable_n_lt_30
f9d010e39375d9c91dce3f40b73a2f84,SP,lorena,4,1,3,0.2500000000,25.0,1 / 4,1,0.2500000000,25.0,-9.0000,3.0000,2,1,0.5000000000,2,0,0.0000000000,4,1,0.2500000000,0,0.0000000000,1212.00,1350.14,0,0,below_floor,393,0.0780768749,0.07638571932468,0.0356083086,0.0666666667,0.1016949153,0.1428571429,0.1752577320,0,0,0,0,0,1,NULL,standard_terms,usable_n_lt_30
4e5725ba188db8252977a4f0227bd462,SP,ribeirao preto,21,5,16,0.2380952381,23.8,5 / 21,6,0.2857142857,28.6,-5.0000,12.0000,19,5,0.2631578947,2,0,0.0000000000,21,5,0.2380952381,0,0.0000000000,1865.09,2229.36,0,0,below_floor,393,0.0780768749,0.07638571932468,0.0356083086,0.0666666667,0.1016949153,0.1428571429,0.1752577320,0,0,0,0,0,1,NULL,standard_terms,usable_n_lt_30
165fc07beebdcb6190fba8a06db2a449,PR,maringa,17,4,13,0.2352941176,23.5,4 / 17,5,0.2941176471,29.4,-14.0000,5.0000,11,3,0.2727272727,6,1,0.1666666667,16,4,0.2500000000,1,0.0588235294,5689.30,6373.67,0,0,below_floor,393,0.0780768749,0.07638571932468,0.0356083086,0.0666666667,0.1016949153,0.1428571429,0.1752577320,0,0,0,0,0,1,NULL,standard_terms,usable_n_lt_30
5bc55dbe2f12b6af6d83ed46023e0dc8,MG,coronel fabriciano,17,4,13,0.2352941176,23.5,4 / 17,4,0.2352941176,23.5,-12.0000,10.0000,13,2,0.1538461538,4,2,0.5000000000,14,4,0.2857142857,3,0.1764705882,2992.10,3409.38,0,0,below_floor,393,0.0780768749,0.07638571932468,0.0356083086,0.0666666667,0.1016949153,0.1428571429,0.1752577320,0,0,0,0,0,1,NULL,standard_terms,usable_n_lt_30
b19f3ca2ea475913750f25a5c37c8d8f,MG,divinopolis,17,4,13,0.2352941176,23.5,4 / 17,4,0.2352941176,23.5,-12.0000,13.0000,4,4,1.0000000000,13,0,0.0000000000,16,4,0.2500000000,1,0.0588235294,3835.36,4765.96,0,0,below_floor,393,0.0780768749,0.07638571932468,0.0356083086,0.0666666667,0.1016949153,0.1428571429,0.1752577320,0,0,0,0,0,1,NULL,standard_terms,usable_n_lt_30
0417b067eeab773d2f7061a726dc477f,SC,sao bento do sul,13,3,10,0.2307692308,23.1,3 / 13,4,0.3076923077,30.8,-8.0000,11.0000,5,2,0.4000000000,8,1,0.1250000000,13,3,0.2307692308,0,0.0000000000,1859.18,2501.75,0,0,below_floor,393,0.0780768749,0.07638571932468,0.0356083086,0.0666666667,0.1016949153,0.1428571429,0.1752577320,0,0,0,0,0,1,NULL,standard_terms,usable_n_lt_30
5f67c6082caacb26e431a7b17940cece,PR,maringa,13,3,10,0.2307692308,23.1,3 / 13,4,0.3076923077,30.8,-6.0000,22.0000,11,3,0.2727272727,2,0,0.0000000000,13,3,0.2307692308,0,0.0000000000,1662.60,1871.03,0,0,below_floor,393,0.0780768749,0.07638571932468,0.0356083086,0.0666666667,0.1016949153,0.1428571429,0.1752577320,0,0,0,0,0,1,NULL,standard_terms,usable_n_lt_30
3fd1e727ba94cfe122d165e176ce7967,SP,araraquara,27,6,21,0.2222222222,22.2,6 / 27,6,0.2222222222,22.2,-11.0000,6.5000,27,6,0.2222222222,0,0,NULL,26,6,0.2307692308,1,0.0370370370,2323.20,2758.04,0,0,below_floor,393,0.0780768749,0.07638571932468,0.0356083086,0.0666666667,0.1016949153,0.1428571429,0.1752577320,0,0,0,0,0,1,NULL,standard_terms,usable_n_lt_30
2379bdc3888025689a9deb7b141507d5,SP,mogi mirim,9,2,7,0.2222222222,22.2,2 / 9,3,0.3333333333,33.3,-9.0000,24.5000,6,2,0.3333333333,3,0,0.0000000000,9,2,0.2222222222,0,0.0000000000,999.50,1125.61,0,0,below_floor,393,0.0780768749,0.07638571932468,0.0356083086,0.0666666667,0.1016949153,0.1428571429,0.1752577320,0,0,0,0,0,1,NULL,standard_terms,usable_n_lt_30
2dcf93836ae3ce0d7c93e2f10876467a,SP,sao jose dos campos,9,2,7,0.2222222222,22.2,2 / 9,2,0.2222222222,22.2,-9.0000,2.5000,0,0,NULL,9,2,0.2222222222,8,2,0.2500000000,1,0.1111111111,1443.80,1622.44,0,0,below_floor,393,0.0780768749,0.07638571932468,0.0356083086,0.0666666667,0.1016949153,0.1428571429,0.1752577320,0,0,0,0,0,1,NULL,standard_terms,usable_n_lt_30
85cc55e048b6bcc90c75afe7f0e72f72,RJ,barra mansa,9,2,7,0.2222222222,22.2,2 / 9,2,0.2222222222,22.2,-15.0000,11.5000,0,0,NULL,9,2,0.2222222222,9,2,0.2222222222,0,0.0000000000,308.28,501.76,0,0,below_floor,393,0.0780768749,0.07638571932468,0.0356083086,0.0666666667,0.1016949153,0.1428571429,0.1752577320,0,0,0,0,0,1,NULL,standard_terms,usable_n_lt_30
b87a7ea0c30fad2dd6781b74a0064859,SP,sao paulo,9,2,7,0.2222222222,22.2,2 / 9,3,0.3333333333,33.3,-12.0000,14.5000,8,2,0.2500000000,1,0,0.0000000000,9,2,0.2222222222,0,0.0000000000,515.40,637.75,0,0,below_floor,393,0.0780768749,0.07638571932468,0.0356083086,0.0666666667,0.1016949153,0.1428571429,0.1752577320,0,0,0,0,0,1,NULL,standard_terms,usable_n_lt_30
be8e909810184b9b19e886129149d8e5,SP,piracicaba,9,2,7,0.2222222222,22.2,2 / 9,3,0.3333333333,33.3,-6.0000,9.5000,8,2,0.2500000000,1,0,0.0000000000,9,2,0.2222222222,0,0.0000000000,384.91,518.65,0,0,below_floor,393,0.0780768749,0.07638571932468,0.0356083086,0.0666666667,0.1016949153,0.1428571429,0.1752577320,0,0,0,0,0,1,NULL,standard_terms,usable_n_lt_30
eb4df17aed01d918c65f0f8d650900c0,SP,paulinia,9,2,7,0.2222222222,22.2,2 / 9,2,0.2222222222,22.2,-11.0000,4.0000,3,1,0.3333333333,6,1,0.1666666667,9,2,0.2222222222,0,0.0000000000,2941.87,3093.38,0,0,below_floor,393,0.0780768749,0.07638571932468,0.0356083086,0.0666666667,0.1016949153,0.1428571429,0.1752577320,0,0,0,0,0,1,NULL,standard_terms,usable_n_lt_30
6fc26fe110feebd80a433e1f012a84f9,SP,fernandopolis,14,3,11,0.2142857143,21.4,3 / 14,3,0.2142857143,21.4,-9.0000,4.0000,9,3,0.3333333333,5,0,0.0000000000,14,3,0.2142857143,0,0.0000000000,1248.98,1611.19,0,0,below_floor,393,0.0780768749,0.07638571932468,0.0356083086,0.0666666667,0.1016949153,0.1428571429,0.1752577320,0,0,0,0,0,1,NULL,standard_terms,usable_n_lt_30
7fc87cc3e89b3d1d5cabdca32f8485aa,SP,guarulhos,14,3,11,0.2142857143,21.4,3 / 14,4,0.2857142857,28.6,-7.5000,6.0000,0,0,NULL,14,3,0.2142857143,14,3,0.2142857143,0,0.0000000000,2153.90,2835.82,0,0,below_floor,393,0.0780768749,0.07638571932468,0.0356083086,0.0666666667,0.1016949153,0.1428571429,0.1752577320,0,0,0,0,0,1,NULL,standard_terms,usable_n_lt_30
099095b050cfe8eb1ddff5317587e96e,SP,sao paulo,15,3,12,0.2000000000,20.0,3 / 15,3,0.2000000000,20.0,-11.0000,13.0000,7,3,0.4285714286,8,0,0.0000000000,15,3,0.2000000000,0,0.0000000000,4173.85,4812.81,0,0,below_floor,393,0.0780768749,0.07638571932468,0.0356083086,0.0666666667,0.1016949153,0.1428571429,0.1752577320,0,0,0,0,0,1,NULL,standard_terms,usable_n_lt_30
0725b8c0f3f906e58f70cbe76b7c748c,SP,guarulhos,10,2,8,0.2000000000,20.0,2 / 10,4,0.4000000000,40.0,-4.0000,5.0000,0,0,NULL,10,2,0.2000000000,9,2,0.2222222222,1,0.1000000000,1201.23,1683.37,0,0,below_floor,393,0.0780768749,0.07638571932468,0.0356083086,0.0666666667,0.1016949153,0.1428571429,0.1752577320,0,0,0,0,0,1,NULL,standard_terms,usable_n_lt_30
4aba391bc3b88717ce08eb11e44937b2,BA,arraial d'ajuda (porto seguro),10,2,8,0.2000000000,20.0,2 / 10,2,0.2000000000,20.0,-9.0000,19.5000,6,2,0.3333333333,4,0,0.0000000000,10,2,0.2000000000,0,0.0000000000,2165.00,2515.69,0,0,below_floor,393,0.0780768749,0.07638571932468,0.0356083086,0.0666666667,0.1016949153,0.1428571429,0.1752577320,0,0,0,0,0,1,NULL,standard_terms,usable_n_lt_30
851773c885feb5e2da3b4f82bc2b17ce,SP,lencois paulista,10,2,8,0.2000000000,20.0,2 / 10,2,0.2000000000,20.0,-12.0000,8.0000,5,1,0.2000000000,5,1,0.2000000000,10,2,0.2000000000,0,0.0000000000,585.30,837.13,0,0,below_floor,393,0.0780768749,0.07638571932468,0.0356083086,0.0666666667,0.1016949153,0.1428571429,0.1752577320,0,0,0,0,0,1,NULL,standard_terms,usable_n_lt_30
039e6ad9dae79614493083e241147386,SP,sao paulo,5,1,4,0.2000000000,20.0,1 / 5,1,0.2000000000,20.0,-11.0000,11.0000,2,1,0.5000000000,3,0,0.0000000000,5,1,0.2000000000,0,0.0000000000,12925.00,13273.42,0,0,below_floor,393,0.0780768749,0.07638571932468,0.0356083086,0.0666666667,0.1016949153,0.1428571429,0.1752577320,0,0,0,0,0,1,NULL,standard_terms,usable_n_lt_30
05e107217c7266362fd44b75b2cd4cc4,SP,sao paulo - sp,5,1,4,0.2000000000,20.0,1 / 5,2,0.4000000000,40.0,-6.0000,1.0000,0,0,NULL,5,1,0.2000000000,5,1,0.2000000000,0,0.0000000000,193.38,275.39,0,0,below_floor,393,0.0780768749,0.07638571932468,0.0356083086,0.0666666667,0.1016949153,0.1428571429,0.1752577320,0,0,0,0,0,1,NULL,standard_terms,usable_n_lt_30
373ee4a3a775a733770ca3f790b8b9ac,RJ,rio de janeiro,5,1,4,0.2000000000,20.0,1 / 5,1,0.2000000000,20.0,-13.0000,14.0000,4,1,0.2500000000,1,0,0.0000000000,5,1,0.2000000000,0,0.0000000000,884.41,978.81,0,0,below_floor,393,0.0780768749,0.07638571932468,0.0356083086,0.0666666667,0.1016949153,0.1428571429,0.1752577320,0,0,0,0,0,1,NULL,standard_terms,usable_n_lt_30
3903c788ded8dc03b5ebab37a2f3e9a1,SP,carapicuiba,5,1,4,0.2000000000,20.0,1 / 5,1,0.2000000000,20.0,-6.0000,2.0000,0,0,NULL,5,1,0.2000000000,4,1,0.2500000000,1,0.2000000000,119.98,171.25,0,0,below_floor,393,0.0780768749,0.07638571932468,0.0356083086,0.0666666667,0.1016949153,0.1428571429,0.1752577320,0,0,0,0,0,1,NULL,standard_terms,usable_n_lt_30
42bde9fef835393bb8a8849cb6b7f245,DF,brasilia,5,1,4,0.2000000000,20.0,1 / 5,1,0.2000000000,20.0,-13.0000,7.0000,4,1,0.2500000000,1,0,0.0000000000,5,1,0.2000000000,0,0.0000000000,1075.00,1201.28,0,0,below_floor,393,0.0780768749,0.07638571932468,0.0356083086,0.0666666667,0.1016949153,0.1428571429,0.1752577320,0,0,0,0,0,1,NULL,standard_terms,usable_n_lt_30
45d33f715e24d15a6ccf5c17b3a23e3c,SP,sorocaba,5,1,4,0.2000000000,20.0,1 / 5,1,0.2000000000,20.0,-17.0000,2.0000,3,0,0.0000000000,2,1,0.5000000000,4,1,0.2500000000,1,0.2000000000,342.47,431.66,0,0,below_floor,393,0.0780768749,0.07638571932468,0.0356083086,0.0666666667,0.1016949153,0.1428571429,0.1752577320,0,0,0,0,0,1,NULL,standard_terms,usable_n_lt_30
56e361f411e38dcef17cdc2a3d99628b,SP,guarulhos,5,1,4,0.2000000000,20.0,1 / 5,1,0.2000000000,20.0,-5.0000,3.0000,0,0,NULL,5,1,0.2000000000,5,1,0.2000000000,0,0.0000000000,1298.00,3155.76,0,0,below_floor,393,0.0780768749,0.07638571932468,0.0356083086,0.0666666667,0.1016949153,0.1428571429,0.1752577320,0,0,0,0,0,1,NULL,standard_terms,usable_n_lt_30
71271995e85f5b8530be99ed54a91b89,RS,porto alegre,5,1,4,0.2000000000,20.0,1 / 5,1,0.2000000000,20.0,-11.0000,8.0000,3,1,0.3333333333,2,0,0.0000000000,5,1,0.2000000000,0,0.0000000000,485.00,567.26,0,0,below_floor,393,0.0780768749,0.07638571932468,0.0356083086,0.0666666667,0.1016949153,0.1428571429,0.1752577320,0,0,0,0,0,1,NULL,standard_terms,usable_n_lt_30
717b78b0950b51ed00b1471d858b0edc,SP,alambari,5,1,4,0.2000000000,20.0,1 / 5,1,0.2000000000,20.0,-9.0000,29.0000,3,1,0.3333333333,2,0,0.0000000000,5,1,0.2000000000,0,0.0000000000,138.60,219.75,0,0,below_floor,393,0.0780768749,0.07638571932468,0.0356083086,0.0666666667,0.1016949153,0.1428571429,0.1752577320,0,0,0,0,0,1,NULL,standard_terms,usable_n_lt_30
741f8c587cb4248ebc5b779a0e8e0e51,SP,santo andre,5,1,4,0.2000000000,20.0,1 / 5,1,0.2000000000,20.0,-11.0000,7.0000,0,0,NULL,5,1,0.2000000000,5,1,0.2000000000,0,0.0000000000,89.95,157.64,0,0,below_floor,393,0.0780768749,0.07638571932468,0.0356083086,0.0666666667,0.1016949153,0.1428571429,0.1752577320,0,0,0,0,0,1,NULL,standard_terms,usable_n_lt_30
7b1222c3624aa89b9558b50a2594188c,SP,sao jose do rio preto,5,1,4,0.2000000000,20.0,1 / 5,1,0.2000000000,20.0,-9.0000,1.0000,3,1,0.3333333333,2,0,0.0000000000,5,1,0.2000000000,0,0.0000000000,1774.50,1862.68,0,0,below_floor,393,0.0780768749,0.07638571932468,0.0356083086,0.0666666667,0.1016949153,0.1428571429,0.1752577320,0,0,0,0,0,1,NULL,standard_terms,usable_n_lt_30
7b8e8ec35bad4b0ef7e3963650b0a87b,SC,tubarao,5,1,4,0.2000000000,20.0,1 / 5,1,0.2000000000,20.0,-14.0000,58.0000,1,1,1.0000000000,4,0,0.0000000000,5,1,0.2000000000,0,0.0000000000,2244.28,2616.30,0,0,below_floor,393,0.0780768749,0.07638571932468,0.0356083086,0.0666666667,0.1016949153,0.1428571429,0.1752577320,0,0,0,0,0,1,NULL,standard_terms,usable_n_lt_30
86bb7c4b535e49a541baf3266b1c95b1,SP,franca,5,1,4,0.2000000000,20.0,1 / 5,1,0.2000000000,20.0,-16.0000,48.0000,5,1,0.2000000000,0,0,NULL,5,1,0.2000000000,0,0.0000000000,3043.50,3141.93,0,0,below_floor,393,0.0780768749,0.07638571932468,0.0356083086,0.0666666667,0.1016949153,0.1428571429,0.1752577320,0,0,0,0,0,1,NULL,standard_terms,usable_n_lt_30
8e34331b7eedd03be4e5d965c1956225,SP,sao paulo,5,1,4,0.2000000000,20.0,1 / 5,1,0.2000000000,20.0,-11.0000,6.0000,4,1,0.2500000000,1,0,0.0000000000,5,1,0.2000000000,0,0.0000000000,145.00,210.44,0,0,below_floor,393,0.0780768749,0.07638571932468,0.0356083086,0.0666666667,0.1016949153,0.1428571429,0.1752577320,0,0,0,0,0,1,NULL,standard_terms,usable_n_lt_30
94b9108d4b637ba65bb4f1e53cfcf8d8,SP,guarulhos,5,1,4,0.2000000000,20.0,1 / 5,1,0.2000000000,20.0,-8.0000,37.0000,1,1,1.0000000000,4,0,0.0000000000,5,1,0.2000000000,0,0.0000000000,227.26,310.83,0,0,below_floor,393,0.0780768749,0.07638571932468,0.0356083086,0.0666666667,0.1016949153,0.1428571429,0.1752577320,0,0,0,0,0,1,NULL,standard_terms,usable_n_lt_30
9cad4b68bb993ee401a3c5aaa2bc26dd,SP,birigui,5,1,4,0.2000000000,20.0,1 / 5,1,0.2000000000,20.0,-13.0000,15.0000,3,1,0.3333333333,2,0,0.0000000000,3,1,0.3333333333,2,0.4000000000,649.30,763.33,0,0,below_floor,393,0.0780768749,0.07638571932468,0.0356083086,0.0666666667,0.1016949153,0.1428571429,0.1752577320,0,0,0,0,0,1,NULL,standard_terms,usable_n_lt_30
b566ab0ef88016e00422755e305103c6,MG,extrema,5,1,4,0.2000000000,20.0,1 / 5,1,0.2000000000,20.0,-10.0000,15.0000,2,1,0.5000000000,3,0,0.0000000000,5,1,0.2000000000,0,0.0000000000,1208.00,1428.22,0,0,below_floor,393,0.0780768749,0.07638571932468,0.0356083086,0.0666666667,0.1016949153,0.1428571429,0.1752577320,0,0,0,0,0,1,NULL,standard_terms,usable_n_lt_30
b6e1504972665f739dec4facb9943775,SP,piracicaba,5,1,4,0.2000000000,20.0,1 / 5,1,0.2000000000,20.0,-9.0000,18.0000,5,1,0.2000000000,0,0,NULL,5,1,0.2000000000,0,0.0000000000,537.40,625.07,0,0,below_floor,393,0.0780768749,0.07638571932468,0.0356083086,0.0666666667,0.1016949153,0.1428571429,0.1752577320,0,0,0,0,0,1,NULL,standard_terms,usable_n_lt_30
bca9230d3bbb4efa51872bf605a2f1ad,SP,sao paulo,5,1,4,0.2000000000,20.0,1 / 5,1,0.2000000000,20.0,-5.0000,4.0000,0,0,NULL,5,1,0.2000000000,5,1,0.2000000000,0,0.0000000000,117.57,168.20,0,0,below_floor,393,0.0780768749,0.07638571932468,0.0356083086,0.0666666667,0.1016949153,0.1428571429,0.1752577320,0,0,0,0,0,1,NULL,standard_terms,usable_n_lt_30
c4fb51fb1c5b7c07bc5e67be6e7e8f6e,PR,curitiba,5,1,4,0.2000000000,20.0,1 / 5,1,0.2000000000,20.0,-18.0000,3.0000,4,1,0.2500000000,1,0,0.0000000000,5,1,0.2000000000,0,0.0000000000,673.00,872.58,0,0,below_floor,393,0.0780768749,0.07638571932468,0.0356083086,0.0666666667,0.1016949153,0.1428571429,0.1752577320,0,0,0,0,0,1,NULL,standard_terms,usable_n_lt_30
d50d79cb34e38265a8649c383dcffd48,SP,sao paulo,5,1,4,0.2000000000,20.0,1 / 5,1,0.2000000000,20.0,-13.0000,42.0000,2,1,0.5000000000,3,0,0.0000000000,5,1,0.2000000000,0,0.0000000000,2139.95,2370.81,0,0,below_floor,393,0.0780768749,0.07638571932468,0.0356083086,0.0666666667,0.1016949153,0.1428571429,0.1752577320,0,0,0,0,0,1,NULL,standard_terms,usable_n_lt_30
d79e8478eed9999493990b44955fb22e,RJ,rio de janeiro / rio de janeiro,5,1,4,0.2000000000,20.0,1 / 5,1,0.2000000000,20.0,-8.0000,1.0000,0,0,NULL,5,1,0.2000000000,5,1,0.2000000000,0,0.0000000000,721.89,802.61,0,0,below_floor,393,0.0780768749,0.07638571932468,0.0356083086,0.0666666667,0.1016949153,0.1428571429,0.1752577320,0,0,0,0,0,1,NULL,standard_terms,usable_n_lt_30
e819bcfade7b5d88a27325eb6cfd62c5,SP,guarulhos,5,1,4,0.2000000000,20.0,1 / 5,1,0.2000000000,20.0,-5.0000,2.0000,0,0,NULL,5,1,0.2000000000,4,1,0.2500000000,1,0.2000000000,202.90,338.25,0,0,below_floor,393,0.0780768749,0.07638571932468,0.0356083086,0.0666666667,0.1016949153,0.1428571429,0.1752577320,0,0,0,0,0,1,NULL,standard_terms,usable_n_lt_30
f419677537694f0462a91990df6ca44f,SP,sao bernardo do campo,5,1,4,0.2000000000,20.0,1 / 5,1,0.2000000000,20.0,-5.0000,9.0000,5,1,0.2000000000,0,0,NULL,5,1,0.2000000000,0,0.0000000000,164.60,228.24,0,0,below_floor,393,0.0780768749,0.07638571932468,0.0356083086,0.0666666667,0.1016949153,0.1428571429,0.1752577320,0,0,0,0,0,1,NULL,standard_terms,usable_n_lt_30
f783a638e9c6af4a7d0dbfde811e7a81,SP,sao paulo,5,1,4,0.2000000000,20.0,1 / 5,1,0.2000000000,20.0,-11.0000,32.0000,5,1,0.2000000000,0,0,NULL,5,1,0.2000000000,0,0.0000000000,849.80,1002.90,0,0,below_floor,393,0.0780768749,0.07638571932468,0.0356083086,0.0666666667,0.1016949153,0.1428571429,0.1752577320,0,0,0,0,0,1,NULL,standard_terms,usable_n_lt_30
ffeee66ac5d5a62fe688b9d26f83f534,SP,mirassol,5,1,4,0.2000000000,20.0,1 / 5,1,0.2000000000,20.0,-8.0000,17.0000,4,0,0.0000000000,1,1,1.0000000000,5,1,0.2000000000,0,0.0000000000,609.95,739.87,0,0,below_floor,393,0.0780768749,0.07638571932468,0.0356083086,0.0666666667,0.1016949153,0.1428571429,0.1752577320,0,0,0,0,0,1,NULL,standard_terms,usable_n_lt_30
0cbcee27c791afa0cdcb08587a2013a8,MG,tres coracoes,21,4,17,0.1904761905,19.0,4 / 21,4,0.1904761905,19.0,-13.0000,5.0000,11,2,0.1818181818,10,2,0.2000000000,21,4,0.1904761905,0,0.0000000000,2731.15,3229.63,0,0,below_floor,393,0.0780768749,0.07638571932468,0.0356083086,0.0666666667,0.1016949153,0.1428571429,0.1752577320,0,0,0,0,0,1,NULL,standard_terms,usable_n_lt_30
834f8533b2ecb6598dd004ff3de7203a,SP,sao paulo,21,4,17,0.1904761905,19.0,4 / 21,4,0.1904761905,19.0,-8.0000,11.0000,12,4,0.3333333333,9,0,0.0000000000,21,4,0.1904761905,0,0.0000000000,2306.09,2834.49,0,0,below_floor,393,0.0780768749,0.07638571932468,0.0356083086,0.0666666667,0.1016949153,0.1428571429,0.1752577320,0,0,0,0,0,1,NULL,standard_terms,usable_n_lt_30
11305281b50fff20ae8bb473f8e11876,MG,uba,16,3,13,0.1875000000,18.8,3 / 16,3,0.1875000000,18.8,-13.5000,4.0000,9,2,0.2222222222,7,1,0.1428571429,15,3,0.2000000000,1,0.0625000000,2379.82,2871.30,0,0,below_floor,393,0.0780768749,0.07638571932468,0.0356083086,0.0666666667,0.1016949153,0.1428571429,0.1752577320,0,0,0,0,0,1,NULL,standard_terms,usable_n_lt_30
50c9975695009e5e6473912e83a6d1da,MG,claudio,16,3,13,0.1875000000,18.8,3 / 16,3,0.1875000000,18.8,-6.5000,9.0000,14,3,0.2142857143,2,0,0.0000000000,16,3,0.1875000000,0,0.0000000000,1033.05,1718.69,0,0,below_floor,393,0.0780768749,0.07638571932468,0.0356083086,0.0666666667,0.1016949153,0.1428571429,0.1752577320,0,0,0,0,0,1,NULL,standard_terms,usable_n_lt_30
c8467937e403e76a8ee9f0ab13f6f5ef,MG,pocos de caldas,16,3,13,0.1875000000,18.8,3 / 16,3,0.1875000000,18.8,-10.5000,3.0000,15,2,0.1333333333,1,1,1.0000000000,16,3,0.1875000000,0,0.0000000000,955.20,1278.23,0,0,below_floor,393,0.0780768749,0.07638571932468,0.0356083086,0.0666666667,0.1016949153,0.1428571429,0.1752577320,0,0,0,0,0,1,NULL,standard_terms,usable_n_lt_30
48436dade18ac8b2bce089ec2a041202,SP,volta redonda,11,2,9,0.1818181818,18.2,2 / 11,2,0.1818181818,18.2,-11.0000,16.0000,6,2,0.3333333333,5,0,0.0000000000,11,2,0.1818181818,0,0.0000000000,975.71,1210.98,0,0,below_floor,393,0.0780768749,0.07638571932468,0.0356083086,0.0666666667,0.1016949153,0.1428571429,0.1752577320,0,0,0,0,0,1,NULL,standard_terms,usable_n_lt_30
7901646fdd36a55f564ffaf2dbccaaf7,RJ,rio de janeiro,11,2,9,0.1818181818,18.2,2 / 11,3,0.2727272727,27.3,-8.0000,4.5000,4,2,0.5000000000,7,0,0.0000000000,11,2,0.1818181818,0,0.0000000000,2957.00,3336.67,0,0,below_floor,393,0.0780768749,0.07638571932468,0.0356083086,0.0666666667,0.1016949153,0.1428571429,0.1752577320,0,0,0,0,0,1,NULL,standard_terms,usable_n_lt_30
bc07d855eac23aab5ac8a120f21d16b2,SP,mogi das cruzes,11,2,9,0.1818181818,18.2,2 / 11,2,0.1818181818,18.2,-14.0000,6.0000,5,2,0.4000000000,6,0,0.0000000000,11,2,0.1818181818,0,0.0000000000,1202.62,1407.36,0,0,below_floor,393,0.0780768749,0.07638571932468,0.0356083086,0.0666666667,0.1016949153,0.1428571429,0.1752577320,0,0,0,0,0,1,NULL,standard_terms,usable_n_lt_30
c0563dd588b775f2e37747ef6ad6c92c,SP,santo andre,11,2,9,0.1818181818,18.2,2 / 11,2,0.1818181818,18.2,-8.0000,7.0000,8,2,0.2500000000,3,0,0.0000000000,10,2,0.2000000000,1,0.0909090909,1318.90,1499.71,0,0,below_floor,393,0.0780768749,0.07638571932468,0.0356083086,0.0666666667,0.1016949153,0.1428571429,0.1752577320,0,0,0,0,0,1,NULL,standard_terms,usable_n_lt_30
cb3dd9ce66268c7a3ca7241ac70ab58c,SP,sao paulo,11,2,9,0.1818181818,18.2,2 / 11,2,0.1818181818,18.2,-14.0000,25.5000,11,2,0.1818181818,0,0,NULL,11,2,0.1818181818,0,0.0000000000,879.44,1063.54,0,0,below_floor,393,0.0780768749,0.07638571932468,0.0356083086,0.0666666667,0.1016949153,0.1428571429,0.1752577320,0,0,0,0,0,1,NULL,standard_terms,usable_n_lt_30
d17f467e4bf608a510c20d82f4ba3b6b,RS,caxias do sul,11,2,9,0.1818181818,18.2,2 / 11,2,0.1818181818,18.2,-5.0000,3.5000,0,0,NULL,11,2,0.1818181818,11,2,0.1818181818,0,0.0000000000,2963.78,3471.31,0,0,below_floor,393,0.0780768749,0.07638571932468,0.0356083086,0.0666666667,0.1016949153,0.1428571429,0.1752577320,0,0,0,0,0,1,NULL,standard_terms,usable_n_lt_30
d3674f271c91f824f82d24d92011f669,DF,brasilia,11,2,9,0.1818181818,18.2,2 / 11,2,0.1818181818,18.2,-8.0000,5.5000,2,2,1.0000000000,9,0,0.0000000000,11,2,0.1818181818,0,0.0000000000,1247.00,1496.72,0,0,below_floor,393,0.0780768749,0.07638571932468,0.0356083086,0.0666666667,0.1016949153,0.1428571429,0.1752577320,0,0,0,0,0,1,NULL,standard_terms,usable_n_lt_30
d9e7e7778b32987280a6f2cb9a39c57d,SP,sao paulo,11,2,9,0.1818181818,18.2,2 / 11,4,0.3636363636,36.4,-6.0000,5.5000,9,2,0.2222222222,2,0,0.0000000000,11,2,0.1818181818,0,0.0000000000,722.50,986.39,1,0,below_floor,393,0.0780768749,0.07638571932468,0.0356083086,0.0666666667,0.1016949153,0.1428571429,0.1752577320,0,0,0,0,0,1,NULL,standard_terms,usable_n_lt_30
a6fe7de3d16f6149ffe280349a8535a0,SP,franca,28,5,23,0.1785714286,17.9,5 / 28,6,0.2142857143,21.4,-9.5000,6.0000,20,4,0.2000000000,8,1,0.1250000000,28,5,0.1785714286,0,0.0000000000,1537.20,1953.29,0,0,below_floor,393,0.0780768749,0.07638571932468,0.0356083086,0.0666666667,0.1016949153,0.1428571429,0.1752577320,0,0,0,0,0,1,NULL,standard_terms,usable_n_lt_30
56642bcb79900e777d68e91915cb4267,SP,sao paulo,17,3,14,0.1764705882,17.6,3 / 17,3,0.1764705882,17.6,-7.0000,15.0000,13,3,0.2307692308,4,0,0.0000000000,17,3,0.1764705882,0,0.0000000000,1342.64,1649.40,0,0,below_floor,393,0.0780768749,0.07638571932468,0.0356083086,0.0666666667,0.1016949153,0.1428571429,0.1752577320,0,0,0,0,0,1,NULL,standard_terms,usable_n_lt_30
e0878efa0e0b7e5313ac0b43bc04c081,PR,curitiba,17,3,14,0.1764705882,17.6,3 / 17,4,0.2352941176,23.5,-12.0000,13.0000,17,3,0.1764705882,0,0,NULL,17,3,0.1764705882,0,0.0000000000,2867.20,3221.01,0,0,below_floor,393,0.0780768749,0.07638571932468,0.0356083086,0.0666666667,0.1016949153,0.1428571429,0.1752577320,0,0,0,0,0,1,NULL,standard_terms,usable_n_lt_30
f918546be4bec7104d117789ba758b2b,SP,sao paulo,17,3,14,0.1764705882,17.6,3 / 17,4,0.2352941176,23.5,-7.0000,10.0000,10,0,0.0000000000,7,3,0.4285714286,17,3,0.1764705882,0,0.0000000000,1318.00,1631.32,0,0,below_floor,393,0.0780768749,0.07638571932468,0.0356083086,0.0666666667,0.1016949153,0.1428571429,0.1752577320,0,0,0,0,0,1,NULL,standard_terms,usable_n_lt_30
5b8154610ebb21fb90eb587365e673df,SP,sao jose dos campos,23,4,19,0.1739130435,17.4,4 / 23,4,0.1739130435,17.4,-12.0000,12.0000,16,3,0.1875000000,7,1,0.1428571429,23,4,0.1739130435,0,0.0000000000,6509.15,7288.81,0,0,below_floor,393,0.0780768749,0.07638571932468,0.0356083086,0.0666666667,0.1016949153,0.1428571429,0.1752577320,0,0,0,0,0,1,NULL,standard_terms,usable_n_lt_30
850913d59ce317156b00f3705f1c3edb,SP,atibaia,29,5,24,0.1724137931,17.2,5 / 29,5,0.1724137931,17.2,-7.0000,6.0000,22,5,0.2272727273,7,0,0.0000000000,28,5,0.1785714286,1,0.0344827586,2183.00,2701.90,0,0,below_floor,393,0.0780768749,0.07638571932468,0.0356083086,0.0666666667,0.1016949153,0.1428571429,0.1752577320,0,0,0,0,0,1,NULL,standard_terms,usable_n_lt_30
3b872fd4747f01cc56206f2934198618,SP,ibitinga,24,4,20,0.1666666667,16.7,4 / 24,4,0.1666666667,16.7,-10.0000,4.5000,12,4,0.3333333333,12,0,0.0000000000,24,4,0.1666666667,0,0.0000000000,2626.75,3693.89,0,0,below_floor,393,0.0780768749,0.07638571932468,0.0356083086,0.0666666667,0.1016949153,0.1428571429,0.1752577320,0,0,0,0,0,1,NULL,standard_terms,usable_n_lt_30
2d50d6282f8aa2257819a77bfaa0efe0,SP,ibitinga,18,3,15,0.1666666667,16.7,3 / 18,5,0.2777777778,27.8,-9.0000,6.0000,9,2,0.2222222222,9,1,0.1111111111,17,3,0.1764705882,1,0.0555555556,1543.60,1930.32,0,0,below_floor,393,0.0780768749,0.07638571932468,0.0356083086,0.0666666667,0.1016949153,0.1428571429,0.1752577320,0,0,0,0,0,1,NULL,standard_terms,usable_n_lt_30
1f1bb1f0859883505541bdd6606193e5,SP,sao paulo,12,2,10,0.1666666667,16.7,2 / 12,2,0.1666666667,16.7,-9.5000,2.0000,6,2,0.3333333333,6,0,0.0000000000,12,2,0.1666666667,0,0.0000000000,8238.95,8479.54,0,0,below_floor,393,0.0780768749,0.07638571932468,0.0356083086,0.0666666667,0.1016949153,0.1428571429,0.1752577320,0,0,0,0,0,1,NULL,standard_terms,usable_n_lt_30
218f991754f360af9c2daa5e0b8e990c,SP,sao paulo,12,2,10,0.1666666667,16.7,2 / 12,2,0.1666666667,16.7,-8.5000,18.5000,7,2,0.2857142857,5,0,0.0000000000,12,2,0.1666666667,0,0.0000000000,3114.52,3341.31,0,0,below_floor,393,0.0780768749,0.07638571932468,0.0356083086,0.0666666667,0.1016949153,0.1428571429,0.1752577320,0,0,0,0,0,1,NULL,standard_terms,usable_n_lt_30
6f229cc508fc6915ed5c499efd93baa4,RJ,rio de janeiro,12,2,10,0.1666666667,16.7,2 / 12,2,0.1666666667,16.7,-9.0000,7.0000,1,1,1.0000000000,11,1,0.0909090909,12,2,0.1666666667,0,0.0000000000,2514.90,2833.04,0,0,below_floor,393,0.0780768749,0.07638571932468,0.0356083086,0.0666666667,0.1016949153,0.1428571429,0.1752577320,0,0,0,0,0,1,NULL,standard_terms,usable_n_lt_30
9906e7aa42a3c067b7c9a564d01c4320,PR,maringa,12,2,10,0.1666666667,16.7,2 / 12,2,0.1666666667,16.7,-14.5000,10.5000,5,1,0.2000000000,7,1,0.1428571429,11,2,0.1818181818,1,0.0833333333,2619.00,3115.60,0,0,below_floor,393,0.0780768749,0.07638571932468,0.0356083086,0.0666666667,0.1016949153,0.1428571429,0.1752577320,0,0,0,0,0,1,NULL,standard_terms,usable_n_lt_30
bd15ee794d5e640d9dd71b665b2ab15b,SP,ribeirao preto,12,2,10,0.1666666667,16.7,2 / 12,2,0.1666666667,16.7,-15.5000,11.5000,3,2,0.6666666667,9,0,0.0000000000,11,2,0.1818181818,1,0.0833333333,374.80,594.13,0,0,below_floor,393,0.0780768749,0.07638571932468,0.0356083086,0.0666666667,0.1016949153,0.1428571429,0.1752577320,0,0,0,0,0,1,NULL,standard_terms,usable_n_lt_30
04aba03279157f6d4e0fe8ccaf21963c,RJ,santo antonio de padua,6,1,5,0.1666666667,16.7,1 / 6,1,0.1666666667,16.7,-17.5000,22.0000,5,1,0.2000000000,1,0,0.0000000000,6,1,0.1666666667,0,0.0000000000,962.00,1101.69,0,0,below_floor,393,0.0780768749,0.07638571932468,0.0356083086,0.0666666667,0.1016949153,0.1428571429,0.1752577320,0,0,0,0,0,1,NULL,standard_terms,usable_n_lt_30
15ead3a5037a918ddb520dfe39a3d2b9,MG,conselheiro lafaiete,6,1,5,0.1666666667,16.7,1 / 6,1,0.1666666667,16.7,-7.5000,3.0000,6,1,0.1666666667,0,0,NULL,6,1,0.1666666667,0,0.0000000000,254.50,394.72,0,0,below_floor,393,0.0780768749,0.07638571932468,0.0356083086,0.0666666667,0.1016949153,0.1428571429,0.1752577320,0,0,0,0,0,1,NULL,standard_terms,usable_n_lt_30
2ba91c7ad80ff88b23b7db823b43c233,SP,itu,6,1,5,0.1666666667,16.7,1 / 6,2,0.3333333333,33.3,-3.5000,13.0000,2,0,0.0000000000,4,1,0.2500000000,6,1,0.1666666667,0,0.0000000000,740.40,840.33,0,0,below_floor,393,0.0780768749,0.07638571932468,0.0356083086,0.0666666667,0.1016949153,0.1428571429,0.1752577320,0,0,0,0,0,1,NULL,standard_terms,usable_n_lt_30
31ae0774c17fabd06ff707cc5bde005f,SP,americana,6,1,5,0.1666666667,16.7,1 / 6,1,0.1666666667,16.7,-13.5000,9.0000,4,1,0.2500000000,2,0,0.0000000000,6,1,0.1666666667,0,0.0000000000,2689.93,3161.71,0,0,below_floor,393,0.0780768749,0.07638571932468,0.0356083086,0.0666666667,0.1016949153,0.1428571429,0.1752577320,0,0,0,0,0,1,NULL,standard_terms,usable_n_lt_30
575df70bde3f9f2b30bf8d2e9910d725,SP,sao jose do rio preto,6,1,5,0.1666666667,16.7,1 / 6,1,0.1666666667,16.7,-18.5000,5.0000,4,1,0.2500000000,2,0,0.0000000000,5,1,0.2000000000,1,0.1666666667,1344.50,1499.82,0,0,below_floor,393,0.0780768749,0.07638571932468,0.0356083086,0.0666666667,0.1016949153,0.1428571429,0.1752577320,0,0,0,0,0,1,NULL,standard_terms,usable_n_lt_30
5eeb9c756d9780b96283e5a2ac6da334,SP,ribeirao preto,6,1,5,0.1666666667,16.7,1 / 6,1,0.1666666667,16.7,-10.0000,3.0000,2,0,0.0000000000,4,1,0.2500000000,6,1,0.1666666667,0,0.0000000000,1488.00,1634.43,0,0,below_floor,393,0.0780768749,0.07638571932468,0.0356083086,0.0666666667,0.1016949153,0.1428571429,0.1752577320,0,0,0,0,0,1,NULL,standard_terms,usable_n_lt_30
6bb0724edf0b62fb91ac404873a97241,SP,cotia,6,1,5,0.1666666667,16.7,1 / 6,2,0.3333333333,33.3,-5.5000,6.0000,6,1,0.1666666667,0,0,NULL,6,1,0.1666666667,0,0.0000000000,1104.00,1338.87,0,0,below_floor,393,0.0780768749,0.07638571932468,0.0356083086,0.0666666667,0.1016949153,0.1428571429,0.1752577320,0,0,0,0,0,1,NULL,standard_terms,usable_n_lt_30
6e864f5c4669eff3d98140a07cc50202,SP,sao paulo,6,1,5,0.1666666667,16.7,1 / 6,1,0.1666666667,16.7,-11.0000,2.0000,2,0,0.0000000000,4,1,0.2500000000,6,1,0.1666666667,0,0.0000000000,199.45,301.21,0,0,below_floor,393,0.0780768749,0.07638571932468,0.0356083086,0.0666666667,0.1016949153,0.1428571429,0.1752577320,0,0,0,0,0,1,NULL,standard_terms,usable_n_lt_30
7b0df942f46435babab05d49b744b2c4,SP,braganca paulista,6,1,5,0.1666666667,16.7,1 / 6,1,0.1666666667,16.7,-14.5000,5.0000,4,1,0.2500000000,2,0,0.0000000000,6,1,0.1666666667,0,0.0000000000,3526.53,3668.86,0,0,below_floor,393,0.0780768749,0.07638571932468,0.0356083086,0.0666666667,0.1016949153,0.1428571429,0.1752577320,0,0,0,0,0,1,NULL,standard_terms,usable_n_lt_30
80f2cf9abf6b5a0e5c612b5eea6646e6,SP,sao jose do rio preto,6,1,5,0.1666666667,16.7,1 / 6,1,0.1666666667,16.7,-11.0000,3.0000,3,0,0.0000000000,3,1,0.3333333333,5,1,0.2000000000,1,0.1666666667,654.08,879.92,0,0,below_floor,393,0.0780768749,0.07638571932468,0.0356083086,0.0666666667,0.1016949153,0.1428571429,0.1752577320,0,0,0,0,0,1,NULL,standard_terms,usable_n_lt_30
8378eb36b6b70c5734e83ad7b8cdc3b7,SC,itajai,6,1,5,0.1666666667,16.7,1 / 6,1,0.1666666667,16.7,-16.5000,14.0000,2,1,0.5000000000,4,0,0.0000000000,6,1,0.1666666667,0,0.0000000000,1524.80,1733.81,0,0,below_floor,393,0.0780768749,0.07638571932468,0.0356083086,0.0666666667,0.1016949153,0.1428571429,0.1752577320,0,0,0,0,0,1,NULL,standard_terms,usable_n_lt_30
a254c682cc01e119f83530446f1df9a9,SP,cafelandia,6,1,5,0.1666666667,16.7,1 / 6,1,0.1666666667,16.7,-12.0000,2.0000,3,1,0.3333333333,3,0,0.0000000000,6,1,0.1666666667,0,0.0000000000,569.40,809.42,0,0,below_floor,393,0.0780768749,0.07638571932468,0.0356083086,0.0666666667,0.1016949153,0.1428571429,0.1752577320,0,0,0,0,0,1,NULL,standard_terms,usable_n_lt_30
a36b125ac6d5fdbc7f50de85c9157bdc,SP,ribeirao preto,6,1,5,0.1666666667,16.7,1 / 6,1,0.1666666667,16.7,-7.5000,1.0000,5,1,0.2000000000,1,0,0.0000000000,6,1,0.1666666667,0,0.0000000000,793.84,911.13,0,0,below_floor,393,0.0780768749,0.07638571932468,0.0356083086,0.0666666667,0.1016949153,0.1428571429,0.1752577320,0,0,0,0,0,1,NULL,standard_terms,usable_n_lt_30
af7cdac9d9897cddead9c6b08976c642,SP,laranjal paulista,6,1,5,0.1666666667,16.7,1 / 6,1,0.1666666667,16.7,-6.5000,15.0000,4,1,0.2500000000,2,0,0.0000000000,6,1,0.1666666667,0,0.0000000000,543.54,694.01,0,0,below_floor,393,0.0780768749,0.07638571932468,0.0356083086,0.0666666667,0.1016949153,0.1428571429,0.1752577320,0,0,0,0,0,1,NULL,standard_terms,usable_n_lt_30
c35affa65afd250151285c5917fc1c8a,SP,sao paluo,6,1,5,0.1666666667,16.7,1 / 6,1,0.1666666667,16.7,-13.0000,45.0000,3,1,0.3333333333,3,0,0.0000000000,6,1,0.1666666667,0,0.0000000000,3479.94,3848.47,0,0,below_floor,393,0.0780768749,0.07638571932468,0.0356083086,0.0666666667,0.1016949153,0.1428571429,0.1752577320,0,0,0,0,0,1,NULL,standard_terms,usable_n_lt_30
c6a7539d424a8402232c2228d7a03c5e,SP,sao paulo,6,1,5,0.1666666667,16.7,1 / 6,1,0.1666666667,16.7,-12.0000,7.0000,3,1,0.3333333333,3,0,0.0000000000,6,1,0.1666666667,0,0.0000000000,283.50,522.33,0,0,below_floor,393,0.0780768749,0.07638571932468,0.0356083086,0.0666666667,0.1016949153,0.1428571429,0.1752577320,0,0,0,0,0,1,NULL,standard_terms,usable_n_lt_30
df560393f3a51e74553ab94004ba5c87,PR,loanda,6,1,5,0.1666666667,16.7,1 / 6,1,0.1666666667,16.7,-16.0000,10.0000,6,1,0.1666666667,0,0,NULL,6,1,0.1666666667,0,0.0000000000,988.49,1165.76,0,0,below_floor,393,0.0780768749,0.07638571932468,0.0356083086,0.0666666667,0.1016949153,0.1428571429,0.1752577320,0,0,0,0,0,1,NULL,standard_terms,usable_n_lt_30
fe26f3ecb51a15e6d8335cd92da42562,SP,sao paulo,6,1,5,0.1666666667,16.7,1 / 6,1,0.1666666667,16.7,-13.5000,1.0000,6,1,0.1666666667,0,0,NULL,6,1,0.1666666667,0,0.0000000000,2408.97,2629.51,0,0,below_floor,393,0.0780768749,0.07638571932468,0.0356083086,0.0666666667,0.1016949153,0.1428571429,0.1752577320,0,0,0,0,0,1,NULL,standard_terms,usable_n_lt_30
fe87f472055fbcf1d7e691c00b1560dc,SP,campinas,6,1,5,0.1666666667,16.7,1 / 6,1,0.1666666667,16.7,-6.0000,11.0000,0,0,NULL,6,1,0.1666666667,6,1,0.1666666667,0,0.0000000000,1085.80,1215.96,0,0,below_floor,393,0.0780768749,0.07638571932468,0.0356083086,0.0666666667,0.1016949153,0.1428571429,0.1752577320,0,0,0,0,0,1,NULL,standard_terms,usable_n_lt_30
fdb9095204a334cd8872252ffec6f2db,SP,sao paulo,19,3,16,0.1578947368,15.8,3 / 19,3,0.1578947368,15.8,-11.0000,21.0000,12,2,0.1666666667,7,1,0.1428571429,18,3,0.1666666667,1,0.0526315789,3460.00,3933.31,0,0,below_floor,393,0.0780768749,0.07638571932468,0.0356083086,0.0666666667,0.1016949153,0.1428571429,0.1752577320,0,0,0,0,0,1,NULL,standard_terms,usable_n_lt_30
048c2757535328e0d7dac690ad3c0aae,SP,franca,26,4,22,0.1538461538,15.4,4 / 26,5,0.1923076923,19.2,-13.0000,12.5000,13,4,0.3076923077,13,0,0.0000000000,26,4,0.1538461538,0,0.0000000000,4698.28,5465.47,0,0,below_floor,393,0.0780768749,0.07638571932468,0.0356083086,0.0666666667,0.1016949153,0.1428571429,0.1752577320,0,0,0,0,0,1,NULL,standard_terms,usable_n_lt_30
00720abe85ba0859807595bbf045a33b,SP,guarulhos,13,2,11,0.1538461538,15.4,2 / 13,2,0.1538461538,15.4,-7.0000,9.5000,7,1,0.1428571429,6,1,0.1666666667,12,2,0.1666666667,1,0.0769230769,1007.50,1323.48,0,0,below_floor,393,0.0780768749,0.07638571932468,0.0356083086,0.0666666667,0.1016949153,0.1428571429,0.1752577320,0,0,0,0,0,1,NULL,standard_terms,usable_n_lt_30
36890be00bbfc1cdb9a4a38a6af05a69,SP,osasco,13,2,11,0.1538461538,15.4,2 / 13,3,0.2307692308,23.1,-9.0000,4.0000,0,0,NULL,13,2,0.1538461538,13,2,0.1538461538,0,0.0000000000,1361.30,1600.88,0,0,below_floor,393,0.0780768749,0.07638571932468,0.0356083086,0.0666666667,0.1016949153,0.1428571429,0.1752577320,0,0,0,0,0,1,NULL,standard_terms,usable_n_lt_30
5b07547f10dd980738a1a27f685af669,SP,guarulhos,13,2,11,0.1538461538,15.4,2 / 13,2,0.1538461538,15.4,-4.0000,2.0000,0,0,NULL,13,2,0.1538461538,13,2,0.1538461538,0,0.0000000000,1134.60,1320.07,0,0,below_floor,393,0.0780768749,0.07638571932468,0.0356083086,0.0666666667,0.1016949153,0.1428571429,0.1752577320,0,0,0,0,0,1,NULL,standard_terms,usable_n_lt_30
655220df33262c7e0c4949a147366f94,SP,diadema,13,2,11,0.1538461538,15.4,2 / 13,2,0.1538461538,15.4,-10.0000,14.0000,12,2,0.1666666667,1,0,0.0000000000,13,2,0.1538461538,0,0.0000000000,2245.00,2926.53,0,0,below_floor,393,0.0780768749,0.07638571932468,0.0356083086,0.0666666667,0.1016949153,0.1428571429,0.1752577320,0,0,0,0,0,1,NULL,standard_terms,usable_n_lt_30
6ec1a01e866584bb679eb9b098345919,SP,santos,13,2,11,0.1538461538,15.4,2 / 13,2,0.1538461538,15.4,-8.0000,12.0000,9,2,0.2222222222,4,0,0.0000000000,13,2,0.1538461538,0,0.0000000000,2366.40,2842.20,0,0,below_floor,393,0.0780768749,0.07638571932468,0.0356083086,0.0666666667,0.1016949153,0.1428571429,0.1752577320,0,0,0,0,0,1,NULL,standard_terms,usable_n_lt_30
1a932caad4f9d804097d7f8e615baed1,SP,sao paulo,20,3,17,0.1500000000,15.0,3 / 20,4,0.2000000000,20.0,-5.0000,6.0000,0,0,NULL,20,3,0.1500000000,20,3,0.1500000000,0,0.0000000000,4661.00,5701.45,0,0,below_floor,393,0.0780768749,0.07638571932468,0.0356083086,0.0666666667,0.1016949153,0.1428571429,0.1752577320,0,0,0,0,0,1,NULL,standard_terms,usable_n_lt_30
681fce914360217db47784ae28905a96,PR,araucaria,20,3,17,0.1500000000,15.0,3 / 20,3,0.1500000000,15.0,-15.5000,5.0000,15,3,0.2000000000,5,0,0.0000000000,16,3,0.1875000000,4,0.2000000000,3281.43,3672.26,0,0,below_floor,393,0.0780768749,0.07638571932468,0.0356083086,0.0666666667,0.1016949153,0.1428571429,0.1752577320,0,0,0,0,0,1,NULL,standard_terms,usable_n_lt_30
7ecd59e5e20407131822c1a68ac59c1f,DF,brasilia,20,3,17,0.1500000000,15.0,3 / 20,4,0.2000000000,20.0,-9.0000,7.0000,8,2,0.2500000000,12,1,0.0833333333,20,3,0.1500000000,0,0.0000000000,1246.75,1764.74,0,0,below_floor,393,0.0780768749,0.07638571932468,0.0356083086,0.0666666667,0.1016949153,0.1428571429,0.1752577320,0,0,0,0,0,1,NULL,standard_terms,usable_n_lt_30
b2ac621f0d0322434d04a12b078b9369,PR,curitiba,20,3,17,0.1500000000,15.0,3 / 20,3,0.1500000000,15.0,-13.0000,6.0000,10,3,0.3000000000,10,0,0.0000000000,19,3,0.1578947368,1,0.0500000000,5932.70,6438.72,0,0,below_floor,393,0.0780768749,0.07638571932468,0.0356083086,0.0666666667,0.1016949153,0.1428571429,0.1752577320,0,0,0,0,0,1,NULL,standard_terms,usable_n_lt_30
8cbac7e12637ed9cffa18c7875207478,SC,jaragua do sul,27,4,23,0.1481481481,14.8,4 / 27,4,0.1481481481,14.8,-9.0000,4.0000,18,4,0.2222222222,9,0,0.0000000000,26,4,0.1538461538,1,0.0370370370,844.99,1488.96,0,0,below_floor,393,0.0780768749,0.07638571932468,0.0356083086,0.0666666667,0.1016949153,0.1428571429,0.1752577320,0,0,0,0,0,1,NULL,standard_terms,usable_n_lt_30
1336efc61c316ddf92c899eb817f7cae,SP,assis,28,4,24,0.1428571429,14.3,4 / 28,5,0.1785714286,17.9,-12.0000,4.5000,15,1,0.0666666667,13,3,0.2307692308,28,4,0.1428571429,0,0.0000000000,2253.84,2845.64,0,0,below_floor,393,0.0780768749,0.07638571932468,0.0356083086,0.0666666667,0.1016949153,0.1428571429,0.1752577320,0,0,0,0,0,1,NULL,standard_terms,usable_n_lt_30
28f10b1c5e5abb9d4857745bede6147c,SP,sao paulo,28,4,24,0.1428571429,14.3,4 / 28,6,0.2142857143,21.4,-6.5000,5.5000,4,0,0.0000000000,24,4,0.1666666667,28,4,0.1428571429,0,0.0000000000,835.00,1185.42,0,0,below_floor,393,0.0780768749,0.07638571932468,0.0356083086,0.0666666667,0.1016949153,0.1428571429,0.1752577320,0,0,0,0,0,1,NULL,standard_terms,usable_n_lt_30
d93919c944be9cff128f6c9cb899eacb,SP,mombuca,28,4,24,0.1428571429,14.3,4 / 28,5,0.1785714286,17.9,-10.0000,28.5000,25,4,0.1600000000,3,0,0.0000000000,28,4,0.1428571429,0,0.0000000000,2217.20,3031.55,0,0,below_floor,393,0.0780768749,0.07638571932468,0.0356083086,0.0666666667,0.1016949153,0.1428571429,0.1752577320,0,0,0,0,0,1,NULL,standard_terms,usable_n_lt_30
26d8a1c7c75d513045798992ead43aa2,PR,apucarana,21,3,18,0.1428571429,14.3,3 / 21,3,0.1428571429,14.3,-14.0000,5.0000,10,2,0.2000000000,11,1,0.0909090909,21,3,0.1428571429,0,0.0000000000,4049.26,4449.09,0,0,below_floor,393,0.0780768749,0.07638571932468,0.0356083086,0.0666666667,0.1016949153,0.1428571429,0.1752577320,0,0,0,0,0,1,NULL,standard_terms,usable_n_lt_30
5c6d4016c2a288f074fa0848a2b653d2,SP,sao paulo,21,3,18,0.1428571429,14.3,3 / 21,3,0.1428571429,14.3,-11.0000,3.0000,12,1,0.0833333333,9,2,0.2222222222,20,3,0.1500000000,1,0.0476190476,2396.20,2727.13,0,0,below_floor,393,0.0780768749,0.07638571932468,0.0356083086,0.0666666667,0.1016949153,0.1428571429,0.1752577320,0,0,0,0,0,1,NULL,standard_terms,usable_n_lt_30
d97df38225e5abadaff1e72cb72b823c,SP,sao caetano do sul,21,3,18,0.1428571429,14.3,3 / 21,4,0.1904761905,19.0,-8.0000,2.0000,14,3,0.2142857143,7,0,0.0000000000,21,3,0.1428571429,0,0.0000000000,1651.00,2032.65,0,0,below_floor,393,0.0780768749,0.07638571932468,0.0356083086,0.0666666667,0.1016949153,0.1428571429,0.1752577320,0,0,0,0,0,1,NULL,standard_terms,usable_n_lt_30
921323538c9f1c4e816f2720eac02bea,SP,sao paulo,14,2,12,0.1428571429,14.3,2 / 14,2,0.1428571429,14.3,-11.0000,5.0000,1,0,0.0000000000,13,2,0.1538461538,14,2,0.1428571429,0,0.0000000000,1377.85,1604.11,1,0,below_floor,393,0.0780768749,0.07638571932468,0.0356083086,0.0666666667,0.1016949153,0.1428571429,0.1752577320,0,0,0,0,0,1,NULL,standard_terms,usable_n_lt_30
bce6a5ecf98e99fd2a8868b15c51f04b,SP,guarulhos,14,2,12,0.1428571429,14.3,2 / 14,3,0.2142857143,21.4,-9.5000,7.5000,0,0,NULL,14,2,0.1428571429,14,2,0.1428571429,0,0.0000000000,3464.90,3706.50,0,0,below_floor,393,0.0780768749,0.07638571932468,0.0356083086,0.0666666667,0.1016949153,0.1428571429,0.1752577320,0,0,0,0,0,1,NULL,standard_terms,usable_n_lt_30
ca4b77513ac2040591b0d8fae6958380,SP,sando andre,14,2,12,0.1428571429,14.3,2 / 14,3,0.2142857143,21.4,-3.0000,8.0000,0,0,NULL,14,2,0.1428571429,14,2,0.1428571429,0,0.0000000000,1772.45,1973.62,0,0,below_floor,393,0.0780768749,0.07638571932468,0.0356083086,0.0666666667,0.1016949153,0.1428571429,0.1752577320,0,0,0,0,0,1,NULL,standard_terms,usable_n_lt_30
d71d863e5ef30d94e440c11be17dcd8f,SP,osasco,14,2,12,0.1428571429,14.3,2 / 14,2,0.1428571429,14.3,-9.5000,10.0000,13,2,0.1538461538,1,0,0.0000000000,13,2,0.1538461538,1,0.0714285714,8000.00,8420.27,0,0,below_floor,393,0.0780768749,0.07638571932468,0.0356083086,0.0666666667,0.1016949153,0.1428571429,0.1752577320,0,0,0,0,0,1,NULL,standard_terms,usable_n_lt_30
13d058e4eeac2ce8217660b2f8a05812,SP,osasco,7,1,6,0.1428571429,14.3,1 / 7,1,0.1428571429,14.3,-19.0000,14.0000,3,1,0.3333333333,4,0,0.0000000000,7,1,0.1428571429,0,0.0000000000,1149.93,1466.38,0,0,below_floor,393,0.0780768749,0.07638571932468,0.0356083086,0.0666666667,0.1016949153,0.1428571429,0.1752577320,0,0,0,0,0,1,NULL,standard_terms,usable_n_lt_30
1d29dfba02015238dfbe2449a5eaa361,MG,vicosa,7,1,6,0.1428571429,14.3,1 / 7,1,0.1428571429,14.3,-10.0000,54.0000,5,1,0.2000000000,2,0,0.0000000000,7,1,0.1428571429,0,0.0000000000,365.30,476.26,0,0,below_floor,393,0.0780768749,0.07638571932468,0.0356083086,0.0666666667,0.1016949153,0.1428571429,0.1752577320,0,0,0,0,0,1,NULL,standard_terms,usable_n_lt_30
20a8b0dc55da94fe74d112082427c84f,SP,itu,7,1,6,0.1428571429,14.3,1 / 7,1,0.1428571429,14.3,-5.0000,3.0000,0,0,NULL,7,1,0.1428571429,7,1,0.1428571429,0,0.0000000000,407.40,531.38,0,0,below_floor,393,0.0780768749,0.07638571932468,0.0356083086,0.0666666667,0.1016949153,0.1428571429,0.1752577320,0,0,0,0,0,1,NULL,standard_terms,usable_n_lt_30
2e7ea2aafec5835e781b21d6d1faf1f1,SP,sao paulo,7,1,6,0.1428571429,14.3,1 / 7,1,0.1428571429,14.3,-5.0000,1.0000,0,0,NULL,7,1,0.1428571429,7,1,0.1428571429,0,0.0000000000,528.40,646.62,0,0,below_floor,393,0.0780768749,0.07638571932468,0.0356083086,0.0666666667,0.1016949153,0.1428571429,0.1752577320,0,0,0,0,0,1,NULL,standard_terms,usable_n_lt_30
39c763cca83e654764b7a4a650fb9b7c,GO,goiania,7,1,6,0.1428571429,14.3,1 / 7,1,0.1428571429,14.3,-9.0000,9.0000,2,1,0.5000000000,5,0,0.0000000000,7,1,0.1428571429,0,0.0000000000,455.00,584.32,0,0,below_floor,393,0.0780768749,0.07638571932468,0.0356083086,0.0666666667,0.1016949153,0.1428571429,0.1752577320,0,0,0,0,0,1,NULL,standard_terms,usable_n_lt_30
4c61e37f664c3c88aff092aa5ac779d7,RJ,niteroi,7,1,6,0.1428571429,14.3,1 / 7,2,0.2857142857,28.6,-5.0000,5.0000,7,1,0.1428571429,0,0,NULL,7,1,0.1428571429,0,0.0000000000,788.31,908.17,0,0,below_floor,393,0.0780768749,0.07638571932468,0.0356083086,0.0666666667,0.1016949153,0.1428571429,0.1752577320,0,0,0,0,0,1,NULL,standard_terms,usable_n_lt_30
4ef4c39cf3c24f326434cf0b2e48046a,SP,sao paulo,7,1,6,0.1428571429,14.3,1 / 7,1,0.1428571429,14.3,-5.0000,2.0000,4,1,0.2500000000,3,0,0.0000000000,6,1,0.1666666667,1,0.1428571429,792.00,901.51,0,0,below_floor,393,0.0780768749,0.07638571932468,0.0356083086,0.0666666667,0.1016949153,0.1428571429,0.1752577320,0,0,0,0,0,1,NULL,standard_terms,usable_n_lt_30
6e4a902d1054e4e17aa6eab87fac1c75,SP,sorocaba,7,1,6,0.1428571429,14.3,1 / 7,2,0.2857142857,28.6,-10.0000,4.0000,0,0,NULL,7,1,0.1428571429,7,1,0.1428571429,0,0.0000000000,586.57,695.70,0,0,below_floor,393,0.0780768749,0.07638571932468,0.0356083086,0.0666666667,0.1016949153,0.1428571429,0.1752577320,0,0,0,0,0,1,NULL,standard_terms,usable_n_lt_30
7d7d2b7a51328016102d4528c411d630,SP,ibitinga,7,1,6,0.1428571429,14.3,1 / 7,1,0.1428571429,14.3,-9.0000,5.0000,3,0,0.0000000000,4,1,0.2500000000,5,1,0.2000000000,2,0.2857142857,918.80,1098.85,0,0,below_floor,393,0.0780768749,0.07638571932468,0.0356083086,0.0666666667,0.1016949153,0.1428571429,0.1752577320,0,0,0,0,0,1,NULL,standard_terms,usable_n_lt_30
87e24fc7052259b1f7f607d61c10d8be,SP,sao paulo,7,1,6,0.1428571429,14.3,1 / 7,1,0.1428571429,14.3,-15.0000,8.0000,0,0,NULL,7,1,0.1428571429,7,1,0.1428571429,0,0.0000000000,7073.59,7288.25,0,0,below_floor,393,0.0780768749,0.07638571932468,0.0356083086,0.0666666667,0.1016949153,0.1428571429,0.1752577320,0,0,0,0,0,1,NULL,standard_terms,usable_n_lt_30
9c7fd21e0aa159b20da593371f08ff7c,SP,osasco,7,1,6,0.1428571429,14.3,1 / 7,1,0.1428571429,14.3,-15.0000,7.0000,1,0,0.0000000000,6,1,0.1666666667,6,1,0.1666666667,1,0.1428571429,798.30,921.80,0,0,below_floor,393,0.0780768749,0.07638571932468,0.0356083086,0.0666666667,0.1016949153,0.1428571429,0.1752577320,0,0,0,0,0,1,NULL,standard_terms,usable_n_lt_30
9d39404483343dd55c7ae254494d8388,SP,sao paulo,7,1,6,0.1428571429,14.3,1 / 7,1,0.1428571429,14.3,-10.0000,10.0000,7,1,0.1428571429,0,0,NULL,7,1,0.1428571429,0,0.0000000000,199.30,300.71,0,0,below_floor,393,0.0780768749,0.07638571932468,0.0356083086,0.0666666667,0.1016949153,0.1428571429,0.1752577320,0,0,0,0,0,1,NULL,standard_terms,usable_n_lt_30
a6bd7d1ccdac48c6b33b28596b7eb122,PB,mamanguape,7,1,6,0.1428571429,14.3,1 / 7,2,0.2857142857,28.6,-14.0000,2.0000,4,1,0.2500000000,3,0,0.0000000000,7,1,0.1428571429,0,0.0000000000,5604.61,5930.04,0,0,below_floor,393,0.0780768749,0.07638571932468,0.0356083086,0.0666666667,0.1016949153,0.1428571429,0.1752577320,0,0,0,0,0,1,NULL,standard_terms,usable_n_lt_30
b248792ac0b60ec3f93d80af1b4fae47,SP,sao caetano do sul,7,1,6,0.1428571429,14.3,1 / 7,1,0.1428571429,14.3,-7.0000,1.0000,0,0,NULL,7,1,0.1428571429,7,1,0.1428571429,0,0.0000000000,454.50,608.35,0,0,below_floor,393,0.0780768749,0.07638571932468,0.0356083086,0.0666666667,0.1016949153,0.1428571429,0.1752577320,0,0,0,0,0,1,NULL,standard_terms,usable_n_lt_30
b3b17aab11f273023a5f22ca52e1eb70,PR,londrina,7,1,6,0.1428571429,14.3,1 / 7,1,0.1428571429,14.3,-14.0000,16.0000,6,1,0.1666666667,1,0,0.0000000000,7,1,0.1428571429,0,0.0000000000,6850.00,7325.35,0,0,below_floor,393,0.0780768749,0.07638571932468,0.0356083086,0.0666666667,0.1016949153,0.1428571429,0.1752577320,0,0,0,0,0,1,NULL,standard_terms,usable_n_lt_30
d5b9a084373da994a6e37f732169a853,SP,santo andre,7,1,6,0.1428571429,14.3,1 / 7,2,0.2857142857,28.6,-6.0000,5.0000,6,1,0.1666666667,1,0,0.0000000000,6,1,0.1666666667,1,0.1428571429,1769.00,1945.29,0,0,below_floor,393,0.0780768749,0.07638571932468,0.0356083086,0.0666666667,0.1016949153,0.1428571429,0.1752577320,0,0,0,0,0,1,NULL,standard_terms,usable_n_lt_30
e3dd723429d1b23614b7fa85e2c7a853,SP,sao bernardo do campo,7,1,6,0.1428571429,14.3,1 / 7,2,0.2857142857,28.6,-7.0000,3.0000,4,1,0.2500000000,3,0,0.0000000000,7,1,0.1428571429,0,0.0000000000,471.05,597.62,0,0,below_floor,393,0.0780768749,0.07638571932468,0.0356083086,0.0666666667,0.1016949153,0.1428571429,0.1752577320,0,0,0,0,0,1,NULL,standard_terms,usable_n_lt_30
f593898ec748b7a8cb81fc04edafd98a,SP,pedreira,7,1,6,0.1428571429,14.3,1 / 7,1,0.1428571429,14.3,-13.0000,6.0000,7,1,0.1428571429,0,0,NULL,7,1,0.1428571429,0,0.0000000000,500.25,675.82,0,0,below_floor,393,0.0780768749,0.07638571932468,0.0356083086,0.0666666667,0.1016949153,0.1428571429,0.1752577320,0,0,0,0,0,1,NULL,standard_terms,usable_n_lt_30
fa3a0b5aabb344b9a92e3524b0202123,SP,sao jose dos pinhais,7,1,6,0.1428571429,14.3,1 / 7,1,0.1428571429,14.3,-15.0000,4.0000,6,1,0.1666666667,1,0,0.0000000000,7,1,0.1428571429,0,0.0000000000,1789.00,1953.41,0,0,below_floor,393,0.0780768749,0.07638571932468,0.0356083086,0.0666666667,0.1016949153,0.1428571429,0.1752577320,0,0,0,0,0,1,NULL,standard_terms,usable_n_lt_30
323ce52b5b81df2cd804b017b7f09aa7,SP,sao paulo,29,4,25,0.1379310345,13.8,4 / 29,5,0.1724137931,17.2,-6.0000,8.5000,24,2,0.0833333333,5,2,0.4000000000,29,4,0.1379310345,0,0.0000000000,2374.30,2767.65,0,0,below_floor,393,0.0780768749,0.07638571932468,0.0356083086,0.0666666667,0.1016949153,0.1428571429,0.1752577320,0,0,0,0,0,1,NULL,standard_terms,usable_n_lt_30
7139dc5186aa238b006e066d8fbab2e4,SP,amparo,22,3,19,0.1363636364,13.6,3 / 22,3,0.1363636364,13.6,-13.0000,10.0000,14,3,0.2142857143,8,0,0.0000000000,22,3,0.1363636364,0,0.0000000000,1712.00,2247.93,0,0,below_floor,393,0.0780768749,0.07638571932468,0.0356083086,0.0666666667,0.1016949153,0.1428571429,0.1752577320,0,0,0,0,0,1,NULL,standard_terms,usable_n_lt_30
e96498ed8daaa3e9c23f7a62da76591c,SP,sao paulo,22,3,19,0.1363636364,13.6,3 / 22,3,0.1363636364,13.6,-10.0000,6.0000,16,3,0.1875000000,6,0,0.0000000000,22,3,0.1363636364,0,0.0000000000,5259.21,5729.60,0,0,below_floor,393,0.0780768749,0.07638571932468,0.0356083086,0.0666666667,0.1016949153,0.1428571429,0.1752577320,0,0,0,0,0,1,NULL,standard_terms,usable_n_lt_30
2d2c62bef4c8ba0dd74e0e228e808539,SP,ribeirao preto,15,2,13,0.1333333333,13.3,2 / 15,2,0.1333333333,13.3,-9.0000,5.5000,4,1,0.2500000000,11,1,0.0909090909,15,2,0.1333333333,0,0.0000000000,3299.00,3751.01,0,0,below_floor,393,0.0780768749,0.07638571932468,0.0356083086,0.0666666667,0.1016949153,0.1428571429,0.1752577320,0,0,0,0,0,1,NULL,standard_terms,usable_n_lt_30
55bb6fe5bebe5012e2d7d9928e1128ff,SP,bauru,15,2,13,0.1333333333,13.3,2 / 15,2,0.1333333333,13.3,-15.0000,12.0000,11,2,0.1818181818,4,0,0.0000000000,15,2,0.1333333333,0,0.0000000000,1816.55,2393.02,0,0,below_floor,393,0.0780768749,0.07638571932468,0.0356083086,0.0666666667,0.1016949153,0.1428571429,0.1752577320,0,0,0,0,0,1,NULL,standard_terms,usable_n_lt_30
c794dab4928dd97beb41d05514441e86,SP,artur nogueira,15,2,13,0.1333333333,13.3,2 / 15,2,0.1333333333,13.3,-8.0000,18.5000,11,2,0.1818181818,4,0,0.0000000000,15,2,0.1333333333,0,0.0000000000,1278.60,1503.01,0,0,below_floor,393,0.0780768749,0.07638571932468,0.0356083086,0.0666666667,0.1016949153,0.1428571429,0.1752577320,0,0,0,0,0,1,NULL,standard_terms,usable_n_lt_30
23a0ffca143a15b9b5bbdb7d552f626a,SP,sao pedro,23,3,20,0.1304347826,13.0,3 / 23,3,0.1304347826,13.0,-12.0000,6.0000,10,3,0.3000000000,13,0,0.0000000000,22,3,0.1363636364,1,0.0434782609,3718.51,4304.28,0,0,below_floor,393,0.0780768749,0.07638571932468,0.0356083086,0.0666666667,0.1016949153,0.1428571429,0.1752577320,0,0,0,0,0,1,NULL,standard_terms,usable_n_lt_30
e38db885400cd35c71dfd162f2c1dbcf,DF,brasilia,23,3,20,0.1304347826,13.0,3 / 23,4,0.1739130435,17.4,-11.0000,1.0000,15,2,0.1333333333,8,1,0.1250000000,23,3,0.1304347826,0,0.0000000000,1622.50,2161.15,0,0,below_floor,393,0.0780768749,0.07638571932468,0.0356083086,0.0666666667,0.1016949153,0.1428571429,0.1752577320,0,0,0,0,0,1,NULL,standard_terms,usable_n_lt_30
e89c4adbe7b1d0819dbb636e16461cf1,SP,indaiatuba,24,3,21,0.1250000000,12.5,3 / 24,3,0.1250000000,12.5,-11.5000,14.0000,18,3,0.1666666667,6,0,0.0000000000,24,3,0.1250000000,0,0.0000000000,3181.30,3636.15,0,0,below_floor,393,0.0780768749,0.07638571932468,0.0356083086,0.0666666667,0.1016949153,0.1428571429,0.1752577320,0,0,0,0,0,1,NULL,standard_terms,usable_n_lt_30
3935fe5fe0f82787a9dcb8deb62be09d,SP,sao paulo,16,2,14,0.1250000000,12.5,2 / 16,2,0.1250000000,12.5,-11.5000,2.0000,3,0,0.0000000000,13,2,0.1538461538,16,2,0.1250000000,0,0.0000000000,1681.69,2101.35,0,0,below_floor,393,0.0780768749,0.07638571932468,0.0356083086,0.0666666667,0.1016949153,0.1428571429,0.1752577320,0,0,0,0,0,1,NULL,standard_terms,usable_n_lt_30
59fb871bf6f4522a87ba567b42dafecf,SP,sao paulo,16,2,14,0.1250000000,12.5,2 / 16,3,0.1875000000,18.8,-13.5000,9.5000,16,2,0.1250000000,0,0,NULL,16,2,0.1250000000,0,0.0000000000,2748.79,3065.93,0,0,below_floor,393,0.0780768749,0.07638571932468,0.0356083086,0.0666666667,0.1016949153,0.1428571429,0.1752577320,0,0,0,0,0,1,NULL,standard_terms,usable_n_lt_30
610f72e407cdd7caaa2f8167b0163fd8,SP,sao paulo,16,2,14,0.1250000000,12.5,2 / 16,2,0.1250000000,12.5,-10.5000,12.0000,5,0,0.0000000000,11,2,0.1818181818,15,2,0.1333333333,1,0.0625000000,13585.16,14429.45,0,0,below_floor,393,0.0780768749,0.07638571932468,0.0356083086,0.0666666667,0.1016949153,0.1428571429,0.1752577320,0,0,0,0,0,1,NULL,standard_terms,usable_n_lt_30
6d988d6174a2c27441597174f8905515,PR,maringa,16,2,14,0.1250000000,12.5,2 / 16,2,0.1250000000,12.5,-10.0000,13.5000,9,2,0.2222222222,7,0,0.0000000000,16,2,0.1250000000,0,0.0000000000,300.29,531.78,0,0,below_floor,393,0.0780768749,0.07638571932468,0.0356083086,0.0666666667,0.1016949153,0.1428571429,0.1752577320,0,0,0,0,0,1,NULL,standard_terms,usable_n_lt_30
7bac63f6603d382cc8d0832eb6c100a8,SP,sao paulo,16,2,14,0.1250000000,12.5,2 / 16,3,0.1875000000,18.8,-7.0000,22.5000,15,2,0.1333333333,1,0,0.0000000000,16,2,0.1250000000,0,0.0000000000,6478.98,6778.12,0,0,below_floor,393,0.0780768749,0.07638571932468,0.0356083086,0.0666666667,0.1016949153,0.1428571429,0.1752577320,0,0,0,0,0,1,NULL,standard_terms,usable_n_lt_30
a44fb5a447105f8469bdf16bf9159f25,RS,porto alegre,16,2,14,0.1250000000,12.5,2 / 16,3,0.1875000000,18.8,-10.0000,6.5000,9,2,0.2222222222,7,0,0.0000000000,16,2,0.1250000000,0,0.0000000000,3409.10,3942.81,0,0,below_floor,393,0.0780768749,0.07638571932468,0.0356083086,0.0666666667,0.1016949153,0.1428571429,0.1752577320,0,0,0,0,0,1,NULL,standard_terms,usable_n_lt_30
b33aaadd1a8891d2dfef0c4c3bdf0371,SP,limeira,16,2,14,0.1250000000,12.5,2 / 16,2,0.1250000000,12.5,-13.0000,23.5000,10,2,0.2000000000,6,0,0.0000000000,16,2,0.1250000000,0,0.0000000000,1504.00,1863.04,0,0,below_floor,393,0.0780768749,0.07638571932468,0.0356083086,0.0666666667,0.1016949153,0.1428571429,0.1752577320,0,0,0,0,0,1,NULL,standard_terms,usable_n_lt_30
b94cc9f10ddc85e4ba73a6f7974e7101,RJ,macae,16,2,14,0.1250000000,12.5,2 / 16,2,0.1250000000,12.5,-15.0000,6.0000,11,1,0.0909090909,5,1,0.2000000000,16,2,0.1250000000,0,0.0000000000,11298.40,11837.31,0,0,below_floor,393,0.0780768749,0.07638571932468,0.0356083086,0.0666666667,0.1016949153,0.1428571429,0.1752577320,0,0,0,0,0,1,NULL,standard_terms,usable_n_lt_30
e3a386fc36e22064434e1fa256f6a9fa,SP,engenheiro coelho,16,2,14,0.1250000000,12.5,2 / 16,3,0.1875000000,18.8,-10.0000,10.0000,9,1,0.1111111111,7,1,0.1428571429,16,2,0.1250000000,0,0.0000000000,793.90,1047.15,0,0,below_floor,393,0.0780768749,0.07638571932468,0.0356083086,0.0666666667,0.1016949153,0.1428571429,0.1752577320,0,0,0,0,0,1,NULL,standard_terms,usable_n_lt_30
f125f3a310c2e5f822d116147de1e474,SP,sao paulo,16,2,14,0.1250000000,12.5,2 / 16,2,0.1250000000,12.5,-10.5000,19.0000,7,1,0.1428571429,9,1,0.1111111111,16,2,0.1250000000,0,0.0000000000,2761.40,3049.29,0,0,below_floor,393,0.0780768749,0.07638571932468,0.0356083086,0.0666666667,0.1016949153,0.1428571429,0.1752577320,0,0,0,0,0,1,NULL,standard_terms,usable_n_lt_30
f61c63d13f7cd800549d5acdd390ae72,SP,pilar do sul,16,2,14,0.1250000000,12.5,2 / 16,2,0.1250000000,12.5,-13.0000,5.0000,10,1,0.1000000000,6,1,0.1666666667,16,2,0.1250000000,0,0.0000000000,2290.10,2565.19,0,0,below_floor,393,0.0780768749,0.07638571932468,0.0356083086,0.0666666667,0.1016949153,0.1428571429,0.1752577320,0,0,0,0,0,1,NULL,standard_terms,usable_n_lt_30
fb89df7f89fd1b8f03fa2acca1ba7364,PR,foz do iguacu,16,2,14,0.1250000000,12.5,2 / 16,2,0.1250000000,12.5,-8.0000,7.5000,10,2,0.2000000000,6,0,0.0000000000,16,2,0.1250000000,0,0.0000000000,1562.00,1884.02,0,0,below_floor,393,0.0780768749,0.07638571932468,0.0356083086,0.0666666667,0.1016949153,0.1428571429,0.1752577320,0,0,0,0,0,1,NULL,standard_terms,usable_n_lt_30
fcdd820084f17e9982427971e4e9d47f,SP,ribeirao preto,16,2,14,0.1250000000,12.5,2 / 16,2,0.1250000000,12.5,-19.0000,7.0000,9,2,0.2222222222,7,0,0.0000000000,16,2,0.1250000000,0,0.0000000000,4783.99,5665.74,0,0,below_floor,393,0.0780768749,0.07638571932468,0.0356083086,0.0666666667,0.1016949153,0.1428571429,0.1752577320,0,0,0,0,0,1,NULL,standard_terms,usable_n_lt_30
058cb5aeb36d7c0fcae20fc85d5e0a59,RJ,rio de janeiro,8,1,7,0.1250000000,12.5,1 / 8,1,0.1250000000,12.5,-10.0000,9.0000,1,0,0.0000000000,7,1,0.1428571429,8,1,0.1250000000,0,0.0000000000,960.00,1563.41,0,0,below_floor,393,0.0780768749,0.07638571932468,0.0356083086,0.0666666667,0.1016949153,0.1428571429,0.1752577320,0,0,0,0,0,1,NULL,standard_terms,usable_n_lt_30
0ac4201fda2c68ebc0e47cb9423cf3c9,SP,sao paulo,8,1,7,0.1250000000,12.5,1 / 8,1,0.1250000000,12.5,-14.0000,14.0000,5,1,0.2000000000,3,0,0.0000000000,8,1,0.1250000000,0,0.0000000000,1118.92,1281.91,0,0,below_floor,393,0.0780768749,0.07638571932468,0.0356083086,0.0666666667,0.1016949153,0.1428571429,0.1752577320,0,0,0,0,0,1,NULL,standard_terms,usable_n_lt_30
15fa791d5e017f66402dc28c44480657,SP,sao paulo,8,1,7,0.1250000000,12.5,1 / 8,1,0.1250000000,12.5,-12.0000,14.0000,6,1,0.1666666667,2,0,0.0000000000,8,1,0.1250000000,0,0.0000000000,1802.00,1983.29,0,0,below_floor,393,0.0780768749,0.07638571932468,0.0356083086,0.0666666667,0.1016949153,0.1428571429,0.1752577320,0,0,0,0,0,1,NULL,standard_terms,usable_n_lt_30
17306570e772e7718c92a562d33f5f1d,SP,bariri,8,1,7,0.1250000000,12.5,1 / 8,1,0.1250000000,12.5,-14.5000,2.0000,8,1,0.1250000000,0,0,NULL,8,1,0.1250000000,0,0.0000000000,2106.20,2384.42,0,0,below_floor,393,0.0780768749,0.07638571932468,0.0356083086,0.0666666667,0.1016949153,0.1428571429,0.1752577320,0,0,0,0,0,1,NULL,standard_terms,usable_n_lt_30
17908cf9b444ee34047cadd5c0f4a516,GO,anapolis,8,1,7,0.1250000000,12.5,1 / 8,1,0.1250000000,12.5,-13.5000,26.0000,5,1,0.2000000000,3,0,0.0000000000,8,1,0.1250000000,0,0.0000000000,1399.00,1807.49,0,0,below_floor,393,0.0780768749,0.07638571932468,0.0356083086,0.0666666667,0.1016949153,0.1428571429,0.1752577320,0,0,0,0,0,1,NULL,standard_terms,usable_n_lt_30
2d2322d842118867781fc737e96d59a1,SP,sao paulo,8,1,7,0.1250000000,12.5,1 / 8,1,0.1250000000,12.5,-7.0000,14.0000,0,0,NULL,8,1,0.1250000000,8,1,0.1250000000,0,0.0000000000,176.40,281.37,0,0,below_floor,393,0.0780768749,0.07638571932468,0.0356083086,0.0666666667,0.1016949153,0.1428571429,0.1752577320,0,0,0,0,0,1,NULL,standard_terms,usable_n_lt_30
3968920b9aa752ab98f7d5888c9252f2,SP,bauru,8,1,7,0.1250000000,12.5,1 / 8,1,0.1250000000,12.5,-13.5000,2.0000,0,0,NULL,8,1,0.1250000000,7,1,0.1428571429,1,0.1250000000,523.30,681.01,0,0,below_floor,393,0.0780768749,0.07638571932468,0.0356083086,0.0666666667,0.1016949153,0.1428571429,0.1752577320,0,0,0,0,0,1,NULL,standard_terms,usable_n_lt_30
3d4824f20035949c710eaf111f869d39,SP,sorocaba,8,1,7,0.1250000000,12.5,1 / 8,1,0.1250000000,12.5,-24.5000,5.0000,0,0,NULL,8,1,0.1250000000,6,1,0.1666666667,2,0.2500000000,449.97,575.57,0,0,below_floor,393,0.0780768749,0.07638571932468,0.0356083086,0.0666666667,0.1016949153,0.1428571429,0.1752577320,0,0,0,0,0,1,NULL,standard_terms,usable_n_lt_30
406740ee611378a662d274c7d8c43c4a,ES,vitoria,8,1,7,0.1250000000,12.5,1 / 8,1,0.1250000000,12.5,-8.0000,4.0000,8,1,0.1250000000,0,0,NULL,8,1,0.1250000000,0,0.0000000000,1790.00,1972.08,0,0,below_floor,393,0.0780768749,0.07638571932468,0.0356083086,0.0666666667,0.1016949153,0.1428571429,0.1752577320,0,0,0,0,0,1,NULL,standard_terms,usable_n_lt_30
4200ddf1967c5e41e48db62bc6d4b5ac,SP,sao bernardo do campo,8,1,7,0.1250000000,12.5,1 / 8,1,0.1250000000,12.5,-8.5000,4.0000,8,1,0.1250000000,0,0,NULL,8,1,0.1250000000,0,0.0000000000,171.00,305.17,0,0,below_floor,393,0.0780768749,0.07638571932468,0.0356083086,0.0666666667,0.1016949153,0.1428571429,0.1752577320,0,0,0,0,0,1,NULL,standard_terms,usable_n_lt_30
503c1de08ae81a2d86f17951b204db55,SP,sao paulo,8,1,7,0.1250000000,12.5,1 / 8,1,0.1250000000,12.5,-11.0000,25.0000,5,1,0.2000000000,3,0,0.0000000000,8,1,0.1250000000,0,0.0000000000,1794.00,1953.04,0,0,below_floor,393,0.0780768749,0.07638571932468,0.0356083086,0.0666666667,0.1016949153,0.1428571429,0.1752577320,0,0,0,0,0,1,NULL,standard_terms,usable_n_lt_30
577719699805dd125d5b6fdde5943bba,RS,nova petropolis,8,1,7,0.1250000000,12.5,1 / 8,1,0.1250000000,12.5,-17.0000,8.0000,2,0,0.0000000000,6,1,0.1666666667,8,1,0.1250000000,0,0.0000000000,1077.80,1287.36,0,0,below_floor,393,0.0780768749,0.07638571932468,0.0356083086,0.0666666667,0.1016949153,0.1428571429,0.1752577320,0,0,0,0,0,1,NULL,standard_terms,usable_n_lt_30
5d9dc90a686a8fddacffab6bab5653a3,SP,santana de parnaiba,8,1,7,0.1250000000,12.5,1 / 8,1,0.1250000000,12.5,-9.5000,2.0000,5,1,0.2000000000,3,0,0.0000000000,8,1,0.1250000000,0,0.0000000000,3521.97,3852.79,0,0,below_floor,393,0.0780768749,0.07638571932468,0.0356083086,0.0666666667,0.1016949153,0.1428571429,0.1752577320,0,0,0,0,0,1,NULL,standard_terms,usable_n_lt_30
7c1fea10b5b006671d608b1d7c446ec4,SP,boituva,8,1,7,0.1250000000,12.5,1 / 8,1,0.1250000000,12.5,-13.0000,3.0000,7,1,0.1428571429,1,0,0.0000000000,7,1,0.1428571429,1,0.1250000000,284.20,421.30,0,0,below_floor,393,0.0780768749,0.07638571932468,0.0356083086,0.0666666667,0.1016949153,0.1428571429,0.1752577320,0,0,0,0,0,1,NULL,standard_terms,usable_n_lt_30
81336a0f57a33776419727a300249e90,SP,sao carlos,8,1,7,0.1250000000,12.5,1 / 8,1,0.1250000000,12.5,-11.5000,8.0000,8,1,0.1250000000,0,0,NULL,8,1,0.1250000000,0,0.0000000000,444.92,585.41,0,0,below_floor,393,0.0780768749,0.07638571932468,0.0356083086,0.0666666667,0.1016949153,0.1428571429,0.1752577320,0,0,0,0,0,1,NULL,standard_terms,usable_n_lt_30
9539213aa8e023c01937bef95dc006da,SP,sao paulo,8,1,7,0.1250000000,12.5,1 / 8,3,0.3750000000,37.5,-3.5000,4.0000,8,1,0.1250000000,0,0,NULL,8,1,0.1250000000,0,0.0000000000,209.20,290.42,0,0,below_floor,393,0.0780768749,0.07638571932468,0.0356083086,0.0666666667,0.1016949153,0.1428571429,0.1752577320,0,0,0,0,0,1,NULL,standard_terms,usable_n_lt_30
a17f621c590ea0fab3d5d883e1630ec6,SP,sorocaba,8,1,7,0.1250000000,12.5,1 / 8,1,0.1250000000,12.5,-7.5000,11.0000,8,1,0.1250000000,0,0,NULL,7,1,0.1428571429,1,0.1250000000,491.00,657.95,0,0,below_floor,393,0.0780768749,0.07638571932468,0.0356083086,0.0666666667,0.1016949153,0.1428571429,0.1752577320,0,0,0,0,0,1,NULL,standard_terms,usable_n_lt_30
ba6b4a237f92479743cf0ca06b67a9ac,RJ,rio de janeiro,8,1,7,0.1250000000,12.5,1 / 8,1,0.1250000000,12.5,-5.0000,14.0000,3,1,0.3333333333,5,0,0.0000000000,8,1,0.1250000000,0,0.0000000000,801.89,913.71,0,0,below_floor,393,0.0780768749,0.07638571932468,0.0356083086,0.0666666667,0.1016949153,0.1428571429,0.1752577320,0,0,0,0,0,1,NULL,standard_terms,usable_n_lt_30
d03698c2efd04a549382afa6623e27fb,BA,ilheus,8,1,7,0.1250000000,12.5,1 / 8,1,0.1250000000,12.5,-16.0000,5.0000,6,1,0.1666666667,2,0,0.0000000000,8,1,0.1250000000,0,0.0000000000,5284.34,5708.51,0,0,below_floor,393,0.0780768749,0.07638571932468,0.0356083086,0.0666666667,0.1016949153,0.1428571429,0.1752577320,0,0,0,0,0,1,NULL,standard_terms,usable_n_lt_30
e8a85b5f3df47be0984c55fd4064dbb4,DF,brasilia,8,1,7,0.1250000000,12.5,1 / 8,1,0.1250000000,12.5,-7.5000,4.0000,2,0,0.0000000000,6,1,0.1666666667,8,1,0.1250000000,0,0.0000000000,743.00,965.99,0,0,below_floor,393,0.0780768749,0.07638571932468,0.0356083086,0.0666666667,0.1016949153,0.1428571429,0.1752577320,0,0,0,0,0,1,NULL,standard_terms,usable_n_lt_30
f1b93673502375d491780bb49d615dbc,SP,sao jose dos campos,8,1,7,0.1250000000,12.5,1 / 8,2,0.2500000000,25.0,-6.0000,10.0000,3,0,0.0000000000,5,1,0.2000000000,8,1,0.1250000000,0,0.0000000000,2638.93,2959.28,0,0,below_floor,393,0.0780768749,0.07638571932468,0.0356083086,0.0666666667,0.1016949153,0.1428571429,0.1752577320,0,0,0,0,0,1,NULL,standard_terms,usable_n_lt_30
fe701d88b67eaca109dffd464d1be9f9,RJ,marica,8,1,7,0.1250000000,12.5,1 / 8,1,0.1250000000,12.5,-16.0000,1.0000,3,1,0.3333333333,5,0,0.0000000000,8,1,0.1250000000,0,0.0000000000,1299.20,1477.05,0,0,below_floor,393,0.0780768749,0.07638571932468,0.0356083086,0.0666666667,0.1016949153,0.1428571429,0.1752577320,0,0,0,0,0,1,NULL,standard_terms,usable_n_lt_30
004c9cd9d87a3c30c522c48c4fc07416,SP,ibitinga,25,3,22,0.1200000000,12.0,3 / 25,5,0.2000000000,20.0,-10.0000,9.0000,23,3,0.1304347826,2,0,0.0000000000,25,3,0.1200000000,0,0.0000000000,3206.86,3876.85,0,0,below_floor,393,0.0780768749,0.07638571932468,0.0356083086,0.0666666667,0.1016949153,0.1428571429,0.1752577320,0,0,0,0,0,1,NULL,standard_terms,usable_n_lt_30
070d165398b553f3b4b851c216b8a358,SP,sao paulo,25,3,22,0.1200000000,12.0,3 / 25,4,0.1600000000,16.0,-10.0000,8.0000,11,2,0.1818181818,14,1,0.0714285714,23,3,0.1304347826,2,0.0800000000,2775.24,3458.07,0,0,below_floor,393,0.0780768749,0.07638571932468,0.0356083086,0.0666666667,0.1016949153,0.1428571429,0.1752577320,0,0,0,0,0,1,NULL,standard_terms,usable_n_lt_30
318f287a62ab7ac10b703ac37435a231,SP,sao paulo,25,3,22,0.1200000000,12.0,3 / 25,3,0.1200000000,12.0,-8.0000,4.0000,16,3,0.1875000000,9,0,0.0000000000,25,3,0.1200000000,0,0.0000000000,1090.50,1635.08,0,0,below_floor,393,0.0780768749,0.07638571932468,0.0356083086,0.0666666667,0.1016949153,0.1428571429,0.1752577320,0,0,0,0,0,1,NULL,standard_terms,usable_n_lt_30
53d00c40e32aeb924a84ce72b1af869d,SP,ibitinga,17,2,15,0.1176470588,11.8,2 / 17,4,0.2352941176,23.5,-12.0000,14.5000,11,1,0.0909090909,6,1,0.1666666667,16,2,0.1250000000,1,0.0588235294,2165.85,2462.07,0,0,below_floor,393,0.0780768749,0.07638571932468,0.0356083086,0.0666666667,0.1016949153,0.1428571429,0.1752577320,0,0,0,0,0,1,NULL,standard_terms,usable_n_lt_30
768a86e36ad6aae3d03ee3c6433d61df,SP,sao paulo,17,2,15,0.1176470588,11.8,2 / 17,3,0.1764705882,17.6,-7.0000,6.5000,0,0,NULL,17,2,0.1176470588,16,2,0.1250000000,1,0.0588235294,587.46,767.70,0,0,below_floor,393,0.0780768749,0.07638571932468,0.0356083086,0.0666666667,0.1016949153,0.1428571429,0.1752577320,0,0,0,0,0,1,NULL,standard_terms,usable_n_lt_30
9f50216bfd01913736a55a11b55ea842,SP,taubate,17,2,15,0.1176470588,11.8,2 / 17,3,0.1764705882,17.6,-8.0000,1.0000,0,0,NULL,17,2,0.1176470588,16,2,0.1250000000,1,0.0588235294,1354.00,1671.10,0,0,below_floor,393,0.0780768749,0.07638571932468,0.0356083086,0.0666666667,0.1016949153,0.1428571429,0.1752577320,0,0,0,0,0,1,NULL,standard_terms,usable_n_lt_30
b64d51f0435e884e8de603b1655155ae,SP,garulhos,17,2,15,0.1176470588,11.8,2 / 17,3,0.1764705882,17.6,-11.0000,4.5000,2,0,0.0000000000,15,2,0.1333333333,16,2,0.1250000000,1,0.0588235294,416.18,773.54,0,0,below_floor,393,0.0780768749,0.07638571932468,0.0356083086,0.0666666667,0.1016949153,0.1428571429,0.1752577320,0,0,0,0,0,1,NULL,standard_terms,usable_n_lt_30
712e6ed8aa4aa1fa65dab41fed5737e4,SC,videira,26,3,23,0.1153846154,11.5,3 / 26,3,0.1153846154,11.5,-15.0000,15.0000,16,3,0.1875000000,10,0,0.0000000000,26,3,0.1153846154,0,0.0000000000,13777.00,16244.17,0,0,below_floor,393,0.0780768749,0.07638571932468,0.0356083086,0.0666666667,0.1016949153,0.1428571429,0.1752577320,0,0,0,0,0,1,NULL,standard_terms,usable_n_lt_30
77a515caa36327151d1cc6c32a9f00e1,SP,diadema,26,3,23,0.1153846154,11.5,3 / 26,3,0.1153846154,11.5,-10.0000,8.0000,3,1,0.3333333333,23,2,0.0869565217,26,3,0.1153846154,0,0.0000000000,2217.39,2613.58,1,0,below_floor,393,0.0780768749,0.07638571932468,0.0356083086,0.0666666667,0.1016949153,0.1428571429,0.1752577320,0,0,0,0,0,1,NULL,standard_terms,usable_n_lt_30
cee48807215b30a12ca2ca10ffb5f250,SP,guaruja,26,3,23,0.1153846154,11.5,3 / 26,4,0.1538461538,15.4,-13.0000,6.0000,18,3,0.1666666667,8,0,0.0000000000,25,3,0.1200000000,1,0.0384615385,4633.44,5241.74,0,0,below_floor,393,0.0780768749,0.07638571932468,0.0356083086,0.0666666667,0.1016949153,0.1428571429,0.1752577320,0,0,0,0,0,1,NULL,standard_terms,usable_n_lt_30
d3f39f05462b79a4562d35893a28f159,SP,mococa,26,3,23,0.1153846154,11.5,3 / 26,3,0.1153846154,11.5,-15.5000,12.0000,22,3,0.1363636364,4,0,0.0000000000,23,3,0.1304347826,3,0.1153846154,2028.10,2458.87,0,0,below_floor,393,0.0780768749,0.07638571932468,0.0356083086,0.0666666667,0.1016949153,0.1428571429,0.1752577320,0,0,0,0,0,1,NULL,standard_terms,usable_n_lt_30
eeb6de78f79159600292e314a77cbd18,SC,lages,26,3,23,0.1153846154,11.5,3 / 26,3,0.1153846154,11.5,-14.0000,3.0000,13,1,0.0769230769,13,2,0.1538461538,26,3,0.1153846154,0,0.0000000000,20891.00,22274.58,0,0,below_floor,393,0.0780768749,0.07638571932468,0.0356083086,0.0666666667,0.1016949153,0.1428571429,0.1752577320,0,0,0,0,0,1,NULL,standard_terms,usable_n_lt_30
903037660cf848a717166eb7a06d616e,SP,sao paulo,27,3,24,0.1111111111,11.1,3 / 27,4,0.1481481481,14.8,-10.5000,9.0000,7,0,0.0000000000,20,3,0.1500000000,25,3,0.1200000000,2,0.0740740741,6219.16,6976.19,1,0,below_floor,393,0.0780768749,0.07638571932468,0.0356083086,0.0666666667,0.1016949153,0.1428571429,0.1752577320,0,0,0,0,0,1,NULL,standard_terms,usable_n_lt_30
39d54ff918774174706fb065d7f9dc07,SP,sao paulo,18,2,16,0.1111111111,11.1,2 / 18,2,0.1111111111,11.1,-11.5000,3.0000,15,2,0.1333333333,3,0,0.0000000000,16,2,0.1250000000,2,0.1111111111,1207.69,1486.12,0,0,below_floor,393,0.0780768749,0.07638571932468,0.0356083086,0.0666666667,0.1016949153,0.1428571429,0.1752577320,0,0,0,0,0,1,NULL,standard_terms,usable_n_lt_30
54c04bdb5ec46762f8f08c7e8f86ed4a,SC,florianopolis,18,2,16,0.1111111111,11.1,2 / 18,2,0.1111111111,11.1,-14.0000,24.5000,12,1,0.0833333333,6,1,0.1666666667,17,2,0.1176470588,1,0.0555555556,3281.66,3757.78,0,0,below_floor,393,0.0780768749,0.07638571932468,0.0356083086,0.0666666667,0.1016949153,0.1428571429,0.1752577320,0,0,0,0,0,1,NULL,standard_terms,usable_n_lt_30
03a2a6dcbe45d639c4dc2a0d24769c40,SP,maua,9,1,8,0.1111111111,11.1,1 / 9,1,0.1111111111,11.1,-13.0000,11.0000,4,1,0.2500000000,5,0,0.0000000000,9,1,0.1111111111,0,0.0000000000,1078.41,1250.66,0,0,below_floor,393,0.0780768749,0.07638571932468,0.0356083086,0.0666666667,0.1016949153,0.1428571429,0.1752577320,0,0,0,0,0,1,NULL,standard_terms,usable_n_lt_30
07de60b03d150fb3ea09eab5da5e4c8b,SP,ibitinga,9,1,8,0.1111111111,11.1,1 / 9,1,0.1111111111,11.1,-17.0000,7.0000,2,1,0.5000000000,7,0,0.0000000000,8,1,0.1250000000,1,0.1111111111,719.10,889.00,0,0,below_floor,393,0.0780768749,0.07638571932468,0.0356083086,0.0666666667,0.1016949153,0.1428571429,0.1752577320,0,0,0,0,0,1,NULL,standard_terms,usable_n_lt_30
15cd6eefe58588619aaed41dfa6621b1,MG,ouro preto,9,1,8,0.1111111111,11.1,1 / 9,1,0.1111111111,11.1,-12.0000,17.0000,8,1,0.1250000000,1,0,0.0000000000,8,1,0.1250000000,1,0.1111111111,1100.64,1444.80,0,0,below_floor,393,0.0780768749,0.07638571932468,0.0356083086,0.0666666667,0.1016949153,0.1428571429,0.1752577320,0,0,0,0,0,1,NULL,standard_terms,usable_n_lt_30
1cbd50a8c52e6cf8e315c5709fab386f,PR,fazenda rio grande,9,1,8,0.1111111111,11.1,1 / 9,1,0.1111111111,11.1,-13.0000,5.0000,7,1,0.1428571429,2,0,0.0000000000,9,1,0.1111111111,0,0.0000000000,785.97,1006.66,0,0,below_floor,393,0.0780768749,0.07638571932468,0.0356083086,0.0666666667,0.1016949153,0.1428571429,0.1752577320,0,0,0,0,0,1,NULL,standard_terms,usable_n_lt_30
2199e7fe213c16213bf5d6a7eadc9a5d,SP,registro,9,1,8,0.1111111111,11.1,1 / 9,1,0.1111111111,11.1,-13.0000,4.0000,4,1,0.2500000000,5,0,0.0000000000,9,1,0.1111111111,0,0.0000000000,1254.50,1450.60,0,0,below_floor,393,0.0780768749,0.07638571932468,0.0356083086,0.0666666667,0.1016949153,0.1428571429,0.1752577320,0,0,0,0,0,1,NULL,standard_terms,usable_n_lt_30
701938c450705b8ae65fc923b70f35c7,SP,s jose do rio preto,9,1,8,0.1111111111,11.1,1 / 9,3,0.3333333333,33.3,-2.0000,2.0000,9,1,0.1111111111,0,0,NULL,9,1,0.1111111111,0,0.0000000000,1099.70,1509.10,0,0,below_floor,393,0.0780768749,0.07638571932468,0.0356083086,0.0666666667,0.1016949153,0.1428571429,0.1752577320,0,0,0,0,0,1,NULL,standard_terms,usable_n_lt_30
70849ca4f400aaabb62cb7462a6f1428,MG,belo horizonte,9,1,8,0.1111111111,11.1,1 / 9,1,0.1111111111,11.1,-13.0000,5.0000,5,1,0.2000000000,4,0,0.0000000000,9,1,0.1111111111,0,0.0000000000,654.61,822.26,0,0,below_floor,393,0.0780768749,0.07638571932468,0.0356083086,0.0666666667,0.1016949153,0.1428571429,0.1752577320,0,0,0,0,0,1,NULL,standard_terms,usable_n_lt_30
7210cd29727d674c00741e5e387b3ccd,SP,sao paulo,9,1,8,0.1111111111,11.1,1 / 9,1,0.1111111111,11.1,-6.0000,1.0000,0,0,NULL,9,1,0.1111111111,9,1,0.1111111111,0,0.0000000000,729.09,874.18,0,0,below_floor,393,0.0780768749,0.07638571932468,0.0356083086,0.0666666667,0.1016949153,0.1428571429,0.1752577320,0,0,0,0,0,1,NULL,standard_terms,usable_n_lt_30
7f2617c58d5d06806987308b45654351,SP,sao paulo,9,1,8,0.1111111111,11.1,1 / 9,1,0.1111111111,11.1,-12.0000,3.0000,6,1,0.1666666667,3,0,0.0000000000,9,1,0.1111111111,0,0.0000000000,1529.00,1675.38,0,0,below_floor,393,0.0780768749,0.07638571932468,0.0356083086,0.0666666667,0.1016949153,0.1428571429,0.1752577320,0,0,0,0,0,1,NULL,standard_terms,usable_n_lt_30
7fdb0720c8d7c9075538b365dc8c3a22,PR,toledo,9,1,8,0.1111111111,11.1,1 / 9,1,0.1111111111,11.1,-17.0000,6.0000,2,0,0.0000000000,7,1,0.1428571429,7,1,0.1428571429,2,0.2222222222,1804.00,2288.31,0,0,below_floor,393,0.0780768749,0.07638571932468,0.0356083086,0.0666666667,0.1016949153,0.1428571429,0.1752577320,0,0,0,0,0,1,NULL,standard_terms,usable_n_lt_30
863d2ebcd347ce4922de7a0f9a5581d6,RJ,rio de janeiro,9,1,8,0.1111111111,11.1,1 / 9,2,0.2222222222,22.2,-11.0000,20.0000,4,1,0.2500000000,5,0,0.0000000000,9,1,0.1111111111,0,0.0000000000,808.23,973.43,0,0,below_floor,393,0.0780768749,0.07638571932468,0.0356083086,0.0666666667,0.1016949153,0.1428571429,0.1752577320,0,0,0,0,0,1,NULL,standard_terms,usable_n_lt_30
8bdd8e3fd58bafa48af76b2c5fd71974,SP,sao paulo,9,1,8,0.1111111111,11.1,1 / 9,1,0.1111111111,11.1,-11.0000,8.0000,2,0,0.0000000000,7,1,0.1428571429,9,1,0.1111111111,0,0.0000000000,1946.84,2109.60,0,0,below_floor,393,0.0780768749,0.07638571932468,0.0356083086,0.0666666667,0.1016949153,0.1428571429,0.1752577320,0,0,0,0,0,1,NULL,standard_terms,usable_n_lt_30
9d7a1d34a5052409006425275ba1c2b4,SP,franca,9,1,8,0.1111111111,11.1,1 / 9,1,0.1111111111,11.1,-10.0000,3.0000,4,1,0.2500000000,5,0,0.0000000000,9,1,0.1111111111,0,0.0000000000,315.24,484.04,0,0,below_floor,393,0.0780768749,0.07638571932468,0.0356083086,0.0666666667,0.1016949153,0.1428571429,0.1752577320,0,0,0,0,0,1,NULL,standard_terms,usable_n_lt_30
9e6967d3cf386d284251784b18ccb485,SP,sao caetano do sul,9,1,8,0.1111111111,11.1,1 / 9,1,0.1111111111,11.1,-8.0000,7.0000,0,0,NULL,9,1,0.1111111111,9,1,0.1111111111,0,0.0000000000,517.67,654.90,0,0,below_floor,393,0.0780768749,0.07638571932468,0.0356083086,0.0666666667,0.1016949153,0.1428571429,0.1752577320,0,0,0,0,0,1,NULL,standard_terms,usable_n_lt_30
a1bea7061f61f6fdd9a85a6325ba1033,SP,carapicuiba / sao paulo,9,1,8,0.1111111111,11.1,1 / 9,1,0.1111111111,11.1,-6.0000,3.0000,0,0,NULL,9,1,0.1111111111,9,1,0.1111111111,0,0.0000000000,810.95,910.88,0,0,below_floor,393,0.0780768749,0.07638571932468,0.0356083086,0.0666666667,0.1016949153,0.1428571429,0.1752577320,0,0,0,0,0,1,NULL,standard_terms,usable_n_lt_30
b18871c324516afa228a13e8f1ef0ae9,SP,sao paulo,9,1,8,0.1111111111,11.1,1 / 9,1,0.1111111111,11.1,-8.0000,2.0000,5,1,0.2000000000,4,0,0.0000000000,9,1,0.1111111111,0,0.0000000000,1064.60,1308.40,0,0,below_floor,393,0.0780768749,0.07638571932468,0.0356083086,0.0666666667,0.1016949153,0.1428571429,0.1752577320,0,0,0,0,0,1,NULL,standard_terms,usable_n_lt_30
bc302730ea8cf49b5c74f579febb5bbf,SP,campinas,9,1,8,0.1111111111,11.1,1 / 9,1,0.1111111111,11.1,-10.0000,1.0000,7,1,0.1428571429,2,0,0.0000000000,9,1,0.1111111111,0,0.0000000000,1161.91,1340.63,0,0,below_floor,393,0.0780768749,0.07638571932468,0.0356083086,0.0666666667,0.1016949153,0.1428571429,0.1752577320,0,0,0,0,0,1,NULL,standard_terms,usable_n_lt_30
c7fdb77fdbff3c41981bc52f787e959e,SP,santo andre,9,1,8,0.1111111111,11.1,1 / 9,2,0.2222222222,22.2,-6.0000,1.0000,5,1,0.2000000000,4,0,0.0000000000,8,1,0.1250000000,1,0.1111111111,658.48,825.16,0,0,below_floor,393,0.0780768749,0.07638571932468,0.0356083086,0.0666666667,0.1016949153,0.1428571429,0.1752577320,0,0,0,0,0,1,NULL,standard_terms,usable_n_lt_30
d624126b9206f595fb3fbb6ba03b28a8,PR,curitiba,9,1,8,0.1111111111,11.1,1 / 9,1,0.1111111111,11.1,-20.0000,12.0000,5,1,0.2000000000,4,0,0.0000000000,9,1,0.1111111111,0,0.0000000000,2365.90,2634.93,0,0,below_floor,393,0.0780768749,0.07638571932468,0.0356083086,0.0666666667,0.1016949153,0.1428571429,0.1752577320,0,0,0,0,0,1,NULL,standard_terms,usable_n_lt_30
de9727ca376d1be6ec121b110aa7954c,PR,sarandi,9,1,8,0.1111111111,11.1,1 / 9,1,0.1111111111,11.1,-18.0000,2.0000,0,0,NULL,9,1,0.1111111111,8,1,0.1250000000,1,0.1111111111,997.80,1195.64,0,0,below_floor,393,0.0780768749,0.07638571932468,0.0356083086,0.0666666667,0.1016949153,0.1428571429,0.1752577320,0,0,0,0,0,1,NULL,standard_terms,usable_n_lt_30
e8dba4d70f7f2b20e775d09cae01142d,SP,santa barbara d oeste,9,1,8,0.1111111111,11.1,1 / 9,1,0.1111111111,11.1,-8.0000,12.0000,0,0,NULL,9,1,0.1111111111,8,1,0.1250000000,1,0.1111111111,855.91,1032.39,1,0,below_floor,393,0.0780768749,0.07638571932468,0.0356083086,0.0666666667,0.1016949153,0.1428571429,0.1752577320,0,0,0,0,0,1,NULL,standard_terms,usable_n_lt_30
f35b3c613c4f7b2275f4185d0a3c59ec,SP,sao paulo,9,1,8,0.1111111111,11.1,1 / 9,2,0.2222222222,22.2,-10.0000,5.0000,6,1,0.1666666667,3,0,0.0000000000,9,1,0.1111111111,0,0.0000000000,4047.25,4214.29,0,0,below_floor,393,0.0780768749,0.07638571932468,0.0356083086,0.0666666667,0.1016949153,0.1428571429,0.1752577320,0,0,0,0,0,1,NULL,standard_terms,usable_n_lt_30
f12ff17ad8bbf01ec5c33b17e506649b,SP,sao paulo,28,3,25,0.1071428571,10.7,3 / 28,3,0.1071428571,10.7,-10.5000,11.0000,25,2,0.0800000000,3,1,0.3333333333,28,3,0.1071428571,0,0.0000000000,6101.00,6728.88,0,0,below_floor,393,0.0780768749,0.07638571932468,0.0356083086,0.0666666667,0.1016949153,0.1428571429,0.1752577320,0,0,0,0,0,1,NULL,standard_terms,usable_n_lt_30
14d7985702e72162bbf13b6beb74ab2b,SP,santo andre,19,2,17,0.1052631579,10.5,2 / 19,2,0.1052631579,10.5,-9.0000,28.5000,10,2,0.2000000000,9,0,0.0000000000,18,2,0.1111111111,1,0.0526315789,1880.00,2191.12,0,0,below_floor,393,0.0780768749,0.07638571932468,0.0356083086,0.0666666667,0.1016949153,0.1428571429,0.1752577320,0,0,0,0,0,1,NULL,standard_terms,usable_n_lt_30
2bf6a2c1e71bbd29a4ad64e6d3c3629f,RJ,nova friburgo,19,2,17,0.1052631579,10.5,2 / 19,2,0.1052631579,10.5,-13.0000,11.0000,11,2,0.1818181818,8,0,0.0000000000,19,2,0.1052631579,0,0.0000000000,32129.20,32814.79,0,0,below_floor,393,0.0780768749,0.07638571932468,0.0356083086,0.0666666667,0.1016949153,0.1428571429,0.1752577320,0,0,0,0,0,1,NULL,standard_terms,usable_n_lt_30
52f0fe436a347ddad7ed5f9aa4e27eaa,SP,sao paulo,19,2,17,0.1052631579,10.5,2 / 19,3,0.1578947368,15.8,-7.0000,11.5000,14,2,0.1428571429,5,0,0.0000000000,17,2,0.1176470588,2,0.1052631579,1452.49,1888.83,0,0,below_floor,393,0.0780768749,0.07638571932468,0.0356083086,0.0666666667,0.1016949153,0.1428571429,0.1752577320,0,0,0,0,0,1,NULL,standard_terms,usable_n_lt_30
dd55f1bb788714a40e7954c3be6df745,SP,sao paulo,19,2,17,0.1052631579,10.5,2 / 19,2,0.1052631579,10.5,-12.0000,7.0000,14,2,0.1428571429,5,0,0.0000000000,19,2,0.1052631579,0,0.0000000000,2873.19,3205.95,0,0,below_floor,393,0.0780768749,0.07638571932468,0.0356083086,0.0666666667,0.1016949153,0.1428571429,0.1752577320,0,0,0,0,0,1,NULL,standard_terms,usable_n_lt_30
ef2fbc2b607d8492bcffe657a4645434,RJ,rio de janeiro,19,2,17,0.1052631579,10.5,2 / 19,2,0.1052631579,10.5,-10.0000,2.0000,0,0,NULL,19,2,0.1052631579,17,2,0.1176470588,2,0.1052631579,920.90,1274.51,0,0,below_floor,393,0.0780768749,0.07638571932468,0.0356083086,0.0666666667,0.1016949153,0.1428571429,0.1752577320,0,0,0,0,0,1,NULL,standard_terms,usable_n_lt_30
624f4ece8da4aafb77699233d480f8ef,SP,sao paulo,29,3,26,0.1034482759,10.3,3 / 29,3,0.1034482759,10.3,-14.0000,10.0000,16,2,0.1250000000,13,1,0.0769230769,25,3,0.1200000000,4,0.1379310345,4720.00,5586.25,0,0,below_floor,393,0.0780768749,0.07638571932468,0.0356083086,0.0666666667,0.1016949153,0.1428571429,0.1752577320,0,0,0,0,0,1,NULL,standard_terms,usable_n_lt_30
aac29b1b99776be73c3049939652091d,MG,uberlandia,29,3,26,0.1034482759,10.3,3 / 29,3,0.1034482759,10.3,-15.0000,28.0000,17,3,0.1764705882,12,0,0.0000000000,28,3,0.1071428571,1,0.0344827586,1467.08,2425.81,0,0,below_floor,393,0.0780768749,0.07638571932468,0.0356083086,0.0666666667,0.1016949153,0.1428571429,0.1752577320,0,0,0,0,0,1,NULL,standard_terms,usable_n_lt_30
f181738b150df1f37cb0bd72e705b193,SP,carapicuiba,29,3,26,0.1034482759,10.3,3 / 29,4,0.1379310345,13.8,-10.0000,7.0000,19,3,0.1578947368,10,0,0.0000000000,28,3,0.1071428571,1,0.0344827586,4574.10,5532.50,0,0,below_floor,393,0.0780768749,0.07638571932468,0.0356083086,0.0666666667,0.1016949153,0.1428571429,0.1752577320,0,0,0,0,0,1,NULL,standard_terms,usable_n_lt_30
5343d0649eca2a983820bfe93fc4d17e,SP,santo andre,69,7,62,0.1014492754,10.1,7 / 69,7,0.1014492754,10.1,-13.0000,4.0000,48,6,0.1250000000,21,1,0.0476190476,60,7,0.1166666667,9,0.1304347826,9749.12,12109.95,0,1,50_99,393,0.0780768749,0.07638571932468,0.0356083086,0.0666666667,0.1016949153,0.1428571429,0.1752577320,0,0,0,0,0,1,NULL,standard_terms,at_or_below_peer_bar
ef506c96320abeedfb894c34db06f478,SP,sao paulo,69,7,62,0.1014492754,10.1,7 / 69,8,0.1159420290,11.6,-9.0000,8.0000,40,7,0.1750000000,29,0,0.0000000000,68,7,0.1029411765,1,0.0144927536,1954.68,3031.38,0,1,50_99,393,0.0780768749,0.07638571932468,0.0356083086,0.0666666667,0.1016949153,0.1428571429,0.1752577320,0,0,0,0,0,1,NULL,standard_terms,at_or_below_peer_bar
fd386aa7bed2af3c7035c65506c9b4a3,SP,sao paulo,69,7,62,0.1014492754,10.1,7 / 69,7,0.1014492754,10.1,-10.0000,7.0000,10,2,0.2000000000,59,5,0.0847457627,65,7,0.1076923077,4,0.0579710145,2304.15,3316.17,0,1,50_99,393,0.0780768749,0.07638571932468,0.0356083086,0.0666666667,0.1016949153,0.1428571429,0.1752577320,0,0,0,0,0,1,NULL,standard_terms,at_or_below_peer_bar
6a8b085f816a1f75f92dbac6eb545f8f,SP,bebedouro,79,8,71,0.1012658228,10.1,8 / 79,9,0.1139240506,11.4,-12.0000,9.0000,53,7,0.1320754717,26,1,0.0384615385,77,7,0.0909090909,2,0.0253164557,3617.59,5003.44,1,1,50_99,393,0.0780768749,0.07638571932468,0.0356083086,0.0666666667,0.1016949153,0.1428571429,0.1752577320,0,0,0,0,0,1,NULL,standard_terms,at_or_below_peer_bar
fe2032dab1a61af8794248c8196565c9,SP,campinas,129,13,116,0.1007751938,10.1,13 / 129,13,0.1007751938,10.1,-12.0000,5.0000,55,5,0.0909090909,74,8,0.1081081081,127,13,0.1023622047,2,0.0155038760,28858.61,30979.86,0,1,100_plus,393,0.0780768749,0.07638571932468,0.0356083086,0.0666666667,0.1016949153,0.1428571429,0.1752577320,0,0,0,0,0,1,NULL,standard_terms,at_or_below_peer_bar
b6d44737c043328708f6749c2dbe50bd,SP,santo andre,40,4,36,0.1000000000,10.0,4 / 40,4,0.1000000000,10.0,-11.0000,4.0000,22,2,0.0909090909,18,2,0.1111111111,36,3,0.0833333333,4,0.1000000000,3315.40,4343.06,0,1,30_49,393,0.0780768749,0.07638571932468,0.0356083086,0.0666666667,0.1016949153,0.1428571429,0.1752577320,0,0,0,0,0,1,NULL,standard_terms,at_or_below_peer_bar
86ccac0b835037332a596a33b6949ee1,SC,blumenau,30,3,27,0.1000000000,10.0,3 / 30,3,0.1000000000,10.0,-15.5000,17.0000,25,3,0.1200000000,5,0,0.0000000000,28,3,0.1071428571,2,0.0666666667,3337.38,4044.75,0,1,30_49,393,0.0780768749,0.07638571932468,0.0356083086,0.0666666667,0.1016949153,0.1428571429,0.1752577320,0,0,0,0,0,1,NULL,standard_terms,at_or_below_peer_bar
e8b4225284fbb02d16f200513f1f395d,SP,novo horizonte,30,3,27,0.1000000000,10.0,3 / 30,3,0.1000000000,10.0,-12.0000,4.0000,3,0,0.0000000000,27,3,0.1111111111,30,3,0.1000000000,0,0.0000000000,5638.62,6912.60,0,1,30_49,393,0.0780768749,0.07638571932468,0.0356083086,0.0666666667,0.1016949153,0.1428571429,0.1752577320,0,0,0,0,0,1,NULL,standard_terms,at_or_below_peer_bar
96493fab2fbb13a14d0c0e8772eef5c3,SP,sao paulo,20,2,18,0.1000000000,10.0,2 / 20,2,0.1000000000,10.0,-10.0000,3.0000,19,2,0.1052631579,1,0,0.0000000000,20,2,0.1000000000,0,0.0000000000,6413.00,6834.56,0,0,below_floor,393,0.0780768749,0.07638571932468,0.0356083086,0.0666666667,0.1016949153,0.1428571429,0.1752577320,0,0,0,0,0,1,NULL,standard_terms,usable_n_lt_30
0bf0150d5b9d60d9cd2906003332f085,SP,sao paulo,10,1,9,0.1000000000,10.0,1 / 10,2,0.2000000000,20.0,-11.0000,13.0000,9,1,0.1111111111,1,0,0.0000000000,10,1,0.1000000000,0,0.0000000000,1736.90,2095.44,0,0,below_floor,393,0.0780768749,0.07638571932468,0.0356083086,0.0666666667,0.1016949153,0.1428571429,0.1752577320,0,0,0,0,0,1,NULL,standard_terms,usable_n_lt_30
1690cada046eb7e92c12f98b1f8a8167,SP,sao paulo,10,1,9,0.1000000000,10.0,1 / 10,1,0.1000000000,10.0,-13.0000,2.0000,1,0,0.0000000000,9,1,0.1111111111,10,1,0.1000000000,0,0.0000000000,1760.00,1992.91,0,0,below_floor,393,0.0780768749,0.07638571932468,0.0356083086,0.0666666667,0.1016949153,0.1428571429,0.1752577320,0,0,0,0,0,1,NULL,standard_terms,usable_n_lt_30
2e1a7d075abe038c1b2743005fe42ff1,SP,sao paulo,10,1,9,0.1000000000,10.0,1 / 10,1,0.1000000000,10.0,-8.5000,4.0000,9,1,0.1111111111,1,0,0.0000000000,10,1,0.1000000000,0,0.0000000000,779.80,968.90,0,0,below_floor,393,0.0780768749,0.07638571932468,0.0356083086,0.0666666667,0.1016949153,0.1428571429,0.1752577320,0,0,0,0,0,1,NULL,standard_terms,usable_n_lt_30
33576ec5412fb5905d876f12f33bfde6,PR,curitiba,10,1,9,0.1000000000,10.0,1 / 10,1,0.1000000000,10.0,-21.5000,5.0000,5,1,0.2000000000,5,0,0.0000000000,10,1,0.1000000000,0,0.0000000000,890.00,1078.61,0,0,below_floor,393,0.0780768749,0.07638571932468,0.0356083086,0.0666666667,0.1016949153,0.1428571429,0.1752577320,0,0,0,0,0,1,NULL,standard_terms,usable_n_lt_30
3f995f07c49d0d55a99d5c54957f7d81,SP,itapecerica da serra,10,1,9,0.1000000000,10.0,1 / 10,1,0.1000000000,10.0,-7.5000,8.0000,1,1,1.0000000000,9,0,0.0000000000,10,1,0.1000000000,0,0.0000000000,610.00,755.96,0,0,below_floor,393,0.0780768749,0.07638571932468,0.0356083086,0.0666666667,0.1016949153,0.1428571429,0.1752577320,0,0,0,0,0,1,NULL,standard_terms,usable_n_lt_30
5a6a02f419701fc8c605af71d4fc57a4,SP,americana,10,1,9,0.1000000000,10.0,1 / 10,1,0.1000000000,10.0,-8.0000,1.0000,0,0,NULL,10,1,0.1000000000,10,1,0.1000000000,0,0.0000000000,600.50,714.41,0,0,below_floor,393,0.0780768749,0.07638571932468,0.0356083086,0.0666666667,0.1016949153,0.1428571429,0.1752577320,0,0,0,0,0,1,NULL,standard_terms,usable_n_lt_30
5b2e94f2c22b39ccc24d34ad0f669672,SP,sao paulo,10,1,9,0.1000000000,10.0,1 / 10,1,0.1000000000,10.0,-11.0000,4.0000,0,0,NULL,10,1,0.1000000000,9,1,0.1111111111,1,0.1000000000,949.78,1340.14,0,0,below_floor,393,0.0780768749,0.07638571932468,0.0356083086,0.0666666667,0.1016949153,0.1428571429,0.1752577320,0,0,0,0,0,1,NULL,standard_terms,usable_n_lt_30
6288c69c4ce638e59925e59193f98b16,SP,santo andre,10,1,9,0.1000000000,10.0,1 / 10,1,0.1000000000,10.0,-14.0000,8.0000,4,1,0.2500000000,6,0,0.0000000000,10,1,0.1000000000,0,0.0000000000,1430.90,1573.70,0,0,below_floor,393,0.0780768749,0.07638571932468,0.0356083086,0.0666666667,0.1016949153,0.1428571429,0.1752577320,0,0,0,0,0,1,NULL,standard_terms,usable_n_lt_30
ad97a199236354e53fcd91a5a913e9a2,SC,brusque,10,1,9,0.1000000000,10.0,1 / 10,1,0.1000000000,10.0,-11.5000,5.0000,7,1,0.1428571429,3,0,0.0000000000,10,1,0.1000000000,0,0.0000000000,8741.85,9384.52,0,0,below_floor,393,0.0780768749,0.07638571932468,0.0356083086,0.0666666667,0.1016949153,0.1428571429,0.1752577320,0,0,0,0,0,1,NULL,standard_terms,usable_n_lt_30
b2c97074649f92197d9387d9033dda5f,SP,botucatu,10,1,9,0.1000000000,10.0,1 / 10,1,0.1000000000,10.0,-11.0000,2.0000,2,0,0.0000000000,8,1,0.1250000000,10,1,0.1000000000,0,0.0000000000,684.71,964.08,0,0,below_floor,393,0.0780768749,0.07638571932468,0.0356083086,0.0666666667,0.1016949153,0.1428571429,0.1752577320,0,0,0,0,0,1,NULL,standard_terms,usable_n_lt_30
bd1d49a326abfa9b1036772e40445430,SP,bauru,10,1,9,0.1000000000,10.0,1 / 10,1,0.1000000000,10.0,-14.5000,16.0000,8,1,0.1250000000,2,0,0.0000000000,10,1,0.1000000000,0,0.0000000000,494.40,658.86,0,0,below_floor,393,0.0780768749,0.07638571932468,0.0356083086,0.0666666667,0.1016949153,0.1428571429,0.1752577320,0,0,0,0,0,1,NULL,standard_terms,usable_n_lt_30
d2e753bb80b7d4faa77483ed00edc8ca,BA,porto seguro,10,1,9,0.1000000000,10.0,1 / 10,1,0.1000000000,10.0,-16.0000,14.0000,8,1,0.1250000000,2,0,0.0000000000,8,1,0.1250000000,2,0.2000000000,878.00,1198.99,0,0,below_floor,393,0.0780768749,0.07638571932468,0.0356083086,0.0666666667,0.1016949153,0.1428571429,0.1752577320,0,0,0,0,0,1,NULL,standard_terms,usable_n_lt_30
d7485b33791774c36108f8c69602d48d,PR,curitiba,10,1,9,0.1000000000,10.0,1 / 10,1,0.1000000000,10.0,-13.0000,12.0000,3,0,0.0000000000,7,1,0.1428571429,9,1,0.1111111111,1,0.1000000000,399.82,619.14,0,0,below_floor,393,0.0780768749,0.07638571932468,0.0356083086,0.0666666667,0.1016949153,0.1428571429,0.1752577320,0,0,0,0,0,1,NULL,standard_terms,usable_n_lt_30
f5f1f2c5f923f36ad79ea1d07185ddc9,SP,taruma,10,1,9,0.1000000000,10.0,1 / 10,1,0.1000000000,10.0,-8.5000,2.0000,10,1,0.1000000000,0,0,NULL,10,1,0.1000000000,0,0.0000000000,1517.77,1691.50,0,0,below_floor,393,0.0780768749,0.07638571932468,0.0356083086,0.0666666667,0.1016949153,0.1428571429,0.1752577320,0,0,0,0,0,1,NULL,standard_terms,usable_n_lt_30
2e1c9f22be269ef4643f826c9e650a52,SP,sao paulo,81,8,73,0.0987654321,9.9,8 / 81,8,0.0987654321,9.9,-11.0000,7.5000,50,6,0.1200000000,31,2,0.0645161290,80,8,0.1000000000,1,0.0123456790,7100.56,8316.69,0,1,50_99,393,0.0780768749,0.07638571932468,0.0356083086,0.0666666667,0.1016949153,0.1428571429,0.1752577320,0,0,0,0,0,1,NULL,standard_terms,at_or_below_peer_bar
5d0363b33554b373851fc1622e4d5f3c,SP,atibaia,81,8,73,0.0987654321,9.9,8 / 81,8,0.0987654321,9.9,-9.0000,7.0000,45,5,0.1111111111,36,3,0.0833333333,78,7,0.0897435897,3,0.0370370370,5756.59,7695.79,0,1,50_99,393,0.0780768749,0.07638571932468,0.0356083086,0.0666666667,0.1016949153,0.1428571429,0.1752577320,0,0,0,0,0,1,NULL,standard_terms,at_or_below_peer_bar
7d76b645482be4a332374e8223836592,SP,sao paulo,81,8,73,0.0987654321,9.9,8 / 81,9,0.1111111111,11.1,-9.0000,9.0000,62,7,0.1129032258,19,1,0.0526315789,78,8,0.1025641026,3,0.0370370370,1646.67,2803.73,0,1,50_99,393,0.0780768749,0.07638571932468,0.0356083086,0.0666666667,0.1016949153,0.1428571429,0.1752577320,0,0,0,0,0,1,NULL,standard_terms,at_or_below_peer_bar
2a7dc43cecabf23403078e2188437d1d,SP,sao paulo,31,3,28,0.0967741935,9.7,3 / 31,3,0.0967741935,9.7,-13.0000,6.0000,27,3,0.1111111111,4,0,0.0000000000,30,3,0.1000000000,1,0.0322580645,2498.44,3002.93,0,1,30_49,393,0.0780768749,0.07638571932468,0.0356083086,0.0666666667,0.1016949153,0.1428571429,0.1752577320,0,0,0,0,0,1,NULL,standard_terms,at_or_below_peer_bar
e62b2d6ac10570a035a30bafcf01d263,SP,sao paulo,52,5,47,0.0961538462,9.6,5 / 52,6,0.1153846154,11.5,-10.0000,12.0000,42,5,0.1190476190,10,0,0.0000000000,50,5,0.1000000000,2,0.0384615385,4768.36,5678.89,0,1,50_99,393,0.0780768749,0.07638571932468,0.0356083086,0.0666666667,0.1016949153,0.1428571429,0.1752577320,0,0,0,0,0,1,NULL,standard_terms,at_or_below_peer_bar
f45122a9ab94eb4f3f8953578bc0c560,SP,piracicaba,52,5,47,0.0961538462,9.6,5 / 52,5,0.0961538462,9.6,-9.0000,13.0000,44,5,0.1136363636,8,0,0.0000000000,50,5,0.1000000000,2,0.0384615385,5051.79,5970.86,0,1,50_99,393,0.0780768749,0.07638571932468,0.0356083086,0.0666666667,0.1016949153,0.1428571429,0.1752577320,0,0,0,0,0,1,NULL,standard_terms,at_or_below_peer_bar
fa40cc5b934574b62717c68f3d678b6d,SP,sao paulo,73,7,66,0.0958904110,9.6,7 / 73,8,0.1095890411,11.0,-9.0000,8.0000,64,7,0.1093750000,9,0,0.0000000000,70,7,0.1000000000,3,0.0410958904,3672.41,4689.43,0,1,50_99,393,0.0780768749,0.07638571932468,0.0356083086,0.0666666667,0.1016949153,0.1428571429,0.1752577320,0,0,0,0,0,1,NULL,standard_terms,at_or_below_peer_bar
634964b17796e64304cadf1ad3050fb7,RJ,rio de janeiro,240,23,217,0.0958333333,9.6,23 / 240,25,0.1041666667,10.4,-12.0000,5.0000,135,15,0.1111111111,105,8,0.0761904762,233,23,0.0987124464,7,0.0291666667,36306.10,41782.79,0,1,100_plus,393,0.0780768749,0.07638571932468,0.0356083086,0.0666666667,0.1016949153,0.1428571429,0.1752577320,0,0,0,0,0,1,NULL,standard_terms,at_or_below_peer_bar
00ee68308b45bc5e2660cd833c3f81cc,SP,sao paulo,94,9,85,0.0957446809,9.6,9 / 94,10,0.1063829787,10.6,-12.0000,5.0000,88,8,0.0909090909,6,1,0.1666666667,89,9,0.1011235955,5,0.0531914894,15492.00,17730.56,0,1,50_99,393,0.0780768749,0.07638571932468,0.0356083086,0.0666666667,0.1016949153,0.1428571429,0.1752577320,0,0,0,0,0,1,NULL,standard_terms,at_or_below_peer_bar
edb1ef5e36e0c8cd84eb3c9b003e486d,RJ,teresopolis,126,12,114,0.0952380952,9.5,12 / 126,12,0.0952380952,9.5,-14.0000,9.0000,60,10,0.1666666667,66,2,0.0303030303,124,12,0.0967741935,2,0.0158730159,60715.90,63767.43,0,1,100_plus,393,0.0780768749,0.07638571932468,0.0356083086,0.0666666667,0.1016949153,0.1428571429,0.1752577320,0,0,0,0,0,1,NULL,standard_terms,at_or_below_peer_bar
1c40343cc5d18c2d8248ac2f3366de34,SP,limeira,21,2,19,0.0952380952,9.5,2 / 21,2,0.0952380952,9.5,-13.0000,1.0000,0,0,NULL,21,2,0.0952380952,18,2,0.1111111111,3,0.1428571429,2461.41,2839.42,0,0,below_floor,393,0.0780768749,0.07638571932468,0.0356083086,0.0666666667,0.1016949153,0.1428571429,0.1752577320,0,0,0,0,0,1,NULL,standard_terms,usable_n_lt_30
31344c16881c08a8a72c6d2eb29918c1,MG,uba,21,2,19,0.0952380952,9.5,2 / 21,2,0.0952380952,9.5,-10.0000,22.0000,12,1,0.0833333333,9,1,0.1111111111,21,2,0.0952380952,0,0.0000000000,4677.90,5956.35,0,0,below_floor,393,0.0780768749,0.07638571932468,0.0356083086,0.0666666667,0.1016949153,0.1428571429,0.1752577320,0,0,0,0,0,1,NULL,standard_terms,usable_n_lt_30
31da954dc0855f2495c6310f70a2f931,SP,araras,21,2,19,0.0952380952,9.5,2 / 21,3,0.1428571429,14.3,-9.0000,6.5000,16,1,0.0625000000,5,1,0.2000000000,20,2,0.1000000000,1,0.0476190476,3925.00,4265.41,0,0,below_floor,393,0.0780768749,0.07638571932468,0.0356083086,0.0666666667,0.1016949153,0.1428571429,0.1752577320,0,0,0,0,0,1,NULL,standard_terms,usable_n_lt_30
411f3b52d857390502ee4e4d5ceabc2d,SP,ribeirao pires,21,2,19,0.0952380952,9.5,2 / 21,3,0.1428571429,14.3,-8.0000,17.0000,3,2,0.6666666667,18,0,0.0000000000,20,2,0.1000000000,1,0.0476190476,1804.01,2182.72,1,0,below_floor,393,0.0780768749,0.07638571932468,0.0356083086,0.0666666667,0.1016949153,0.1428571429,0.1752577320,0,0,0,0,0,1,NULL,standard_terms,usable_n_lt_30
aced59e9b31ef866a94f9e7f29d8d418,SP,sao paulo,21,2,19,0.0952380952,9.5,2 / 21,5,0.2380952381,23.8,-10.0000,9.0000,11,2,0.1818181818,10,0,0.0000000000,21,2,0.0952380952,0,0.0000000000,2986.70,3417.07,0,0,below_floor,393,0.0780768749,0.07638571932468,0.0356083086,0.0666666667,0.1016949153,0.1428571429,0.1752577320,0,0,0,0,0,1,NULL,standard_terms,usable_n_lt_30
b56906f7fd1696e043f1bcce164c487b,SP,echapora,21,2,19,0.0952380952,9.5,2 / 21,2,0.0952380952,9.5,-13.0000,16.0000,18,2,0.1111111111,3,0,0.0000000000,21,2,0.0952380952,0,0.0000000000,1073.64,1518.58,0,0,below_floor,393,0.0780768749,0.07638571932468,0.0356083086,0.0666666667,0.1016949153,0.1428571429,0.1752577320,0,0,0,0,0,1,NULL,standard_terms,usable_n_lt_30
bc47d5d1490df2b36add65d733eafaba,SP,santo andre,21,2,19,0.0952380952,9.5,2 / 21,2,0.0952380952,9.5,-13.0000,5.5000,13,2,0.1538461538,8,0,0.0000000000,18,2,0.1111111111,3,0.1428571429,929.80,1301.86,0,0,below_floor,393,0.0780768749,0.07638571932468,0.0356083086,0.0666666667,0.1016949153,0.1428571429,0.1752577320,0,0,0,0,0,1,NULL,standard_terms,usable_n_lt_30
e5e33c0d8e7e002f398f5dc4cbbb338f,SP,bauru,21,2,19,0.0952380952,9.5,2 / 21,3,0.1428571429,14.3,-14.0000,14.0000,4,1,0.2500000000,17,1,0.0588235294,21,2,0.0952380952,0,0.0000000000,5872.50,6548.25,0,0,below_floor,393,0.0780768749,0.07638571932468,0.0356083086,0.0666666667,0.1016949153,0.1428571429,0.1752577320,0,0,0,0,0,1,NULL,standard_terms,usable_n_lt_30
7a67c85e85bb2ce8582c35f2203ad736,SP,sao paulo,361,34,327,0.0941828255,9.4,34 / 361,37,0.1024930748,10.2,-12.0000,5.0000,251,27,0.1075697211,110,7,0.0636363636,352,34,0.0965909091,9,0.0249307479,43511.58,50291.60,0,1,100_plus,393,0.0780768749,0.07638571932468,0.0356083086,0.0666666667,0.1016949153,0.1428571429,0.1752577320,0,0,0,0,0,1,NULL,standard_terms,at_or_below_peer_bar
e59aa562b9f8076dd550fcddf0e73491,PR,curitiba,54,5,49,0.0925925926,9.3,5 / 54,6,0.1111111111,11.1,-13.0000,10.0000,41,4,0.0975609756,13,1,0.0769230769,54,5,0.0925925926,0,0.0000000000,23379.30,25042.21,0,1,50_99,393,0.0780768749,0.07638571932468,0.0356083086,0.0666666667,0.1016949153,0.1428571429,0.1752577320,0,0,0,0,0,1,NULL,standard_terms,at_or_below_peer_bar
7142540dd4c91e2237acb7e911c4eba2,SP,penapolis,164,15,149,0.0914634146,9.1,15 / 164,17,0.1036585366,10.4,-14.0000,8.0000,116,13,0.1120689655,48,2,0.0416666667,159,15,0.0943396226,5,0.0304878049,21553.29,25309.71,0,1,100_plus,393,0.0780768749,0.07638571932468,0.0356083086,0.0666666667,0.1016949153,0.1428571429,0.1752577320,0,0,0,0,0,1,NULL,standard_terms,at_or_below_peer_bar
ef0ace09169ac090589d85746e3e036f,RJ,sao goncalo,110,10,100,0.0909090909,9.1,10 / 110,11,0.1000000000,10.0,-12.0000,4.5000,61,7,0.1147540984,49,3,0.0612244898,107,10,0.0934579439,3,0.0272727273,13894.30,15924.27,0,1,100_plus,393,0.0780768749,0.07638571932468,0.0356083086,0.0666666667,0.1016949153,0.1428571429,0.1752577320,0,0,0,0,0,1,NULL,standard_terms,at_or_below_peer_bar
d673a59aac7a70d8b01e6902bf090a11,SP,ibitinga,66,6,60,0.0909090909,9.1,6 / 66,8,0.1212121212,12.1,-14.0000,7.0000,43,5,0.1162790698,23,1,0.0434782609,57,6,0.1052631579,9,0.1363636364,3437.54,4828.51,1,1,50_99,393,0.0780768749,0.07638571932468,0.0356083086,0.0666666667,0.1016949153,0.1428571429,0.1752577320,0,0,0,0,0,1,NULL,standard_terms,at_or_below_peer_bar
a420f60ff1aa9acc80d0e42959f2b313,SP,sao paulo,55,5,50,0.0909090909,9.1,5 / 55,6,0.1090909091,10.9,-13.0000,12.0000,30,5,0.1666666667,25,0,0.0000000000,54,5,0.0925925926,1,0.0181818182,5991.30,6872.41,0,1,50_99,393,0.0780768749,0.07638571932468,0.0356083086,0.0666666667,0.1016949153,0.1428571429,0.1752577320,0,0,0,0,0,1,NULL,standard_terms,at_or_below_peer_bar
bd0389da23d89b726abf911cccc54596,DF,brasilia,55,5,50,0.0909090909,9.1,5 / 55,5,0.0909090909,9.1,-14.0000,24.0000,47,4,0.0851063830,8,1,0.1250000000,54,5,0.0925925926,1,0.0181818182,4752.57,5802.77,0,1,50_99,393,0.0780768749,0.07638571932468,0.0356083086,0.0666666667,0.1016949153,0.1428571429,0.1752577320,0,0,0,0,0,1,NULL,standard_terms,at_or_below_peer_bar
113e3a788b935f48aad63e1c41dac1bd,SP,aparecida,22,2,20,0.0909090909,9.1,2 / 22,2,0.0909090909,9.1,-13.5000,8.0000,10,1,0.1000000000,12,1,0.0833333333,22,2,0.0909090909,0,0.0000000000,476.00,904.55,0,0,below_floor,393,0.0780768749,0.07638571932468,0.0356083086,0.0666666667,0.1016949153,0.1428571429,0.1752577320,0,0,0,0,0,1,NULL,standard_terms,usable_n_lt_30
e7d5b006eb624f13074497221eb37807,SP,santo andre,22,2,20,0.0909090909,9.1,2 / 22,2,0.0909090909,9.1,-8.5000,7.5000,18,2,0.1111111111,4,0,0.0000000000,22,2,0.0909090909,0,0.0000000000,2797.44,3446.86,0,0,below_floor,393,0.0780768749,0.07638571932468,0.0356083086,0.0666666667,0.1016949153,0.1428571429,0.1752577320,0,0,0,0,0,1,NULL,standard_terms,usable_n_lt_30
165b1235e9e9942cb5fae67103576fb0,SP,ribeirao preto,11,1,10,0.0909090909,9.1,1 / 11,1,0.0909090909,9.1,-8.0000,6.0000,0,0,NULL,11,1,0.0909090909,11,1,0.0909090909,0,0.0000000000,2085.15,2489.80,0,0,below_floor,393,0.0780768749,0.07638571932468,0.0356083086,0.0666666667,0.1016949153,0.1428571429,0.1752577320,0,0,0,0,0,1,NULL,standard_terms,usable_n_lt_30
1cbd32d00d01bb8087a5eb088612fd9c,SP,sp / sp,11,1,10,0.0909090909,9.1,1 / 11,1,0.0909090909,9.1,-13.0000,1.0000,0,0,NULL,11,1,0.0909090909,11,1,0.0909090909,0,0.0000000000,1045.47,1289.53,0,0,below_floor,393,0.0780768749,0.07638571932468,0.0356083086,0.0666666667,0.1016949153,0.1428571429,0.1752577320,0,0,0,0,0,1,NULL,standard_terms,usable_n_lt_30
4677a5437afda5fa7140b927b07be1cc,PR,japira,11,1,10,0.0909090909,9.1,1 / 11,1,0.0909090909,9.1,-16.0000,1.0000,2,0,0.0000000000,9,1,0.1111111111,11,1,0.0909090909,0,0.0000000000,3415.70,3835.70,0,0,below_floor,393,0.0780768749,0.07638571932468,0.0356083086,0.0666666667,0.1016949153,0.1428571429,0.1752577320,0,0,0,0,0,1,NULL,standard_terms,usable_n_lt_30
4be6b962d83299498bae2190f95d6566,SP,sao carlos,11,1,10,0.0909090909,9.1,1 / 11,1,0.0909090909,9.1,-11.0000,1.0000,4,1,0.2500000000,7,0,0.0000000000,10,1,0.1000000000,1,0.0909090909,508.80,691.09,0,0,below_floor,393,0.0780768749,0.07638571932468,0.0356083086,0.0666666667,0.1016949153,0.1428571429,0.1752577320,0,0,0,0,0,1,NULL,standard_terms,usable_n_lt_30
6ddc28b61be28373b4503a1f61cf98a9,SP,sao paulo,11,1,10,0.0909090909,9.1,1 / 11,1,0.0909090909,9.1,-8.0000,5.0000,0,0,NULL,11,1,0.0909090909,10,1,0.1000000000,1,0.0909090909,1732.90,1900.09,0,0,below_floor,393,0.0780768749,0.07638571932468,0.0356083086,0.0666666667,0.1016949153,0.1428571429,0.1752577320,0,0,0,0,0,1,NULL,standard_terms,usable_n_lt_30
723cd880edaacdb998898b67c8f9da30,SP,ibitinga,11,1,10,0.0909090909,9.1,1 / 11,1,0.0909090909,9.1,-10.0000,4.0000,4,1,0.2500000000,7,0,0.0000000000,10,1,0.1000000000,1,0.0909090909,2136.53,2549.63,0,0,below_floor,393,0.0780768749,0.07638571932468,0.0356083086,0.0666666667,0.1016949153,0.1428571429,0.1752577320,0,0,0,0,0,1,NULL,standard_terms,usable_n_lt_30
7b7f91e98f8c6def45a1407923304402,SP,osasco,11,1,10,0.0909090909,9.1,1 / 11,1,0.0909090909,9.1,-11.0000,15.0000,2,1,0.5000000000,9,0,0.0000000000,11,1,0.0909090909,0,0.0000000000,417.47,620.49,0,0,below_floor,393,0.0780768749,0.07638571932468,0.0356083086,0.0666666667,0.1016949153,0.1428571429,0.1752577320,0,0,0,0,0,1,NULL,standard_terms,usable_n_lt_30
8931a84a914b3fe9b1ddaa4d704947ca,SP,sao paulo,11,1,10,0.0909090909,9.1,1 / 11,1,0.0909090909,9.1,-9.0000,7.0000,4,0,0.0000000000,7,1,0.1428571429,11,1,0.0909090909,0,0.0000000000,2365.90,2530.97,0,0,below_floor,393,0.0780768749,0.07638571932468,0.0356083086,0.0666666667,0.1016949153,0.1428571429,0.1752577320,0,0,0,0,0,1,NULL,standard_terms,usable_n_lt_30
8ca1551acf9832a4cf467bbbac15851f,PR,campo largo,11,1,10,0.0909090909,9.1,1 / 11,1,0.0909090909,9.1,-19.0000,22.0000,5,1,0.2000000000,6,0,0.0000000000,10,1,0.1000000000,1,0.0909090909,2176.40,2442.94,0,0,below_floor,393,0.0780768749,0.07638571932468,0.0356083086,0.0666666667,0.1016949153,0.1428571429,0.1752577320,0,0,0,0,0,1,NULL,standard_terms,usable_n_lt_30
989becdce12ebc39863c2bceab6f3ca1,PR,curitiba,11,1,10,0.0909090909,9.1,1 / 11,1,0.0909090909,9.1,-15.0000,1.0000,7,0,0.0000000000,4,1,0.2500000000,11,1,0.0909090909,0,0.0000000000,4689.90,5301.15,0,0,below_floor,393,0.0780768749,0.07638571932468,0.0356083086,0.0666666667,0.1016949153,0.1428571429,0.1752577320,0,0,0,0,0,1,NULL,standard_terms,usable_n_lt_30
acadd4d36859671cb635527c6c977533,SP,santa rosa de viterbo,11,1,10,0.0909090909,9.1,1 / 11,2,0.1818181818,18.2,-12.0000,56.0000,7,1,0.1428571429,4,0,0.0000000000,11,1,0.0909090909,0,0.0000000000,2335.00,2587.57,0,0,below_floor,393,0.0780768749,0.07638571932468,0.0356083086,0.0666666667,0.1016949153,0.1428571429,0.1752577320,0,0,0,0,0,1,NULL,standard_terms,usable_n_lt_30
af4a0e4cfe1d9c26b6712b1be25a72e5,MG,mateus leme,11,1,10,0.0909090909,9.1,1 / 11,2,0.1818181818,18.2,-13.0000,7.0000,11,1,0.0909090909,0,0,NULL,11,1,0.0909090909,0,0.0000000000,4077.83,4349.98,0,0,below_floor,393,0.0780768749,0.07638571932468,0.0356083086,0.0666666667,0.1016949153,0.1428571429,0.1752577320,0,0,0,0,0,1,NULL,standard_terms,usable_n_lt_30
b8630e1121437d41cb08e3c749c2c2e2,RJ,duque de caxias,11,1,10,0.0909090909,9.1,1 / 11,2,0.1818181818,18.2,-10.0000,1.0000,4,1,0.2500000000,7,0,0.0000000000,11,1,0.0909090909,0,0.0000000000,4589.00,4918.10,0,0,below_floor,393,0.0780768749,0.07638571932468,0.0356083086,0.0666666667,0.1016949153,0.1428571429,0.1752577320,0,0,0,0,0,1,NULL,standard_terms,usable_n_lt_30
c4fabeea6e569d42d02993bb1f4f1cbc,CE,fortaleza,11,1,10,0.0909090909,9.1,1 / 11,1,0.0909090909,9.1,-8.0000,23.0000,8,1,0.1250000000,3,0,0.0000000000,11,1,0.0909090909,0,0.0000000000,859.30,1136.52,0,0,below_floor,393,0.0780768749,0.07638571932468,0.0356083086,0.0666666667,0.1016949153,0.1428571429,0.1752577320,0,0,0,0,0,1,NULL,standard_terms,usable_n_lt_30
c5f7feb04a6a1fb3596322bfc3cf1917,SP,sao caetano do sul,11,1,10,0.0909090909,9.1,1 / 11,1,0.0909090909,9.1,-9.0000,18.0000,0,0,NULL,11,1,0.0909090909,9,1,0.1111111111,2,0.1818181818,1720.60,2058.46,1,0,below_floor,393,0.0780768749,0.07638571932468,0.0356083086,0.0666666667,0.1016949153,0.1428571429,0.1752577320,0,0,0,0,0,1,NULL,standard_terms,usable_n_lt_30
e7df4cd29ab5abab70fb0783ddb53987,SP,sao paulo,11,1,10,0.0909090909,9.1,1 / 11,3,0.2727272727,27.3,-14.0000,9.0000,9,1,0.1111111111,2,0,0.0000000000,10,1,0.1000000000,1,0.0909090909,5673.50,5883.01,0,0,below_floor,393,0.0780768749,0.07638571932468,0.0356083086,0.0666666667,0.1016949153,0.1428571429,0.1752577320,0,0,0,0,0,1,NULL,standard_terms,usable_n_lt_30
c826c40d7b19f62a09e2d7c5e7295ee2,SP,guarulhos,256,23,233,0.0898437500,9.0,23 / 256,27,0.1054687500,10.5,-10.0000,6.0000,232,23,0.0991379310,24,0,0.0000000000,255,23,0.0901960784,1,0.0039062500,33636.03,37773.77,0,1,100_plus,393,0.0780768749,0.07638571932468,0.0356083086,0.0666666667,0.1016949153,0.1428571429,0.1752577320,0,0,0,0,0,1,NULL,standard_terms,at_or_below_peer_bar
8160255418d5aaa7dbdc9f4c64ebda44,SP,ibitinga,268,24,244,0.0895522388,9.0,24 / 268,30,0.1119402985,11.2,-11.0000,5.0000,163,24,0.1472392638,105,0,0.0000000000,254,24,0.0944881890,14,0.0522388060,29904.69,35184.38,0,1,100_plus,393,0.0780768749,0.07638571932468,0.0356083086,0.0666666667,0.1016949153,0.1428571429,0.1752577320,0,0,0,0,0,1,NULL,standard_terms,at_or_below_peer_bar
ea8482cd71df3c1969d7b9473ff13abc,SP,sao paulo,795,71,724,0.0893081761,8.9,71 / 795,89,0.1119496855,11.2,-9.0000,6.0000,554,63,0.1137184116,241,8,0.0331950207,783,71,0.0906768838,12,0.0150943396,26792.07,39240.57,5,1,100_plus,393,0.0780768749,0.07638571932468,0.0356083086,0.0666666667,0.1016949153,0.1428571429,0.1752577320,0,0,0,0,0,1,NULL,standard_terms,at_or_below_peer_bar
f0b47fbbc6dee9aafe415a6e33051b3f,SP,maua,56,5,51,0.0892857143,8.9,5 / 56,5,0.0892857143,8.9,-12.5000,2.0000,7,1,0.1428571429,49,4,0.0816326531,53,5,0.0943396226,3,0.0535714286,3140.89,4231.77,0,1,50_99,393,0.0780768749,0.07638571932468,0.0356083086,0.0666666667,0.1016949153,0.1428571429,0.1752577320,0,0,0,0,0,1,NULL,standard_terms,at_or_below_peer_bar
db2956745b3a8e9f3785c99f34b5d25e,SP,sao sebastiao,45,4,41,0.0888888889,8.9,4 / 45,5,0.1111111111,11.1,-12.0000,7.0000,5,2,0.4000000000,40,2,0.0500000000,43,4,0.0930232558,2,0.0444444444,8261.00,9208.26,0,1,30_49,393,0.0780768749,0.07638571932468,0.0356083086,0.0666666667,0.1016949153,0.1428571429,0.1752577320,0,0,0,0,0,1,NULL,standard_terms,at_or_below_peer_bar
1835b56ce799e6a4dc4eddc053f04066,SP,ibitinga,283,25,258,0.0883392226,8.8,25 / 283,30,0.1060070671,10.6,-12.0000,6.0000,165,21,0.1272727273,118,4,0.0338983051,255,25,0.0980392157,28,0.0989399293,23666.23,29686.57,2,1,100_plus,393,0.0780768749,0.07638571932468,0.0356083086,0.0666666667,0.1016949153,0.1428571429,0.1752577320,0,0,0,0,0,1,NULL,standard_terms,at_or_below_peer_bar
0ed6ce5d87fd9c69eaacaeb778d67235,SP,americana,34,3,31,0.0882352941,8.8,3 / 34,3,0.0882352941,8.8,-14.0000,9.0000,10,2,0.2000000000,24,1,0.0416666667,34,3,0.0882352941,0,0.0000000000,1426.32,1972.19,0,1,30_49,393,0.0780768749,0.07638571932468,0.0356083086,0.0666666667,0.1016949153,0.1428571429,0.1752577320,0,0,0,0,0,1,NULL,standard_terms,at_or_below_peer_bar
41b39e28db005d9731d9d485a83b4c38,SP,santo andre,34,3,31,0.0882352941,8.8,3 / 34,4,0.1176470588,11.8,-10.0000,9.0000,29,3,0.1034482759,5,0,0.0000000000,31,3,0.0967741935,3,0.0882352941,2088.80,2657.44,0,1,30_49,393,0.0780768749,0.07638571932468,0.0356083086,0.0666666667,0.1016949153,0.1428571429,0.1752577320,0,0,0,0,0,1,NULL,standard_terms,at_or_below_peer_bar
6d803cb79cc31c41c4c789a75933b3c7,SP,sao joaquim da barra,34,3,31,0.0882352941,8.8,3 / 34,3,0.0882352941,8.8,-15.5000,15.0000,28,3,0.1071428571,6,0,0.0000000000,34,3,0.0882352941,0,0.0000000000,5569.30,6253.71,0,1,30_49,393,0.0780768749,0.07638571932468,0.0356083086,0.0666666667,0.1016949153,0.1428571429,0.1752577320,0,0,0,0,0,1,NULL,standard_terms,at_or_below_peer_bar
cc419e0650a3c5ba77189a1882b7556a,SP,santo andre,478,42,436,0.0878661088,8.8,42 / 478,47,0.0983263598,9.8,-12.0000,4.5000,344,30,0.0872093023,134,12,0.0895522388,474,42,0.0886075949,4,0.0083682008,30632.95,37786.94,0,1,100_plus,393,0.0780768749,0.07638571932468,0.0356083086,0.0666666667,0.1016949153,0.1428571429,0.1752577320,0,0,0,0,0,1,NULL,standard_terms,at_or_below_peer_bar
d2374cbcbb3ca4ab1086534108cc3ab7,SP,ibitinga,217,19,198,0.0875576037,8.8,19 / 217,21,0.0967741935,9.7,-13.0000,6.0000,116,15,0.1293103448,101,4,0.0396039604,200,19,0.0950000000,17,0.0783410138,9807.70,14213.07,0,1,100_plus,393,0.0780768749,0.07638571932468,0.0356083086,0.0666666667,0.1016949153,0.1428571429,0.1752577320,0,0,0,0,0,1,NULL,standard_terms,at_or_below_peer_bar
6d66611d7c44cc30ce351abc49a68421,SP,sao paulo,93,8,85,0.0860215054,8.6,8 / 93,8,0.0860215054,8.6,-11.0000,5.5000,41,5,0.1219512195,52,3,0.0576923077,91,8,0.0879120879,2,0.0215053763,6965.10,8789.21,0,1,50_99,393,0.0780768749,0.07638571932468,0.0356083086,0.0666666667,0.1016949153,0.1428571429,0.1752577320,0,0,0,0,0,1,NULL,standard_terms,at_or_below_peer_bar
6b3bd31ad8fcda4b2635ec9f3ff2ecdf,RJ,rio de janeiro,35,3,32,0.0857142857,8.6,3 / 35,3,0.0857142857,8.6,-11.0000,11.0000,21,3,0.1428571429,14,0,0.0000000000,30,3,0.1000000000,5,0.1428571429,4063.90,4801.87,0,1,30_49,393,0.0780768749,0.07638571932468,0.0356083086,0.0666666667,0.1016949153,0.1428571429,0.1752577320,0,0,0,0,0,1,NULL,standard_terms,at_or_below_peer_bar
8b321bb669392f5163d04c59e235e066,SP,sao paulo,774,66,708,0.0852713178,8.5,66 / 774,79,0.1020671835,10.2,-10.0000,7.0000,580,64,0.1103448276,194,2,0.0103092784,763,65,0.0851900393,11,0.0142118863,14049.94,25618.18,0,1,100_plus,393,0.0780768749,0.07638571932468,0.0356083086,0.0666666667,0.1016949153,0.1428571429,0.1752577320,0,0,0,0,0,1,NULL,standard_terms,at_or_below_peer_bar
1f9ab4708f3056ede07124aad39a2554,SP,tupa,47,4,43,0.0851063830,8.5,4 / 47,4,0.0851063830,8.5,-13.0000,7.5000,37,4,0.1081081081,10,0,0.0000000000,46,4,0.0869565217,1,0.0212765957,8145.20,9679.82,0,1,30_49,393,0.0780768749,0.07638571932468,0.0356083086,0.0666666667,0.1016949153,0.1428571429,0.1752577320,0,0,0,0,0,1,NULL,standard_terms,at_or_below_peer_bar
6860153b69cc696d5dcfe1cdaaafcf62,SP,capivari,71,6,65,0.0845070423,8.5,6 / 71,7,0.0985915493,9.9,-8.0000,10.5000,19,3,0.1578947368,52,3,0.0576923077,71,6,0.0845070423,0,0.0000000000,3588.92,4998.30,0,1,50_99,393,0.0780768749,0.07638571932468,0.0356083086,0.0666666667,0.1016949153,0.1428571429,0.1752577320,0,0,0,0,0,1,NULL,standard_terms,at_or_below_peer_bar
16090f2ca825584b5a147ab24aa30c86,SP,atibaia,320,27,293,0.0843750000,8.4,27 / 320,36,0.1125000000,11.3,-10.0000,4.0000,122,13,0.1065573770,198,14,0.0707070707,319,27,0.0846394984,1,0.0031250000,14533.88,18861.51,0,1,100_plus,393,0.0780768749,0.07638571932468,0.0356083086,0.0666666667,0.1016949153,0.1428571429,0.1752577320,0,0,0,0,0,1,NULL,standard_terms,at_or_below_peer_bar
1f50f920176fa81dab994f9023523100,SP,sao jose do rio preto,617,52,565,0.0842787682,8.4,52 / 617,65,0.1053484603,10.5,-11.0000,6.0000,412,50,0.1213592233,205,2,0.0097560976,595,52,0.0873949580,22,0.0356564019,45624.42,61877.08,0,1,100_plus,393,0.0780768749,0.07638571932468,0.0356083086,0.0666666667,0.1016949153,0.1428571429,0.1752577320,0,0,0,0,0,1,NULL,standard_terms,at_or_below_peer_bar
1900267e848ceeba8fa32d80c1a5f5a8,SP,ibitinga,264,22,242,0.0833333333,8.3,22 / 264,27,0.1022727273,10.2,-11.0000,5.0000,144,17,0.1180555556,120,5,0.0416666667,234,22,0.0940170940,30,0.1136363636,15177.06,20446.59,0,1,100_plus,393,0.0780768749,0.07638571932468,0.0356083086,0.0666666667,0.1016949153,0.1428571429,0.1752577320,0,0,0,0,0,1,NULL,standard_terms,at_or_below_peer_bar
34056b8b55c1775a22af2331670a799c,SP,penapolis,72,6,66,0.0833333333,8.3,6 / 72,6,0.0833333333,8.3,-12.0000,2.0000,25,2,0.0800000000,47,4,0.0851063830,72,6,0.0833333333,0,0.0000000000,5669.00,7322.00,0,1,50_99,393,0.0780768749,0.07638571932468,0.0356083086,0.0666666667,0.1016949153,0.1428571429,0.1752577320,0,0,0,0,0,1,NULL,standard_terms,at_or_below_peer_bar
850f4f8af5ea87287ac68de36e29107f,SP,sao paulo,60,5,55,0.0833333333,8.3,5 / 60,6,0.1000000000,10.0,-12.0000,12.0000,45,5,0.1111111111,15,0,0.0000000000,59,5,0.0847457627,1,0.0166666667,15812.40,16863.42,1,1,50_99,393,0.0780768749,0.07638571932468,0.0356083086,0.0666666667,0.1016949153,0.1428571429,0.1752577320,0,0,0,0,0,1,NULL,standard_terms,at_or_below_peer_bar
b76dba6c951ab00dc4edf0a1aa88037e,SP,sao paulo,48,4,44,0.0833333333,8.3,4 / 48,4,0.0833333333,8.3,-11.5000,3.5000,19,1,0.0526315789,29,3,0.1034482759,48,4,0.0833333333,0,0.0000000000,1017.23,1728.04,0,1,30_49,393,0.0780768749,0.07638571932468,0.0356083086,0.0666666667,0.1016949153,0.1428571429,0.1752577320,0,0,0,0,0,1,NULL,standard_terms,at_or_below_peer_bar
001cca7ae9ae17fb1caed9dfb1094831,ES,cariacica,24,2,22,0.0833333333,8.3,2 / 24,3,0.1250000000,12.5,-13.0000,13.0000,21,2,0.0952380952,3,0,0.0000000000,24,2,0.0833333333,0,0.0000000000,3211.80,4525.63,0,0,below_floor,393,0.0780768749,0.07638571932468,0.0356083086,0.0666666667,0.1016949153,0.1428571429,0.1752577320,0,0,0,0,0,1,NULL,standard_terms,usable_n_lt_30
3ade81dab5a172b88e1871c28ae05260,SP,sao jose do rio preto,24,2,22,0.0833333333,8.3,2 / 24,3,0.1250000000,12.5,-12.5000,14.0000,16,2,0.1250000000,8,0,0.0000000000,23,2,0.0869565217,1,0.0416666667,4680.70,5939.48,0,0,below_floor,393,0.0780768749,0.07638571932468,0.0356083086,0.0666666667,0.1016949153,0.1428571429,0.1752577320,0,0,0,0,0,1,NULL,standard_terms,usable_n_lt_30
b14db04aa7881970e83ffa9426897925,SP,sorocaba,24,2,22,0.0833333333,8.3,2 / 24,2,0.0833333333,8.3,-6.0000,7.5000,16,2,0.1250000000,8,0,0.0000000000,23,2,0.0869565217,1,0.0416666667,1428.00,1942.14,0,0,below_floor,393,0.0780768749,0.07638571932468,0.0356083086,0.0666666667,0.1016949153,0.1428571429,0.1752577320,0,0,0,0,0,1,NULL,standard_terms,usable_n_lt_30
b8555308bfdb4ca1ed54325a58da9a97,SP,sao bernardo do campo,24,2,22,0.0833333333,8.3,2 / 24,2,0.0833333333,8.3,-11.0000,4.5000,11,1,0.0909090909,13,1,0.0769230769,24,2,0.0833333333,0,0.0000000000,2762.50,3289.81,0,0,below_floor,393,0.0780768749,0.07638571932468,0.0356083086,0.0666666667,0.1016949153,0.1428571429,0.1752577320,0,0,0,0,0,1,NULL,standard_terms,usable_n_lt_30
0a85ebe4e328db81ac9109781205e2f7,SP,jundiai,12,1,11,0.0833333333,8.3,1 / 12,1,0.0833333333,8.3,-7.5000,1.0000,0,0,NULL,12,1,0.0833333333,11,1,0.0909090909,1,0.0833333333,667.90,805.65,0,0,below_floor,393,0.0780768749,0.07638571932468,0.0356083086,0.0666666667,0.1016949153,0.1428571429,0.1752577320,0,0,0,0,0,1,NULL,standard_terms,usable_n_lt_30
1caf283236cd69af44cbc09a0a1e7d32,RJ,nova iguacu,12,1,11,0.0833333333,8.3,1 / 12,1,0.0833333333,8.3,-21.5000,12.0000,3,1,0.3333333333,9,0,0.0000000000,12,1,0.0833333333,0,0.0000000000,392.06,631.06,0,0,below_floor,393,0.0780768749,0.07638571932468,0.0356083086,0.0666666667,0.1016949153,0.1428571429,0.1752577320,0,0,0,0,0,1,NULL,standard_terms,usable_n_lt_30
1d503743d2526f03f0c2c89540ee008c,SP,sao paulo,12,1,11,0.0833333333,8.3,1 / 12,1,0.0833333333,8.3,-12.0000,10.0000,9,1,0.1111111111,3,0,0.0000000000,12,1,0.0833333333,0,0.0000000000,516.04,720.53,0,0,below_floor,393,0.0780768749,0.07638571932468,0.0356083086,0.0666666667,0.1016949153,0.1428571429,0.1752577320,0,0,0,0,0,1,NULL,standard_terms,usable_n_lt_30
40db9e9aa57f7bb151bcda6b0f9bdbb7,PE,recife,12,1,11,0.0833333333,8.3,1 / 12,1,0.0833333333,8.3,-16.5000,2.0000,3,1,0.3333333333,9,0,0.0000000000,12,1,0.0833333333,0,0.0000000000,23168.00,23823.99,0,0,below_floor,393,0.0780768749,0.07638571932468,0.0356083086,0.0666666667,0.1016949153,0.1428571429,0.1752577320,0,0,0,0,0,1,NULL,standard_terms,usable_n_lt_30
67bf6941ba2f1fa1d02c375766bc3e53,PR,curitiba,12,1,11,0.0833333333,8.3,1 / 12,1,0.0833333333,8.3,-12.0000,20.0000,6,1,0.1666666667,6,0,0.0000000000,12,1,0.0833333333,0,0.0000000000,4240.00,5296.34,0,0,below_floor,393,0.0780768749,0.07638571932468,0.0356083086,0.0666666667,0.1016949153,0.1428571429,0.1752577320,0,0,0,0,0,1,NULL,standard_terms,usable_n_lt_30
6b333a05bf188ef3e1f1662a86bd9855,DF,brasilia,12,1,11,0.0833333333,8.3,1 / 12,1,0.0833333333,8.3,-9.5000,1.0000,6,1,0.1666666667,6,0,0.0000000000,12,1,0.0833333333,0,0.0000000000,3990.91,4554.88,0,0,below_floor,393,0.0780768749,0.07638571932468,0.0356083086,0.0666666667,0.1016949153,0.1428571429,0.1752577320,0,0,0,0,0,1,NULL,standard_terms,usable_n_lt_30
7357b52d27cbaa90f81a96cbc1279396,MG,lagoa santa,12,1,11,0.0833333333,8.3,1 / 12,1,0.0833333333,8.3,-12.5000,38.0000,0,0,NULL,12,1,0.0833333333,12,1,0.0833333333,0,0.0000000000,1328.02,1545.83,0,0,below_floor,393,0.0780768749,0.07638571932468,0.0356083086,0.0666666667,0.1016949153,0.1428571429,0.1752577320,0,0,0,0,0,1,NULL,standard_terms,usable_n_lt_30
7c4618c82226628831613e95e9c22f44,SP,sao roque,12,1,11,0.0833333333,8.3,1 / 12,2,0.1666666667,16.7,-9.0000,2.0000,7,1,0.1428571429,5,0,0.0000000000,11,1,0.0909090909,1,0.0833333333,303.94,452.69,0,0,below_floor,393,0.0780768749,0.07638571932468,0.0356083086,0.0666666667,0.1016949153,0.1428571429,0.1752577320,0,0,0,0,0,1,NULL,standard_terms,usable_n_lt_30
8476243f92442881ddd5b578975cf115,RS,campo bom,12,1,11,0.0833333333,8.3,1 / 12,1,0.0833333333,8.3,-8.0000,8.0000,4,1,0.2500000000,8,0,0.0000000000,11,1,0.0909090909,1,0.0833333333,7838.00,8113.03,0,0,below_floor,393,0.0780768749,0.07638571932468,0.0356083086,0.0666666667,0.1016949153,0.1428571429,0.1752577320,0,0,0,0,0,1,NULL,standard_terms,usable_n_lt_30
97512d3fc193b2d1dfcdba0f9d1f0f8a,SP,sao paulo,12,1,11,0.0833333333,8.3,1 / 12,1,0.0833333333,8.3,-8.0000,5.0000,3,0,0.0000000000,9,1,0.1111111111,12,1,0.0833333333,0,0.0000000000,1458.87,1800.42,0,0,below_floor,393,0.0780768749,0.07638571932468,0.0356083086,0.0666666667,0.1016949153,0.1428571429,0.1752577320,0,0,0,0,0,1,NULL,standard_terms,usable_n_lt_30
ad781527c93d00d89a11eecd9dcad7c1,SP,sao jose do rio preto,12,1,11,0.0833333333,8.3,1 / 12,1,0.0833333333,8.3,-28.5000,20.0000,11,1,0.0909090909,1,0,0.0000000000,11,1,0.0909090909,1,0.0833333333,1959.89,2787.25,0,0,below_floor,393,0.0780768749,0.07638571932468,0.0356083086,0.0666666667,0.1016949153,0.1428571429,0.1752577320,0,0,0,0,0,1,NULL,standard_terms,usable_n_lt_30
c3acdfac4e3e97ff87529454fbc03642,SP,sao paulo,12,1,11,0.0833333333,8.3,1 / 12,1,0.0833333333,8.3,-10.5000,3.0000,3,0,0.0000000000,9,1,0.1111111111,12,1,0.0833333333,0,0.0000000000,16788.00,17057.28,0,0,below_floor,393,0.0780768749,0.07638571932468,0.0356083086,0.0666666667,0.1016949153,0.1428571429,0.1752577320,0,0,0,0,0,1,NULL,standard_terms,usable_n_lt_30
cd3d09fbe6e3e9ff0c0ac0c300e93ae7,SP,nova odessa,12,1,11,0.0833333333,8.3,1 / 12,1,0.0833333333,8.3,-14.0000,15.0000,0,0,NULL,12,1,0.0833333333,12,1,0.0833333333,0,0.0000000000,651.04,880.23,0,0,below_floor,393,0.0780768749,0.07638571932468,0.0356083086,0.0666666667,0.1016949153,0.1428571429,0.1752577320,0,0,0,0,0,1,NULL,standard_terms,usable_n_lt_30
ec80e49e69745ab6c14f984bf2149423,SP,limeira,12,1,11,0.0833333333,8.3,1 / 12,2,0.1666666667,16.7,-9.5000,12.0000,9,1,0.1111111111,3,0,0.0000000000,12,1,0.0833333333,0,0.0000000000,3709.00,3897.31,0,0,below_floor,393,0.0780768749,0.07638571932468,0.0356083086,0.0666666667,0.1016949153,0.1428571429,0.1752577320,0,0,0,0,0,1,NULL,standard_terms,usable_n_lt_30
dc4a0fc896dc34b0d5bfec8438291c80,SP,ibitinga,37,3,34,0.0810810811,8.1,3 / 37,3,0.0810810811,8.1,-13.0000,6.0000,19,3,0.1578947368,18,0,0.0000000000,30,3,0.1000000000,7,0.1891891892,3376.73,4190.25,0,1,30_49,393,0.0780768749,0.07638571932468,0.0356083086,0.0666666667,0.1016949153,0.1428571429,0.1752577320,0,0,0,0,0,1,NULL,standard_terms,at_or_below_peer_bar
058fd0aa2bfdb2274e05e1ae971dabb6,SP,santo andre,25,2,23,0.0800000000,8.0,2 / 25,2,0.0800000000,8.0,-12.0000,5.0000,17,1,0.0588235294,8,1,0.1250000000,24,2,0.0833333333,1,0.0400000000,3128.40,3522.24,0,0,below_floor,393,0.0780768749,0.07638571932468,0.0356083086,0.0666666667,0.1016949153,0.1428571429,0.1752577320,0,0,0,0,0,1,NULL,standard_terms,usable_n_lt_30
93dc87703c046b603023e75222018b45,MG,belo horizonte,25,2,23,0.0800000000,8.0,2 / 25,2,0.0800000000,8.0,-14.0000,69.0000,11,1,0.0909090909,14,1,0.0714285714,24,2,0.0833333333,1,0.0400000000,6792.00,7319.19,0,0,below_floor,393,0.0780768749,0.07638571932468,0.0356083086,0.0666666667,0.1016949153,0.1428571429,0.1752577320,0,0,0,0,0,1,NULL,standard_terms,usable_n_lt_30
b2ba3715d723d245138f291a6fe42594,SP,sao paulo,113,9,104,0.0796460177,8.0,9 / 113,11,0.0973451327,9.7,-9.0000,5.0000,83,8,0.0963855422,30,1,0.0333333333,109,9,0.0825688073,4,0.0353982301,17020.69,19359.24,0,1,100_plus,393,0.0780768749,0.07638571932468,0.0356083086,0.0666666667,0.1016949153,0.1428571429,0.1752577320,0,0,0,0,0,1,NULL,standard_terms,at_or_below_peer_bar
66922902710d126a0e7d26b0e3805106,MG,belo horizonte,88,7,81,0.0795454545,8.0,7 / 88,7,0.0795454545,8.0,-9.0000,4.0000,48,5,0.1041666667,40,2,0.0500000000,87,7,0.0804597701,1,0.0113636364,8340.50,10160.87,0,1,50_99,393,0.0780768749,0.07638571932468,0.0356083086,0.0666666667,0.1016949153,0.1428571429,0.1752577320,0,0,0,0,0,1,NULL,standard_terms,at_or_below_peer_bar
7c67e1448b00f6e969d365cea6b010ab,SP,itaquaquecetuba,478,38,440,0.0794979079,7.9,38 / 478,43,0.0899581590,9.0,-14.0000,9.0000,344,25,0.0726744186,134,13,0.0970149254,470,38,0.0808510638,8,0.0167364017,91763.03,119248.66,0,1,100_plus,393,0.0780768749,0.07638571932468,0.0356083086,0.0666666667,0.1016949153,0.1428571429,0.1752577320,0,0,0,0,0,1,NULL,standard_terms,at_or_below_peer_bar
01fdefa7697d26ad920e9e0346d4bd1b,PR,londrina,63,5,58,0.0793650794,7.9,5 / 63,6,0.0952380952,9.5,-15.0000,7.0000,28,4,0.1428571429,35,1,0.0285714286,63,5,0.0793650794,0,0.0000000000,6826.46,8206.41,0,1,50_99,393,0.0780768749,0.07638571932468,0.0356083086,0.0666666667,0.1016949153,0.1428571429,0.1752577320,0,0,0,0,0,1,NULL,standard_terms,at_or_below_peer_bar
a673821011d0cec28146ea42f5ab767f,SP,sao paulo,63,5,58,0.0793650794,7.9,5 / 63,6,0.0952380952,9.5,-13.0000,8.0000,28,2,0.0714285714,35,3,0.0857142857,55,5,0.0909090909,8,0.1269841270,7052.78,8451.37,0,1,50_99,393,0.0780768749,0.07638571932468,0.0356083086,0.0666666667,0.1016949153,0.1428571429,0.1752577320,0,0,0,0,0,1,NULL,standard_terms,at_or_below_peer_bar
92eb0f42c21942b6552362b9b114707d,SP,sao paulo,164,13,151,0.0792682927,7.9,13 / 164,20,0.1219512195,12.2,-9.0000,3.0000,100,11,0.1100000000,64,2,0.0312500000,162,13,0.0802469136,2,0.0121951220,3076.95,5304.88,0,1,100_plus,393,0.0780768749,0.07638571932468,0.0356083086,0.0666666667,0.1016949153,0.1428571429,0.1752577320,0,0,0,0,0,1,NULL,standard_terms,at_or_below_peer_bar
42b729f859728f5079499127a9c2ef37,SP,sao paulo,103,8,95,0.0776699029,7.8,8 / 103,8,0.0776699029,7.8,-7.0000,7.5000,36,5,0.1388888889,67,3,0.0447761194,101,8,0.0792079208,2,0.0194174757,4096.96,5396.92,2,1,100_plus,393,0.0780768749,0.07638571932468,0.0356083086,0.0666666667,0.1016949153,0.1428571429,0.1752577320,0,0,0,0,0,1,NULL,standard_terms,at_or_below_peer_bar
8a130737016f838139d31878787a39c9,SP,sao paulo,52,4,48,0.0769230769,7.7,4 / 52,4,0.0769230769,7.7,-10.0000,2.0000,36,4,0.1111111111,16,0,0.0000000000,52,4,0.0769230769,0,0.0000000000,4004.43,4796.76,0,1,50_99,393,0.0780768749,0.07638571932468,0.0356083086,0.0666666667,0.1016949153,0.1428571429,0.1752577320,0,0,0,0,0,1,NULL,standard_terms,at_or_below_peer_bar
1ce3ae5a399804d1a87e706f8a813c3e,SC,jaguaruna,26,2,24,0.0769230769,7.7,2 / 26,3,0.1153846154,11.5,-16.0000,1.0000,16,0,0.0000000000,10,2,0.2000000000,22,2,0.0909090909,4,0.1538461538,1659.60,2201.27,1,0,below_floor,393,0.0780768749,0.07638571932468,0.0356083086,0.0666666667,0.1016949153,0.1428571429,0.1752577320,0,0,0,0,0,1,NULL,standard_terms,usable_n_lt_30
6a8a889bde935bafa76d7848782dfaf9,SP,sao paulo,26,2,24,0.0769230769,7.7,2 / 26,2,0.0769230769,7.7,-14.0000,13.0000,18,2,0.1111111111,8,0,0.0000000000,25,2,0.0800000000,1,0.0384615385,860.82,1228.62,0,0,below_floor,393,0.0780768749,0.07638571932468,0.0356083086,0.0666666667,0.1016949153,0.1428571429,0.1752577320,0,0,0,0,0,1,NULL,standard_terms,usable_n_lt_30
0bb738e4d789e63e2267697c42d35a2d,SP,sao roque,13,1,12,0.0769230769,7.7,1 / 13,1,0.0769230769,7.7,-12.0000,9.0000,11,0,0.0000000000,2,1,0.5000000000,13,1,0.0769230769,0,0.0000000000,926.90,1201.14,0,0,below_floor,393,0.0780768749,0.07638571932468,0.0356083086,0.0666666667,0.1016949153,0.1428571429,0.1752577320,0,0,0,0,0,1,NULL,standard_terms,usable_n_lt_30
1464afc72f696af775557a821c2e253f,RJ,nova friburgo,13,1,12,0.0769230769,7.7,1 / 13,1,0.0769230769,7.7,-15.0000,27.0000,8,1,0.1250000000,5,0,0.0000000000,13,1,0.0769230769,0,0.0000000000,511.70,704.72,0,0,below_floor,393,0.0780768749,0.07638571932468,0.0356083086,0.0666666667,0.1016949153,0.1428571429,0.1752577320,0,0,0,0,0,1,NULL,standard_terms,usable_n_lt_30
2953ce3a88f5e3c3b696d77fc9e4c8eb,SP,sao paulo,13,1,12,0.0769230769,7.7,1 / 13,3,0.2307692308,23.1,-1.0000,3.0000,5,1,0.2000000000,8,0,0.0000000000,13,1,0.0769230769,0,0.0000000000,435.00,581.22,0,0,below_floor,393,0.0780768749,0.07638571932468,0.0356083086,0.0666666667,0.1016949153,0.1428571429,0.1752577320,0,0,0,0,0,1,NULL,standard_terms,usable_n_lt_30
3361277dc30b7cccdb0c286b24219756,PR,maringa,13,1,12,0.0769230769,7.7,1 / 13,1,0.0769230769,7.7,-16.0000,3.0000,10,1,0.1000000000,3,0,0.0000000000,13,1,0.0769230769,0,0.0000000000,1563.97,1811.89,0,0,below_floor,393,0.0780768749,0.07638571932468,0.0356083086,0.0666666667,0.1016949153,0.1428571429,0.1752577320,0,0,0,0,0,1,NULL,standard_terms,usable_n_lt_30
33c51922b6e3c16b24a8f28e5833c99d,PR,londrina,13,1,12,0.0769230769,7.7,1 / 13,1,0.0769230769,7.7,-11.0000,1.0000,6,1,0.1666666667,7,0,0.0000000000,13,1,0.0769230769,0,0.0000000000,5500.87,5795.68,0,0,below_floor,393,0.0780768749,0.07638571932468,0.0356083086,0.0666666667,0.1016949153,0.1428571429,0.1752577320,0,0,0,0,0,1,NULL,standard_terms,usable_n_lt_30
5b67882648febfb6e1225e6ad7164f6b,PR,umuarama,13,1,12,0.0769230769,7.7,1 / 13,1,0.0769230769,7.7,-14.0000,9.0000,9,1,0.1111111111,4,0,0.0000000000,11,1,0.0909090909,2,0.1538461538,3587.87,3849.64,0,0,below_floor,393,0.0780768749,0.07638571932468,0.0356083086,0.0666666667,0.1016949153,0.1428571429,0.1752577320,0,0,0,0,0,1,NULL,standard_terms,usable_n_lt_30
8629c241b3622ac12cd4118afdc8d394,SP,ribeirao preto,13,1,12,0.0769230769,7.7,1 / 13,1,0.0769230769,7.7,-15.0000,9.0000,2,1,0.5000000000,11,0,0.0000000000,13,1,0.0769230769,0,0.0000000000,1167.66,1502.02,0,0,below_floor,393,0.0780768749,0.07638571932468,0.0356083086,0.0666666667,0.1016949153,0.1428571429,0.1752577320,0,0,0,0,0,1,NULL,standard_terms,usable_n_lt_30
bba3293d6f5d5af2f415e004e8b93ae3,SP,sao paulo,13,1,12,0.0769230769,7.7,1 / 13,1,0.0769230769,7.7,-10.0000,9.0000,12,1,0.0833333333,1,0,0.0000000000,13,1,0.0769230769,0,0.0000000000,8513.10,8763.38,0,0,below_floor,393,0.0780768749,0.07638571932468,0.0356083086,0.0666666667,0.1016949153,0.1428571429,0.1752577320,0,0,0,0,0,1,NULL,standard_terms,usable_n_lt_30
4371b634e0efc0e22b09b52907d9d469,SP,sao paulo,66,5,61,0.0757575758,7.6,5 / 66,5,0.0757575758,7.6,-11.5000,5.0000,49,4,0.0816326531,17,1,0.0588235294,63,5,0.0793650794,3,0.0454545455,5787.00,6800.91,0,1,50_99,393,0.0780768749,0.07638571932468,0.0356083086,0.0666666667,0.1016949153,0.1428571429,0.1752577320,0,0,0,0,0,1,NULL,standard_terms,at_or_below_peer_bar
2138ccb85b11a4ec1e37afbd1c8eda1f,SP,sao paulo,93,7,86,0.0752688172,7.5,7 / 93,7,0.0752688172,7.5,-12.0000,14.0000,47,5,0.1063829787,46,2,0.0434782609,90,7,0.0777777778,3,0.0322580645,3186.01,4581.58,0,1,50_99,393,0.0780768749,0.07638571932468,0.0356083086,0.0666666667,0.1016949153,0.1428571429,0.1752577320,0,0,0,0,0,1,NULL,standard_terms,at_or_below_peer_bar
c9aafcd0621b2207c10e32c649cada4d,SP,sao paulo,40,3,37,0.0750000000,7.5,3 / 40,4,0.1000000000,10.0,-9.0000,2.0000,0,0,NULL,40,3,0.0750000000,38,3,0.0789473684,2,0.0500000000,2671.26,3488.55,0,1,30_49,393,0.0780768749,0.07638571932468,0.0356083086,0.0666666667,0.1016949153,0.1428571429,0.1752577320,0,0,0,0,0,1,NULL,standard_terms,at_or_below_peer_bar
77530e9772f57a62c906e1c21538ab82,PR,curitiba,174,13,161,0.0747126437,7.5,13 / 174,15,0.0862068966,8.6,-13.0000,8.0000,114,12,0.1052631579,60,1,0.0166666667,165,13,0.0787878788,9,0.0517241379,25426.60,30160.92,2,1,100_plus,393,0.0780768749,0.07638571932468,0.0356083086,0.0666666667,0.1016949153,0.1428571429,0.1752577320,0,0,0,0,0,1,NULL,standard_terms,at_or_below_peer_bar
271c58a1d139c45eaf3316107c6d3a3b,SP,sao paulo,27,2,25,0.0740740741,7.4,2 / 27,2,0.0740740741,7.4,-12.0000,5.5000,0,0,NULL,27,2,0.0740740741,27,2,0.0740740741,0,0.0000000000,3597.63,4232.55,0,0,below_floor,393,0.0780768749,0.07638571932468,0.0356083086,0.0666666667,0.1016949153,0.1428571429,0.1752577320,0,0,0,0,0,1,NULL,standard_terms,usable_n_lt_30
4559697a8f7e637227c2eeaed843baff,SP,presidente prudente,27,2,25,0.0740740741,7.4,2 / 27,2,0.0740740741,7.4,-13.0000,4.0000,25,2,0.0800000000,2,0,0.0000000000,27,2,0.0740740741,0,0.0000000000,2187.30,2699.02,0,0,below_floor,393,0.0780768749,0.07638571932468,0.0356083086,0.0666666667,0.1016949153,0.1428571429,0.1752577320,0,0,0,0,0,1,NULL,standard_terms,usable_n_lt_30
cd6efc47efaabf134f8bdb654e10b4f1,RJ,rio de janeiro,27,2,25,0.0740740741,7.4,2 / 27,3,0.1111111111,11.1,-14.0000,5.5000,6,1,0.1666666667,21,1,0.0476190476,26,2,0.0769230769,1,0.0370370370,3637.56,4173.96,1,0,below_floor,393,0.0780768749,0.07638571932468,0.0356083086,0.0666666667,0.1016949153,0.1428571429,0.1752577320,0,0,0,0,0,1,NULL,standard_terms,usable_n_lt_30
f7ccf836d21b2fb1de37564105216cc1,SP,ibitinga,68,5,63,0.0735294118,7.4,5 / 68,7,0.1029411765,10.3,-10.5000,7.0000,30,5,0.1666666667,38,0,0.0000000000,65,5,0.0769230769,3,0.0441176471,2716.50,3808.33,0,1,50_99,393,0.0780768749,0.07638571932468,0.0356083086,0.0666666667,0.1016949153,0.1428571429,0.1752577320,0,0,0,0,0,1,NULL,standard_terms,at_or_below_peer_bar
7008613ea464bad5cb9b83456e1e6a8f,SC,canoinhas,41,3,38,0.0731707317,7.3,3 / 41,3,0.0731707317,7.3,-15.0000,4.0000,36,3,0.0833333333,5,0,0.0000000000,41,3,0.0731707317,0,0.0000000000,1960.10,2883.95,0,1,30_49,393,0.0780768749,0.07638571932468,0.0356083086,0.0666666667,0.1016949153,0.1428571429,0.1752577320,0,0,0,0,0,1,NULL,standard_terms,at_or_below_peer_bar
d98eec89afa3380e14463da2aabaea72,RS,porto alegre,55,4,51,0.0727272727,7.3,4 / 55,4,0.0727272727,7.3,-15.0000,19.0000,36,2,0.0555555556,19,2,0.1052631579,54,4,0.0740740741,1,0.0181818182,2239.42,3237.36,0,1,50_99,393,0.0780768749,0.07638571932468,0.0356083086,0.0666666667,0.1016949153,0.1428571429,0.1752577320,0,0,0,0,0,1,NULL,standard_terms,at_or_below_peer_bar
5dceca129747e92ff8ef7a997dc4f8ca,SP,santa barbara d┬┤oeste,83,6,77,0.0722891566,7.2,6 / 83,6,0.0722891566,7.2,-12.0000,7.5000,70,6,0.0857142857,13,0,0.0000000000,80,6,0.0750000000,3,0.0361445783,54325.12,57221.86,0,1,50_99,393,0.0780768749,0.07638571932468,0.0356083086,0.0666666667,0.1016949153,0.1428571429,0.1752577320,0,0,0,0,0,1,NULL,standard_terms,at_or_below_peer_bar
f262cbc1c910c83959f849465454ddd3,SP,sao paulo,167,12,155,0.0718562874,7.2,12 / 167,15,0.0898203593,9.0,-10.0000,7.5000,131,10,0.0763358779,36,2,0.0555555556,167,12,0.0718562874,0,0.0000000000,8044.10,10200.22,1,1,100_plus,393,0.0780768749,0.07638571932468,0.0356083086,0.0666666667,0.1016949153,0.1428571429,0.1752577320,0,0,0,0,0,1,NULL,standard_terms,at_or_below_peer_bar
d1ef48b38baca7e831711c4a0aeb398f,PR,apucarana,28,2,26,0.0714285714,7.1,2 / 28,3,0.1071428571,10.7,-15.0000,2.5000,9,0,0.0000000000,19,2,0.1052631579,27,2,0.0740740741,1,0.0357142857,1439.13,2091.77,0,0,below_floor,393,0.0780768749,0.07638571932468,0.0356083086,0.0666666667,0.1016949153,0.1428571429,0.1752577320,0,0,0,0,0,1,NULL,standard_terms,usable_n_lt_30
db4350fd57ae30082dec7acbaacc17f9,SP,sao paulo,28,2,26,0.0714285714,7.1,2 / 28,2,0.0714285714,7.1,-9.0000,8.5000,19,2,0.1052631579,9,0,0.0000000000,26,2,0.0769230769,2,0.0714285714,894.58,1355.98,0,0,below_floor,393,0.0780768749,0.07638571932468,0.0356083086,0.0666666667,0.1016949153,0.1428571429,0.1752577320,0,0,0,0,0,1,NULL,standard_terms,usable_n_lt_30
15aac934c58d886785ac1b17953ea898,ES,muqui,14,1,13,0.0714285714,7.1,1 / 14,1,0.0714285714,7.1,-13.0000,33.0000,11,1,0.0909090909,3,0,0.0000000000,14,1,0.0714285714,0,0.0000000000,2681.90,3061.88,0,0,below_floor,393,0.0780768749,0.07638571932468,0.0356083086,0.0666666667,0.1016949153,0.1428571429,0.1752577320,0,0,0,0,0,1,NULL,standard_terms,usable_n_lt_30
1fdc574883ef3b33ad41562d93f3a74a,SP,limeira,14,1,13,0.0714285714,7.1,1 / 14,1,0.0714285714,7.1,-13.5000,40.0000,9,1,0.1111111111,5,0,0.0000000000,14,1,0.0714285714,0,0.0000000000,3241.00,3453.38,0,0,below_floor,393,0.0780768749,0.07638571932468,0.0356083086,0.0666666667,0.1016949153,0.1428571429,0.1752577320,0,0,0,0,0,1,NULL,standard_terms,usable_n_lt_30
3586b8580d9c917874e053a1bb37b5ff,SP,araraquara,14,1,13,0.0714285714,7.1,1 / 14,1,0.0714285714,7.1,-14.0000,20.0000,9,1,0.1111111111,5,0,0.0000000000,14,1,0.0714285714,0,0.0000000000,607.30,1018.32,0,0,below_floor,393,0.0780768749,0.07638571932468,0.0356083086,0.0666666667,0.1016949153,0.1428571429,0.1752577320,0,0,0,0,0,1,NULL,standard_terms,usable_n_lt_30
4a1f694197d05fe70026b016a7316b41,SP,pedreira,14,1,13,0.0714285714,7.1,1 / 14,1,0.0714285714,7.1,-14.0000,1.0000,1,0,0.0000000000,13,1,0.0769230769,13,1,0.0769230769,1,0.0714285714,907.77,1278.75,0,0,below_floor,393,0.0780768749,0.07638571932468,0.0356083086,0.0666666667,0.1016949153,0.1428571429,0.1752577320,0,0,0,0,0,1,NULL,standard_terms,usable_n_lt_30
4de6e4ba574aa9dfdc824bc44dc47fdd,PR,colombo,14,1,13,0.0714285714,7.1,1 / 14,1,0.0714285714,7.1,-22.0000,3.0000,11,1,0.0909090909,3,0,0.0000000000,14,1,0.0714285714,0,0.0000000000,451.10,704.42,0,0,below_floor,393,0.0780768749,0.07638571932468,0.0356083086,0.0666666667,0.1016949153,0.1428571429,0.1752577320,0,0,0,0,0,1,NULL,standard_terms,usable_n_lt_30
5a413ade68e8f8d93071a7f52a64cb9e,SP,sao paulo,14,1,13,0.0714285714,7.1,1 / 14,2,0.1428571429,14.3,-4.0000,7.0000,0,0,NULL,14,1,0.0714285714,14,1,0.0714285714,0,0.0000000000,778.90,932.67,0,0,below_floor,393,0.0780768749,0.07638571932468,0.0356083086,0.0666666667,0.1016949153,0.1428571429,0.1752577320,0,0,0,0,0,1,NULL,standard_terms,usable_n_lt_30
5a425cc503b39b262a847fd6212bf53b,PR,londrina,14,1,13,0.0714285714,7.1,1 / 14,1,0.0714285714,7.1,-11.0000,7.0000,1,0,0.0000000000,13,1,0.0769230769,14,1,0.0714285714,0,0.0000000000,1340.60,1591.88,1,0,below_floor,393,0.0780768749,0.07638571932468,0.0356083086,0.0666666667,0.1016949153,0.1428571429,0.1752577320,0,0,0,0,0,1,NULL,standard_terms,usable_n_lt_30
5a93f3ab0ef4c84ed5e1b5dbf23978bc,SP,monteiro lobato,14,1,13,0.0714285714,7.1,1 / 14,1,0.0714285714,7.1,-17.5000,32.0000,14,1,0.0714285714,0,0,NULL,14,1,0.0714285714,0,0.0000000000,911.21,1138.66,0,0,below_floor,393,0.0780768749,0.07638571932468,0.0356083086,0.0666666667,0.1016949153,0.1428571429,0.1752577320,0,0,0,0,0,1,NULL,standard_terms,usable_n_lt_30
7a425d299613df3e613bcf9d2eaf5c49,RJ,rio de janeiro,14,1,13,0.0714285714,7.1,1 / 14,1,0.0714285714,7.1,-14.0000,4.0000,11,1,0.0909090909,3,0,0.0000000000,14,1,0.0714285714,0,0.0000000000,938.10,1156.89,0,0,below_floor,393,0.0780768749,0.07638571932468,0.0356083086,0.0666666667,0.1016949153,0.1428571429,0.1752577320,0,0,0,0,0,1,NULL,standard_terms,usable_n_lt_30
87d30a6a0cbf89356e49324971ab1d24,SP,sao paulo,14,1,13,0.0714285714,7.1,1 / 14,1,0.0714285714,7.1,-10.5000,7.0000,9,1,0.1111111111,5,0,0.0000000000,14,1,0.0714285714,0,0.0000000000,1912.33,2086.53,0,0,below_floor,393,0.0780768749,0.07638571932468,0.0356083086,0.0666666667,0.1016949153,0.1428571429,0.1752577320,0,0,0,0,0,1,NULL,standard_terms,usable_n_lt_30
980640c45d7a4635885491d077167e4d,SP,rio claro,14,1,13,0.0714285714,7.1,1 / 14,1,0.0714285714,7.1,-8.0000,1.0000,0,0,NULL,14,1,0.0714285714,14,1,0.0714285714,0,0.0000000000,1004.29,1246.66,0,0,below_floor,393,0.0780768749,0.07638571932468,0.0356083086,0.0666666667,0.1016949153,0.1428571429,0.1752577320,0,0,0,0,0,1,NULL,standard_terms,usable_n_lt_30
a938325a4b357fd23a6a4d5bb126408e,RJ,nilopolis,14,1,13,0.0714285714,7.1,1 / 14,1,0.0714285714,7.1,-13.0000,15.0000,6,1,0.1666666667,8,0,0.0000000000,13,1,0.0769230769,1,0.0714285714,1712.00,2100.60,0,0,below_floor,393,0.0780768749,0.07638571932468,0.0356083086,0.0666666667,0.1016949153,0.1428571429,0.1752577320,0,0,0,0,0,1,NULL,standard_terms,usable_n_lt_30
b9ca8e8baa5d4aa038394a700f63e69f,SP,sao paulo,14,1,13,0.0714285714,7.1,1 / 14,1,0.0714285714,7.1,-9.0000,7.0000,3,0,0.0000000000,11,1,0.0909090909,14,1,0.0714285714,0,0.0000000000,1289.77,1677.95,0,0,below_floor,393,0.0780768749,0.07638571932468,0.0356083086,0.0666666667,0.1016949153,0.1428571429,0.1752577320,0,0,0,0,0,1,NULL,standard_terms,usable_n_lt_30
c679fb69a36e1d8349e8c50a217b4d58,RS,caxias do sul,14,1,13,0.0714285714,7.1,1 / 14,2,0.1428571429,14.3,-12.0000,18.0000,0,0,NULL,14,1,0.0714285714,12,1,0.0833333333,2,0.1428571429,1825.68,2213.89,0,0,below_floor,393,0.0780768749,0.07638571932468,0.0356083086,0.0666666667,0.1016949153,0.1428571429,0.1752577320,0,0,0,0,0,1,NULL,standard_terms,usable_n_lt_30
c8b3445d737de6befde0c88ede534a5e,SP,sao paulo,14,1,13,0.0714285714,7.1,1 / 14,1,0.0714285714,7.1,-12.0000,6.0000,10,1,0.1000000000,4,0,0.0000000000,14,1,0.0714285714,0,0.0000000000,1214.26,1513.92,0,0,below_floor,393,0.0780768749,0.07638571932468,0.0356083086,0.0666666667,0.1016949153,0.1428571429,0.1752577320,0,0,0,0,0,1,NULL,standard_terms,usable_n_lt_30
ce616e1913288884e7742faac9d981db,SP,cotia,14,1,13,0.0714285714,7.1,1 / 14,1,0.0714285714,7.1,-9.5000,4.0000,0,0,NULL,14,1,0.0714285714,13,1,0.0769230769,1,0.0714285714,333.30,593.45,0,0,below_floor,393,0.0780768749,0.07638571932468,0.0356083086,0.0666666667,0.1016949153,0.1428571429,0.1752577320,0,0,0,0,0,1,NULL,standard_terms,usable_n_lt_30
d51e0a403fe2e689ece6c73359d96e12,SP,pompeia,14,1,13,0.0714285714,7.1,1 / 14,1,0.0714285714,7.1,-15.5000,1.0000,9,1,0.1111111111,5,0,0.0000000000,14,1,0.0714285714,0,0.0000000000,5286.00,5795.14,0,0,below_floor,393,0.0780768749,0.07638571932468,0.0356083086,0.0666666667,0.1016949153,0.1428571429,0.1752577320,0,0,0,0,0,1,NULL,standard_terms,usable_n_lt_30
da8622b14eb17ae2831f4ac5b9dab84a,SP,piracicaba,774,55,719,0.0710594315,7.1,55 / 774,61,0.0788113695,7.9,-10.0000,6.0000,481,40,0.0831600832,293,15,0.0511945392,750,53,0.0706666667,24,0.0310077519,89270.57,103120.39,0,1,100_plus,393,0.0780768749,0.07638571932468,0.0356083086,0.0666666667,0.1016949153,0.1428571429,0.1752577320,0,0,0,0,0,1,NULL,standard_terms,at_or_below_peer_bar
5656537e588803a555b8eb41f07a944b,DF,brasilia,128,9,119,0.0703125000,7.0,9 / 128,12,0.0937500000,9.4,-11.0000,4.0000,57,7,0.1228070175,71,2,0.0281690141,127,8,0.0629921260,1,0.0078125000,5083.47,7501.20,1,1,100_plus,393,0.0780768749,0.07638571932468,0.0356083086,0.0666666667,0.1016949153,0.1428571429,0.1752577320,0,0,0,0,0,1,NULL,standard_terms,at_or_below_peer_bar
cca3071e3e9bb7d12640c9fbe2301306,SP,ibitinga,86,6,80,0.0697674419,7.0,6 / 86,6,0.0697674419,7.0,-14.0000,8.5000,70,6,0.0857142857,16,0,0.0000000000,75,6,0.0800000000,11,0.1279069767,7361.01,9092.29,0,1,50_99,393,0.0780768749,0.07638571932468,0.0356083086,0.0666666667,0.1016949153,0.1428571429,0.1752577320,0,0,0,0,0,1,NULL,standard_terms,at_or_below_peer_bar
febab0275244b9a49a623f0bd613ca2f,SP,pedreira,43,3,40,0.0697674419,7.0,3 / 43,3,0.0697674419,7.0,-11.0000,2.0000,30,2,0.0666666667,13,1,0.0769230769,39,3,0.0769230769,4,0.0930232558,3219.60,4747.03,0,1,30_49,393,0.0780768749,0.07638571932468,0.0356083086,0.0666666667,0.1016949153,0.1428571429,0.1752577320,0,0,0,0,0,1,NULL,standard_terms,at_or_below_peer_bar
dee656f0f566ed1aa85bd137c943f08f,SP,cruzeiro,58,4,54,0.0689655172,6.9,4 / 58,5,0.0862068966,8.6,-15.5000,14.0000,24,3,0.1250000000,34,1,0.0294117647,57,4,0.0701754386,1,0.0172413793,4535.40,5690.65,0,1,50_99,393,0.0780768749,0.07638571932468,0.0356083086,0.0666666667,0.1016949153,0.1428571429,0.1752577320,0,0,0,0,0,1,NULL,standard_terms,at_or_below_peer_bar
3df020b72d3d44b3af9d110fa3940b65,SP,jales,29,2,27,0.0689655172,6.9,2 / 29,3,0.1034482759,10.3,-13.0000,1.5000,15,1,0.0666666667,14,1,0.0714285714,28,2,0.0714285714,1,0.0344827586,2994.00,4067.64,0,0,below_floor,393,0.0780768749,0.07638571932468,0.0356083086,0.0666666667,0.1016949153,0.1428571429,0.1752577320,0,0,0,0,0,1,NULL,standard_terms,usable_n_lt_30
6e386f64c84e482f0b9abf960797ee1b,SP,sao paulo,29,2,27,0.0689655172,6.9,2 / 29,3,0.1034482759,10.3,-10.0000,6.0000,11,0,0.0000000000,18,2,0.1111111111,29,2,0.0689655172,0,0.0000000000,12209.30,12820.81,0,0,below_floor,393,0.0780768749,0.07638571932468,0.0356083086,0.0666666667,0.1016949153,0.1428571429,0.1752577320,0,0,0,0,0,1,NULL,standard_terms,usable_n_lt_30
abcd2cb37d46c2c8fb1bf071c859fc5b,MT,cuiaba,29,2,27,0.0689655172,6.9,2 / 29,2,0.0689655172,6.9,-17.0000,9.0000,23,2,0.0869565217,6,0,0.0000000000,27,2,0.0740740741,2,0.0689655172,3449.78,4368.83,0,0,below_floor,393,0.0780768749,0.07638571932468,0.0356083086,0.0666666667,0.1016949153,0.1428571429,0.1752577320,0,0,0,0,0,1,NULL,standard_terms,usable_n_lt_30
213b25e6f54661939f11710a6fddb871,SP,salto,146,10,136,0.0684931507,6.8,10 / 146,13,0.0890410959,8.9,-12.0000,4.0000,28,4,0.1428571429,118,6,0.0508474576,130,10,0.0769230769,16,0.1095890411,14683.70,17873.27,0,1,100_plus,393,0.0780768749,0.07638571932468,0.0356083086,0.0666666667,0.1016949153,0.1428571429,0.1752577320,0,0,0,0,0,1,NULL,standard_terms,at_or_below_peer_bar
ccc4bbb5f32a6ab2b7066a4130f114e3,PR,curitiba,88,6,82,0.0681818182,6.8,6 / 88,8,0.0909090909,9.1,-16.0000,20.0000,50,4,0.0800000000,38,2,0.0526315789,85,6,0.0705882353,3,0.0340909091,32850.69,35644.56,0,1,50_99,393,0.0780768749,0.07638571932468,0.0356083086,0.0666666667,0.1016949153,0.1428571429,0.1752577320,0,0,0,0,0,1,NULL,standard_terms,at_or_below_peer_bar
02f623a8eb246f3c5f7c2f96462654e6,SP,botucatu,44,3,41,0.0681818182,6.8,3 / 44,4,0.0909090909,9.1,-11.0000,13.0000,2,0,0.0000000000,42,3,0.0714285714,44,3,0.0681818182,0,0.0000000000,6378.00,7207.63,0,1,30_49,393,0.0780768749,0.07638571932468,0.0356083086,0.0666666667,0.1016949153,0.1428571429,0.1752577320,0,0,0,0,0,1,NULL,standard_terms,at_or_below_peer_bar
09f952a5f58d2285b0372551ae8f9b01,SP,sao bernardo do campo,44,3,41,0.0681818182,6.8,3 / 44,3,0.0681818182,6.8,-12.0000,8.0000,17,1,0.0588235294,27,2,0.0740740741,39,3,0.0769230769,5,0.1136363636,9873.15,11140.04,0,1,30_49,393,0.0780768749,0.07638571932468,0.0356083086,0.0666666667,0.1016949153,0.1428571429,0.1752577320,0,0,0,0,0,1,NULL,standard_terms,at_or_below_peer_bar
a3a38f4affed601eb87a97788c949667,SC,joinville,44,3,41,0.0681818182,6.8,3 / 44,3,0.0681818182,6.8,-12.5000,6.0000,24,3,0.1250000000,20,0,0.0000000000,42,3,0.0714285714,2,0.0454545455,4640.86,5647.47,0,1,30_49,393,0.0780768749,0.07638571932468,0.0356083086,0.0666666667,0.1016949153,0.1428571429,0.1752577320,0,0,0,0,0,1,NULL,standard_terms,at_or_below_peer_bar
e9779976487b77c6d4ac45f75ec7afe9,SP,praia grande,416,28,388,0.0673076923,6.7,28 / 416,35,0.0841346154,8.4,-9.0000,5.0000,193,22,0.1139896373,223,6,0.0269058296,410,28,0.0682926829,6,0.0144230769,24981.22,31695.57,1,1,100_plus,393,0.0780768749,0.07638571932468,0.0356083086,0.0666666667,0.1016949153,0.1428571429,0.1752577320,0,0,0,0,0,1,NULL,standard_terms,at_or_below_peer_bar
17a053fcb14bd219540cbde0df490be0,SP,mogi guacu,90,6,84,0.0666666667,6.7,6 / 90,8,0.0888888889,8.9,-10.5000,2.5000,51,6,0.1176470588,39,0,0.0000000000,88,6,0.0681818182,2,0.0222222222,29227.98,35553.58,0,1,50_99,393,0.0780768749,0.07638571932468,0.0356083086,0.0666666667,0.1016949153,0.1428571429,0.1752577320,0,0,0,0,0,1,NULL,standard_terms,at_or_below_peer_bar
3c7c4a49ec3c6550809089c6a2ca9370,SP,sao paulo,75,5,70,0.0666666667,6.7,5 / 75,7,0.0933333333,9.3,-9.0000,9.0000,62,5,0.0806451613,13,0,0.0000000000,73,5,0.0684931507,2,0.0266666667,2253.16,3254.72,0,1,50_99,393,0.0780768749,0.07638571932468,0.0356083086,0.0666666667,0.1016949153,0.1428571429,0.1752577320,0,0,0,0,0,1,NULL,standard_terms,at_or_below_peer_bar
8e8a7ce9f2f970dc00e2acf6f6e199f6,RJ,sao goncalo,60,4,56,0.0666666667,6.7,4 / 60,6,0.1000000000,10.0,-11.0000,6.5000,32,4,0.1250000000,28,0,0.0000000000,60,4,0.0666666667,0,0.0000000000,8418.00,9519.72,0,1,50_99,393,0.0780768749,0.07638571932468,0.0356083086,0.0666666667,0.1016949153,0.1428571429,0.1752577320,0,0,0,0,0,1,NULL,standard_terms,at_or_below_peer_bar
382229d1e840115ffe3dbf5ff460e417,RJ,rio de janeiro,45,3,42,0.0666666667,6.7,3 / 45,5,0.1111111111,11.1,-11.0000,4.0000,14,0,0.0000000000,31,3,0.0967741935,44,3,0.0681818182,1,0.0222222222,4037.06,4890.33,0,1,30_49,393,0.0780768749,0.07638571932468,0.0356083086,0.0666666667,0.1016949153,0.1428571429,0.1752577320,0,0,0,0,0,1,NULL,standard_terms,at_or_below_peer_bar
23d7c96d4a1160db1c726b248601b25a,SP,capivari,30,2,28,0.0666666667,6.7,2 / 30,3,0.1000000000,10.0,-13.5000,4.0000,13,0,0.0000000000,17,2,0.1176470588,30,2,0.0666666667,0,0.0000000000,6411.00,7231.65,0,1,30_49,393,0.0780768749,0.07638571932468,0.0356083086,0.0666666667,0.1016949153,0.1428571429,0.1752577320,0,0,0,0,0,1,NULL,standard_terms,at_or_below_peer_bar
25cf099de44674fde97473224f9d59ab,SP,cotia,30,2,28,0.0666666667,6.7,2 / 30,2,0.0666666667,6.7,-13.5000,5.0000,19,0,0.0000000000,11,2,0.1818181818,30,2,0.0666666667,0,0.0000000000,917.38,1358.62,0,1,30_49,393,0.0780768749,0.07638571932468,0.0356083086,0.0666666667,0.1016949153,0.1428571429,0.1752577320,0,0,0,0,0,1,NULL,standard_terms,at_or_below_peer_bar
7b07b3c7487f0ea825fc6df75abd658b,SP,sao paulo,30,2,28,0.0666666667,6.7,2 / 30,2,0.0666666667,6.7,-10.5000,5.5000,18,2,0.1111111111,12,0,0.0000000000,29,2,0.0689655172,1,0.0333333333,3313.36,3744.05,0,1,30_49,393,0.0780768749,0.07638571932468,0.0356083086,0.0666666667,0.1016949153,0.1428571429,0.1752577320,0,0,0,0,0,1,NULL,standard_terms,at_or_below_peer_bar
f789d2c4f2c2eb38fc4373e7a4b35264,MG,juiz de fora,30,2,28,0.0666666667,6.7,2 / 30,2,0.0666666667,6.7,-12.0000,2.0000,15,2,0.1333333333,15,0,0.0000000000,27,2,0.0740740741,3,0.1000000000,3719.68,4301.30,0,1,30_49,393,0.0780768749,0.07638571932468,0.0356083086,0.0666666667,0.1016949153,0.1428571429,0.1752577320,0,0,0,0,0,1,NULL,standard_terms,at_or_below_peer_bar
2646baaf662d4d92ac48f047e35db92d,SP,sao paulo,15,1,14,0.0666666667,6.7,1 / 15,2,0.1333333333,13.3,-12.0000,2.0000,1,0,0.0000000000,14,1,0.0714285714,15,1,0.0666666667,0,0.0000000000,1263.05,1549.39,0,0,below_floor,393,0.0780768749,0.07638571932468,0.0356083086,0.0666666667,0.1016949153,0.1428571429,0.1752577320,0,0,0,0,0,1,NULL,standard_terms,usable_n_lt_30
2745f798279e0ed033addcc1474776d7,SP,sao paulo,15,1,14,0.0666666667,6.7,1 / 15,1,0.0666666667,6.7,-10.0000,16.0000,13,1,0.0769230769,2,0,0.0000000000,14,1,0.0714285714,1,0.0666666667,1487.21,1744.48,0,0,below_floor,393,0.0780768749,0.07638571932468,0.0356083086,0.0666666667,0.1016949153,0.1428571429,0.1752577320,0,0,0,0,0,1,NULL,standard_terms,usable_n_lt_30
3bdff180c7e1f6551a643b99c265a120,SP,sao paulo,15,1,14,0.0666666667,6.7,1 / 15,2,0.1333333333,13.3,-9.0000,8.0000,15,1,0.0666666667,0,0,NULL,15,1,0.0666666667,0,0.0000000000,862.30,1138.61,0,0,below_floor,393,0.0780768749,0.07638571932468,0.0356083086,0.0666666667,0.1016949153,0.1428571429,0.1752577320,0,0,0,0,0,1,NULL,standard_terms,usable_n_lt_30
76ea5315acb3f5f7ade3cd261faf922a,SP,sao paulo,15,1,14,0.0666666667,6.7,1 / 15,1,0.0666666667,6.7,-13.0000,2.0000,0,0,NULL,15,1,0.0666666667,13,1,0.0769230769,2,0.1333333333,1087.06,1311.08,0,0,below_floor,393,0.0780768749,0.07638571932468,0.0356083086,0.0666666667,0.1016949153,0.1428571429,0.1752577320,0,0,0,0,0,1,NULL,standard_terms,usable_n_lt_30
87d3c3aeb3ead335511b3ce315eb341e,SP,sao paulo,15,1,14,0.0666666667,6.7,1 / 15,1,0.0666666667,6.7,-8.0000,6.0000,0,0,NULL,15,1,0.0666666667,15,1,0.0666666667,0,0.0000000000,749.35,963.06,1,0,below_floor,393,0.0780768749,0.07638571932468,0.0356083086,0.0666666667,0.1016949153,0.1428571429,0.1752577320,0,0,0,0,0,1,NULL,standard_terms,usable_n_lt_30
9596c870880d900012f2e8e6e30d06d7,MG,varginha,15,1,14,0.0666666667,6.7,1 / 15,1,0.0666666667,6.7,-12.0000,9.0000,8,0,0.0000000000,7,1,0.1428571429,15,1,0.0666666667,0,0.0000000000,3585.75,4660.34,0,0,below_floor,393,0.0780768749,0.07638571932468,0.0356083086,0.0666666667,0.1016949153,0.1428571429,0.1752577320,0,0,0,0,0,1,NULL,standard_terms,usable_n_lt_30
d379f449f2a3b271bc01c0782020f705,MG,divinopolis,15,1,14,0.0666666667,6.7,1 / 15,1,0.0666666667,6.7,-14.0000,16.0000,11,1,0.0909090909,4,0,0.0000000000,14,1,0.0714285714,1,0.0666666667,2239.08,2871.12,0,0,below_floor,393,0.0780768749,0.07638571932468,0.0356083086,0.0666666667,0.1016949153,0.1428571429,0.1752577320,0,0,0,0,0,1,NULL,standard_terms,usable_n_lt_30
ed8cb7b190ceb6067227478e48cf8dde,SP,santos,15,1,14,0.0666666667,6.7,1 / 15,1,0.0666666667,6.7,-8.0000,3.0000,0,0,NULL,15,1,0.0666666667,14,1,0.0714285714,1,0.0666666667,573.50,816.21,0,0,below_floor,393,0.0780768749,0.07638571932468,0.0356083086,0.0666666667,0.1016949153,0.1428571429,0.1752577320,0,0,0,0,0,1,NULL,standard_terms,usable_n_lt_30
c8b0e2b0a7095e5d8219575d5e7e1181,SP,itaquaquecetuba,61,4,57,0.0655737705,6.6,4 / 61,4,0.0655737705,6.6,-10.5000,4.5000,43,3,0.0697674419,18,1,0.0555555556,59,4,0.0677966102,2,0.0327868852,9471.42,10615.22,3,1,50_99,393,0.0780768749,0.07638571932468,0.0356083086,0.0666666667,0.1016949153,0.1428571429,0.1752577320,0,0,0,0,0,1,NULL,standard_terms,at_or_below_peer_bar
70c27847eca8195c983ed7e798c56743,RJ,rio de janeiro,77,5,72,0.0649350649,6.5,5 / 77,7,0.0909090909,9.1,-12.0000,6.0000,16,2,0.1250000000,61,3,0.0491803279,75,5,0.0666666667,2,0.0259740260,12077.52,13529.18,0,1,50_99,393,0.0780768749,0.07638571932468,0.0356083086,0.0666666667,0.1016949153,0.1428571429,0.1752577320,0,0,0,0,0,1,NULL,standard_terms,at_or_below_peer_bar
955fee9216a65b617aa5c0531780ce60,SP,sao paulo,1082,70,1012,0.0646950092,6.5,70 / 1082,89,0.0822550832,8.2,-11.0000,7.0000,665,51,0.0766917293,417,19,0.0455635492,1074,70,0.0651769088,8,0.0073937153,114280.86,135344.66,2,1,100_plus,393,0.0780768749,0.07638571932468,0.0356083086,0.0666666667,0.1016949153,0.1428571429,0.1752577320,0,0,0,0,0,1,NULL,standard_terms,at_or_below_peer_bar
70eea00b476a314817cefde4aad4f89a,SP,itatiba,62,4,58,0.0645161290,6.5,4 / 62,4,0.0645161290,6.5,-13.0000,14.5000,39,3,0.0769230769,23,1,0.0434782609,61,4,0.0655737705,1,0.0161290323,17380.25,19070.81,0,1,50_99,393,0.0780768749,0.07638571932468,0.0356083086,0.0666666667,0.1016949153,0.1428571429,0.1752577320,0,0,0,0,0,1,NULL,standard_terms,at_or_below_peer_bar
951e8cef368f09bb3f3d03c00ca4702c,SP,ibitinga,62,4,58,0.0645161290,6.5,4 / 62,5,0.0806451613,8.1,-9.5000,5.0000,5,0,0.0000000000,57,4,0.0701754386,59,4,0.0677966102,3,0.0483870968,3993.31,5353.54,0,1,50_99,393,0.0780768749,0.07638571932468,0.0356083086,0.0666666667,0.1016949153,0.1428571429,0.1752577320,0,0,0,0,0,1,NULL,standard_terms,at_or_below_peer_bar
f3da5b2ff499efb8d4a6d371d175d7dd,SP,sao paulo,62,4,58,0.0645161290,6.5,4 / 62,5,0.0806451613,8.1,-9.0000,17.0000,27,2,0.0740740741,35,2,0.0571428571,60,4,0.0666666667,2,0.0322580645,2718.23,3619.81,0,1,50_99,393,0.0780768749,0.07638571932468,0.0356083086,0.0666666667,0.1016949153,0.1428571429,0.1752577320,0,0,0,0,0,1,NULL,standard_terms,at_or_below_peer_bar
0c7533c71df861ec58ad7ff999ed0e8d,SP,valinhos,31,2,29,0.0645161290,6.5,2 / 31,2,0.0645161290,6.5,-11.0000,15.0000,28,2,0.0714285714,3,0,0.0000000000,30,2,0.0666666667,1,0.0322580645,1683.90,2113.15,0,1,30_49,393,0.0780768749,0.07638571932468,0.0356083086,0.0666666667,0.1016949153,0.1428571429,0.1752577320,0,0,0,0,0,1,NULL,standard_terms,at_or_below_peer_bar
276677b5d08786d5dce7c2149dcce48b,MG,belo horizonte,31,2,29,0.0645161290,6.5,2 / 31,3,0.0967741935,9.7,-8.0000,11.0000,20,1,0.0500000000,11,1,0.0909090909,31,2,0.0645161290,0,0.0000000000,3424.20,4189.45,0,1,30_49,393,0.0780768749,0.07638571932468,0.0356083086,0.0666666667,0.1016949153,0.1428571429,0.1752577320,0,0,0,0,0,1,NULL,standard_terms,at_or_below_peer_bar
994f04b3718c2bab35c2adfa8afecd2a,SP,jaguariuna,31,2,29,0.0645161290,6.5,2 / 31,3,0.0967741935,9.7,-11.0000,12.0000,26,2,0.0769230769,5,0,0.0000000000,31,2,0.0645161290,0,0.0000000000,2011.10,2509.17,0,1,30_49,393,0.0780768749,0.07638571932468,0.0356083086,0.0666666667,0.1016949153,0.1428571429,0.1752577320,0,0,0,0,0,1,NULL,standard_terms,at_or_below_peer_bar
8d956fec2e4337affcb520f56fd8cbfd,SP,sao bernardo do campo,204,13,191,0.0637254902,6.4,13 / 204,22,0.1078431373,10.8,-10.0000,4.0000,89,6,0.0674157303,115,7,0.0608695652,202,13,0.0643564356,2,0.0098039216,10630.28,13846.07,0,1,100_plus,393,0.0780768749,0.07638571932468,0.0356083086,0.0666666667,0.1016949153,0.1428571429,0.1752577320,0,0,0,0,0,1,NULL,standard_terms,at_or_below_peer_bar
282f23a9769b2690c5dda22e316f9941,MG,belo horizonte,63,4,59,0.0634920635,6.3,4 / 63,4,0.0634920635,6.3,-10.0000,2.0000,33,4,0.1212121212,30,0,0.0000000000,62,4,0.0645161290,1,0.0158730159,4082.28,5357.81,0,1,50_99,393,0.0780768749,0.07638571932468,0.0356083086,0.0666666667,0.1016949153,0.1428571429,0.1752577320,0,0,0,0,0,1,NULL,standard_terms,at_or_below_peer_bar
4c18691b6037662be2df78a765d98ab5,SP,sao paulo,63,4,59,0.0634920635,6.3,4 / 63,5,0.0793650794,7.9,-10.0000,5.5000,19,3,0.1578947368,44,1,0.0227272727,62,4,0.0645161290,1,0.0158730159,3195.52,4316.51,1,1,50_99,393,0.0780768749,0.07638571932468,0.0356083086,0.0666666667,0.1016949153,0.1428571429,0.1752577320,0,0,0,0,0,1,NULL,standard_terms,at_or_below_peer_bar
527801b552d0077ffd170872eb49683b,SP,garca,63,4,59,0.0634920635,6.3,4 / 63,4,0.0634920635,6.3,-13.0000,5.0000,38,1,0.0263157895,25,3,0.1200000000,63,4,0.0634920635,0,0.0000000000,15401.60,16914.49,0,1,50_99,393,0.0780768749,0.07638571932468,0.0356083086,0.0666666667,0.1016949153,0.1428571429,0.1752577320,0,0,0,0,0,1,NULL,standard_terms,at_or_below_peer_bar
25c5c91f63607446a97b143d2d535d31,MG,itauna,32,2,30,0.0625000000,6.3,2 / 32,2,0.0625000000,6.3,-9.5000,6.5000,32,2,0.0625000000,0,0,NULL,29,2,0.0689655172,3,0.0937500000,9732.75,10920.51,0,1,30_49,393,0.0780768749,0.07638571932468,0.0356083086,0.0666666667,0.1016949153,0.1428571429,0.1752577320,0,0,0,0,0,1,NULL,standard_terms,at_or_below_peer_bar
4a3ccda38b2129705f3fb522db62ca31,SP,marilia,32,2,30,0.0625000000,6.3,2 / 32,3,0.0937500000,9.4,-14.0000,8.5000,14,1,0.0714285714,18,1,0.0555555556,30,2,0.0666666667,2,0.0625000000,10671.50,11375.66,0,1,30_49,393,0.0780768749,0.07638571932468,0.0356083086,0.0666666667,0.1016949153,0.1428571429,0.1752577320,0,0,0,0,0,1,NULL,standard_terms,at_or_below_peer_bar
17f51e7198701186712e53a39c564617,SP,sao paulo,16,1,15,0.0625000000,6.3,1 / 16,1,0.0625000000,6.3,-11.0000,16.0000,6,1,0.1666666667,10,0,0.0000000000,15,1,0.0666666667,1,0.0625000000,13259.00,16355.14,0,0,below_floor,393,0.0780768749,0.07638571932468,0.0356083086,0.0666666667,0.1016949153,0.1428571429,0.1752577320,0,0,0,0,0,1,NULL,standard_terms,usable_n_lt_30
20d83f3ef0e6925fd74bfd59170babf7,SP,sao paulo,16,1,15,0.0625000000,6.3,1 / 16,1,0.0625000000,6.3,-8.0000,1.0000,9,0,0.0000000000,7,1,0.1428571429,15,1,0.0666666667,1,0.0625000000,1227.80,1498.13,0,0,below_floor,393,0.0780768749,0.07638571932468,0.0356083086,0.0666666667,0.1016949153,0.1428571429,0.1752577320,0,0,0,0,0,1,NULL,standard_terms,usable_n_lt_30
412a4720f3e9431b4afa1476a1acddbe,SP,campinas,16,1,15,0.0625000000,6.3,1 / 16,1,0.0625000000,6.3,-9.0000,56.0000,7,1,0.1428571429,9,0,0.0000000000,16,1,0.0625000000,0,0.0000000000,1811.40,2252.77,0,0,below_floor,393,0.0780768749,0.07638571932468,0.0356083086,0.0666666667,0.1016949153,0.1428571429,0.1752577320,0,0,0,0,0,1,NULL,standard_terms,usable_n_lt_30
a2b5b6105ea5942300631d2e76f4ffe0,SP,osasco,16,1,15,0.0625000000,6.3,1 / 16,2,0.1250000000,12.5,-7.0000,1.0000,0,0,NULL,16,1,0.0625000000,16,1,0.0625000000,0,0.0000000000,3286.69,4009.34,0,0,below_floor,393,0.0780768749,0.07638571932468,0.0356083086,0.0666666667,0.1016949153,0.1428571429,0.1752577320,0,0,0,0,0,1,NULL,standard_terms,usable_n_lt_30
c35672b10ad50968f567ea3f4b91e877,RJ,mesquita,16,1,15,0.0625000000,6.3,1 / 16,1,0.0625000000,6.3,-14.0000,5.0000,9,0,0.0000000000,7,1,0.1428571429,16,1,0.0625000000,0,0.0000000000,1035.17,1358.34,0,0,below_floor,393,0.0780768749,0.07638571932468,0.0356083086,0.0666666667,0.1016949153,0.1428571429,0.1752577320,0,0,0,0,0,1,NULL,standard_terms,usable_n_lt_30
dbdd0ec73a4817971d962698f2fea022,CE,fortaleza,16,1,15,0.0625000000,6.3,1 / 16,1,0.0625000000,6.3,-15.0000,5.0000,1,0,0.0000000000,15,1,0.0666666667,16,1,0.0625000000,0,0.0000000000,6384.00,8174.80,0,0,below_floor,393,0.0780768749,0.07638571932468,0.0356083086,0.0666666667,0.1016949153,0.1428571429,0.1752577320,0,0,0,0,0,1,NULL,standard_terms,usable_n_lt_30
46dc3b2cc0980fb8ec44634e21d2718e,RJ,rio de janeiro,65,4,61,0.0615384615,6.2,4 / 65,4,0.0615384615,6.2,-15.0000,14.5000,33,4,0.1212121212,32,0,0.0000000000,64,4,0.0625000000,1,0.0153846154,15919.35,17599.58,1,1,50_99,393,0.0780768749,0.07638571932468,0.0356083086,0.0666666667,0.1016949153,0.1428571429,0.1752577320,0,0,0,0,0,1,NULL,standard_terms,at_or_below_peer_bar
0509040ea3fe50071181bbc359eb7738,MG,belo horizonte,33,2,31,0.0606060606,6.1,2 / 33,3,0.0909090909,9.1,-12.0000,3.5000,28,2,0.0714285714,5,0,0.0000000000,33,2,0.0606060606,0,0.0000000000,1480.10,2014.86,0,1,30_49,393,0.0780768749,0.07638571932468,0.0356083086,0.0666666667,0.1016949153,0.1428571429,0.1752577320,0,0,0,0,0,1,NULL,standard_terms,at_or_below_peer_bar
9674754b5a0cb32b638cec001178f799,SP,sao paulo,33,2,31,0.0606060606,6.1,2 / 33,3,0.0909090909,9.1,-11.0000,4.5000,23,2,0.0869565217,10,0,0.0000000000,33,2,0.0606060606,0,0.0000000000,2404.02,2863.11,0,1,30_49,393,0.0780768749,0.07638571932468,0.0356083086,0.0666666667,0.1016949153,0.1428571429,0.1752577320,0,0,0,0,0,1,NULL,standard_terms,at_or_below_peer_bar
1025f0e2d44d7041d6cf58b6550e0bfa,SP,sao paulo,677,41,636,0.0605612999,6.1,41 / 677,58,0.0856720827,8.6,-12.0000,6.0000,250,28,0.1120000000,427,13,0.0304449649,648,41,0.0632716049,29,0.0428360414,104973.71,130288.87,1,1,100_plus,393,0.0780768749,0.07638571932468,0.0356083086,0.0666666667,0.1016949153,0.1428571429,0.1752577320,0,0,0,0,0,1,NULL,standard_terms,at_or_below_peer_bar
05d2173d43ea568aa0540eba70d2ca76,MG,alfenas,50,3,47,0.0600000000,6.0,3 / 50,4,0.0800000000,8.0,-12.0000,23.0000,34,3,0.0882352941,16,0,0.0000000000,50,3,0.0600000000,0,0.0000000000,4693.98,6119.49,0,1,50_99,393,0.0780768749,0.07638571932468,0.0356083086,0.0666666667,0.1016949153,0.1428571429,0.1752577320,0,0,0,0,0,1,NULL,standard_terms,at_or_below_peer_bar
76d5af76d0271110f9af36c92573f765,SP,sao paulo,50,3,47,0.0600000000,6.0,3 / 50,3,0.0600000000,6.0,-11.0000,8.0000,40,2,0.0500000000,10,1,0.1000000000,47,3,0.0638297872,3,0.0600000000,8762.09,9911.24,0,1,50_99,393,0.0780768749,0.07638571932468,0.0356083086,0.0666666667,0.1016949153,0.1428571429,0.1752577320,0,0,0,0,0,1,NULL,standard_terms,at_or_below_peer_bar
7202e2ba20579a9bd1acb29e61fe71f6,SP,franca,34,2,32,0.0588235294,5.9,2 / 34,3,0.0882352941,8.8,-14.0000,7.5000,16,1,0.0625000000,18,1,0.0555555556,34,2,0.0588235294,0,0.0000000000,6852.40,7641.37,0,1,30_49,393,0.0780768749,0.07638571932468,0.0356083086,0.0666666667,0.1016949153,0.1428571429,0.1752577320,0,0,0,0,0,1,NULL,standard_terms,at_or_below_peer_bar
99002261c568a84cce14d43fcffb43ea,MT,cuiaba,34,2,32,0.0588235294,5.9,2 / 34,3,0.0882352941,8.8,-10.0000,7.0000,21,1,0.0476190476,13,1,0.0769230769,33,2,0.0606060606,1,0.0294117647,3878.00,4889.16,0,1,30_49,393,0.0780768749,0.07638571932468,0.0356083086,0.0666666667,0.1016949153,0.1428571429,0.1752577320,0,0,0,0,0,1,NULL,standard_terms,at_or_below_peer_bar
e067ad2c1c0b48758eb1b5228bcf7a68,SP,santos,34,2,32,0.0588235294,5.9,2 / 34,2,0.0588235294,5.9,-11.5000,5.0000,15,1,0.0666666667,19,1,0.0526315789,34,2,0.0588235294,0,0.0000000000,3680.60,4311.78,0,1,30_49,393,0.0780768749,0.07638571932468,0.0356083086,0.0666666667,0.1016949153,0.1428571429,0.1752577320,0,0,0,0,0,1,NULL,standard_terms,at_or_below_peer_bar
232a6014e7b10cba61c6c2b2ea6bb4b0,SP,cafelandia,17,1,16,0.0588235294,5.9,1 / 17,2,0.1176470588,11.8,-10.0000,6.0000,12,1,0.0833333333,5,0,0.0000000000,17,1,0.0588235294,0,0.0000000000,1927.57,2592.69,0,0,below_floor,393,0.0780768749,0.07638571932468,0.0356083086,0.0666666667,0.1016949153,0.1428571429,0.1752577320,0,0,0,0,0,1,NULL,standard_terms,usable_n_lt_30
5d3bb11474a06bdc23fb9e89f1164ee0,SP,assis,17,1,16,0.0588235294,5.9,1 / 17,1,0.0588235294,5.9,-13.0000,8.0000,8,1,0.1250000000,9,0,0.0000000000,17,1,0.0588235294,0,0.0000000000,1576.40,1865.78,0,0,below_floor,393,0.0780768749,0.07638571932468,0.0356083086,0.0666666667,0.1016949153,0.1428571429,0.1752577320,0,0,0,0,0,1,NULL,standard_terms,usable_n_lt_30
c12b92bf1c350f3e6bf88d3596219c86,SP,garca,17,1,16,0.0588235294,5.9,1 / 17,1,0.0588235294,5.9,-15.0000,1.0000,0,0,NULL,17,1,0.0588235294,16,1,0.0625000000,1,0.0588235294,4808.78,5252.84,0,0,below_floor,393,0.0780768749,0.07638571932468,0.0356083086,0.0666666667,0.1016949153,0.1428571429,0.1752577320,0,0,0,0,0,1,NULL,standard_terms,usable_n_lt_30
c68fb906c8f4b4b946d8386bfa6e5467,SP,jaboticabal,17,1,16,0.0588235294,5.9,1 / 17,1,0.0588235294,5.9,-14.0000,2.0000,8,1,0.1250000000,9,0,0.0000000000,17,1,0.0588235294,0,0.0000000000,1780.96,2107.84,0,0,below_floor,393,0.0780768749,0.07638571932468,0.0356083086,0.0666666667,0.1016949153,0.1428571429,0.1752577320,0,0,0,0,0,1,NULL,standard_terms,usable_n_lt_30
d25aa0aaacb370e912f8cf6efeba38b3,SC,massaranduba,17,1,16,0.0588235294,5.9,1 / 17,1,0.0588235294,5.9,-17.0000,4.0000,4,0,0.0000000000,13,1,0.0769230769,16,1,0.0625000000,1,0.0588235294,2658.45,3373.13,0,0,below_floor,393,0.0780768749,0.07638571932468,0.0356083086,0.0666666667,0.1016949153,0.1428571429,0.1752577320,0,0,0,0,0,1,NULL,standard_terms,usable_n_lt_30
da7039f29f90ce5b4846ffc0fcc93beb,SP,santo andre,17,1,16,0.0588235294,5.9,1 / 17,1,0.0588235294,5.9,-11.5000,1.0000,1,0,0.0000000000,16,1,0.0625000000,16,1,0.0625000000,1,0.0588235294,1259.10,1503.55,1,0,below_floor,393,0.0780768749,0.07638571932468,0.0356083086,0.0666666667,0.1016949153,0.1428571429,0.1752577320,0,0,0,0,0,1,NULL,standard_terms,usable_n_lt_30
7040e82f899a04d1b434b795a43b4617,SP,sao paulo,120,7,113,0.0583333333,5.8,7 / 120,10,0.0833333333,8.3,-11.0000,9.0000,54,7,0.1296296296,66,0,0.0000000000,117,7,0.0598290598,3,0.0250000000,4539.90,6403.75,0,1,100_plus,393,0.0780768749,0.07638571932468,0.0356083086,0.0666666667,0.1016949153,0.1428571429,0.1752577320,0,0,0,0,0,1,NULL,standard_terms,at_or_below_peer_bar
537eb890efff034a88679788b647c564,RJ,rio de janeiro,103,6,97,0.0582524272,5.8,6 / 103,7,0.0679611650,6.8,-12.0000,6.5000,47,3,0.0638297872,56,3,0.0535714286,95,6,0.0631578947,8,0.0776699029,2755.70,4416.32,0,1,100_plus,393,0.0780768749,0.07638571932468,0.0356083086,0.0666666667,0.1016949153,0.1428571429,0.1752577320,0,0,0,0,0,1,NULL,standard_terms,at_or_below_peer_bar
87142160b41353c4e5fca2360caf6f92,RS,porto alegre,104,6,98,0.0576923077,5.8,6 / 104,10,0.0961538462,9.6,-14.0000,3.5000,41,4,0.0975609756,63,2,0.0317460317,100,6,0.0600000000,4,0.0384615385,10408.18,12858.11,0,1,100_plus,393,0.0780768749,0.07638571932468,0.0356083086,0.0666666667,0.1016949153,0.1428571429,0.1752577320,0,0,0,0,0,1,NULL,standard_terms,at_or_below_peer_bar
aafe36600ce604f205b86b5084d3d767,SC,sao jose,52,3,49,0.0576923077,5.8,3 / 52,4,0.0769230769,7.7,-14.5000,15.0000,19,2,0.1052631579,33,1,0.0303030303,51,3,0.0588235294,1,0.0192307692,3373.80,4382.02,0,1,50_99,393,0.0780768749,0.07638571932468,0.0356083086,0.0666666667,0.1016949153,0.1428571429,0.1752577320,0,0,0,0,0,1,NULL,standard_terms,at_or_below_peer_bar
f457c46070d02cadd8a68551231220dd,PR,maringa,192,11,181,0.0572916667,5.7,11 / 192,12,0.0625000000,6.3,-13.0000,12.0000,176,11,0.0625000000,16,0,0.0000000000,166,11,0.0662650602,26,0.1354166667,18543.60,22123.62,0,1,100_plus,393,0.0780768749,0.07638571932468,0.0356083086,0.0666666667,0.1016949153,0.1428571429,0.1752577320,0,0,0,0,0,1,NULL,standard_terms,at_or_below_peer_bar
3ab971ce71839580d2ae5b4e40fe8044,SP,sao paulo,35,2,33,0.0571428571,5.7,2 / 35,3,0.0857142857,8.6,-12.0000,2.5000,0,0,NULL,35,2,0.0571428571,35,2,0.0571428571,0,0.0000000000,4917.00,5797.25,0,1,30_49,393,0.0780768749,0.07638571932468,0.0356083086,0.0666666667,0.1016949153,0.1428571429,0.1752577320,0,0,0,0,0,1,NULL,standard_terms,at_or_below_peer_bar
45ba18c210d42734ec52c0c1c574e9ee,SP,sao roque,35,2,33,0.0571428571,5.7,2 / 35,2,0.0571428571,5.7,-12.0000,1.5000,8,1,0.1250000000,27,1,0.0370370370,33,1,0.0303030303,2,0.0571428571,5099.44,6023.77,0,1,30_49,393,0.0780768749,0.07638571932468,0.0356083086,0.0666666667,0.1016949153,0.1428571429,0.1752577320,0,0,0,0,0,1,NULL,standard_terms,at_or_below_peer_bar
bf84056e679dbe9c69929847a40e338f,SP,sao paulo,35,2,33,0.0571428571,5.7,2 / 35,3,0.0857142857,8.6,-8.0000,25.5000,35,2,0.0571428571,0,0,NULL,35,2,0.0571428571,0,0.0000000000,1918.08,2356.58,0,1,30_49,393,0.0780768749,0.07638571932468,0.0356083086,0.0666666667,0.1016949153,0.1428571429,0.1752577320,0,0,0,0,0,1,NULL,standard_terms,at_or_below_peer_bar
e8b3a3a38279a82f0e5d006d5e5b7d2c,PR,jussara,35,2,33,0.0571428571,5.7,2 / 35,2,0.0571428571,5.7,-20.0000,9.5000,35,2,0.0571428571,0,0,NULL,35,2,0.0571428571,0,0.0000000000,6158.40,6793.04,0,1,30_49,393,0.0780768749,0.07638571932468,0.0356083086,0.0666666667,0.1016949153,0.1428571429,0.1752577320,0,0,0,0,0,1,NULL,standard_terms,at_or_below_peer_bar
128639473a139ac0f3e5f5ade55873a5,PR,maringa,299,17,282,0.0568561873,5.7,17 / 299,24,0.0802675585,8.0,-14.0000,9.0000,229,17,0.0742358079,70,0,0.0000000000,295,17,0.0576271186,4,0.0133779264,6929.10,12538.03,0,1,100_plus,393,0.0780768749,0.07638571932468,0.0356083086,0.0666666667,0.1016949153,0.1428571429,0.1752577320,0,0,0,0,0,1,NULL,standard_terms,at_or_below_peer_bar
1da3aeb70d7989d1e6d9b0e887f97c23,SP,sao paulo,141,8,133,0.0567375887,5.7,8 / 141,11,0.0780141844,7.8,-11.0000,3.0000,70,1,0.0142857143,71,7,0.0985915493,137,8,0.0583941606,4,0.0283687943,4018.97,6293.87,1,1,100_plus,393,0.0780768749,0.07638571932468,0.0356083086,0.0666666667,0.1016949153,0.1428571429,0.1752577320,0,0,0,0,0,1,NULL,standard_terms,at_or_below_peer_bar
d9a84e1403de8da0c3aa531d6d108ba6,SP,sao paulo,53,3,50,0.0566037736,5.7,3 / 53,3,0.0566037736,5.7,-9.0000,11.0000,23,2,0.0869565217,30,1,0.0333333333,51,3,0.0588235294,2,0.0377358491,1385.30,2109.15,0,1,50_99,393,0.0780768749,0.07638571932468,0.0356083086,0.0666666667,0.1016949153,0.1428571429,0.1752577320,0,0,0,0,0,1,NULL,standard_terms,at_or_below_peer_bar
4b9750c8ad28220fe6702d4ecb7c898f,SP,limeira,195,11,184,0.0564102564,5.6,11 / 195,15,0.0769230769,7.7,-8.0000,6.0000,71,8,0.1126760563,124,3,0.0241935484,193,11,0.0569948187,2,0.0102564103,14177.55,17209.71,0,1,100_plus,393,0.0780768749,0.07638571932468,0.0356083086,0.0666666667,0.1016949153,0.1428571429,0.1752577320,0,0,0,0,0,1,NULL,standard_terms,at_or_below_peer_bar
08633c14ef2db992c11f840f04fad4cd,SP,ribeirao pires,71,4,67,0.0563380282,5.6,4 / 71,5,0.0704225352,7.0,-11.0000,6.5000,28,2,0.0714285714,43,2,0.0465116279,68,4,0.0588235294,3,0.0422535211,7417.60,8796.33,1,1,50_99,393,0.0780768749,0.07638571932468,0.0356083086,0.0666666667,0.1016949153,0.1428571429,0.1752577320,0,0,0,0,0,1,NULL,standard_terms,at_or_below_peer_bar
7178f9f4dd81dcef02f62acdf8151e01,SC,videira,71,4,67,0.0563380282,5.6,4 / 71,5,0.0704225352,7.0,-19.0000,9.5000,62,2,0.0322580645,9,2,0.2222222222,71,4,0.0563380282,0,0.0000000000,14792.90,16348.83,0,1,50_99,393,0.0780768749,0.07638571932468,0.0356083086,0.0666666667,0.1016949153,0.1428571429,0.1752577320,0,0,0,0,0,1,NULL,standard_terms,at_or_below_peer_bar
6560211a19b47992c3666cc44a7e94c0,SP,sao paulo,983,55,928,0.0559511699,5.6,55 / 983,71,0.0722278739,7.2,-11.0000,5.0000,346,29,0.0838150289,637,26,0.0408163265,965,54,0.0559585492,18,0.0183112920,66846.93,82172.01,4,1,100_plus,393,0.0780768749,0.07638571932468,0.0356083086,0.0666666667,0.1016949153,0.1428571429,0.1752577320,0,0,0,0,0,1,NULL,standard_terms,at_or_below_peer_bar
a1043bafd471dff536d0c462352beb48,MG,ilicinea,412,23,389,0.0558252427,5.6,23 / 412,27,0.0655339806,6.6,-13.0000,6.0000,271,18,0.0664206642,141,5,0.0354609929,408,23,0.0563725490,4,0.0097087379,59465.06,78062.99,4,1,100_plus,393,0.0780768749,0.07638571932468,0.0356083086,0.0666666667,0.1016949153,0.1428571429,0.1752577320,0,0,0,0,0,1,NULL,standard_terms,at_or_below_peer_bar
f5a590cf36251cf1162ea35bef76fe84,SP,sao bernardo do campo,72,4,68,0.0555555556,5.6,4 / 72,5,0.0694444444,6.9,-14.0000,9.5000,40,3,0.0750000000,32,1,0.0312500000,72,4,0.0555555556,0,0.0000000000,27193.90,29750.62,1,1,50_99,393,0.0780768749,0.07638571932468,0.0356083086,0.0666666667,0.1016949153,0.1428571429,0.1752577320,0,0,0,0,0,1,NULL,standard_terms,at_or_below_peer_bar
5a8e7d5003a1f221f9e1d6e411de7c23,SP,campinas,54,3,51,0.0555555556,5.6,3 / 54,4,0.0740740741,7.4,-9.5000,3.0000,22,2,0.0909090909,32,1,0.0312500000,48,3,0.0625000000,6,0.1111111111,4642.60,5810.35,0,1,50_99,393,0.0780768749,0.07638571932468,0.0356083086,0.0666666667,0.1016949153,0.1428571429,0.1752577320,0,0,0,0,0,1,NULL,standard_terms,at_or_below_peer_bar
d9bd94811c3338dceb4181f3dbc0c73e,SP,sao paulo,54,3,51,0.0555555556,5.6,3 / 54,6,0.1111111111,11.1,-7.5000,21.0000,0,0,NULL,54,3,0.0555555556,54,3,0.0555555556,0,0.0000000000,6911.02,7682.11,0,1,50_99,393,0.0780768749,0.07638571932468,0.0356083086,0.0666666667,0.1016949153,0.1428571429,0.1752577320,0,0,0,0,0,1,NULL,standard_terms,at_or_below_peer_bar
02f5837340d7eb4f653d676c7256523a,PR,curitiba,18,1,17,0.0555555556,5.6,1 / 18,1,0.0555555556,5.6,-20.0000,8.0000,14,1,0.0714285714,4,0,0.0000000000,18,1,0.0555555556,0,0.0000000000,2265.82,2645.85,0,0,below_floor,393,0.0780768749,0.07638571932468,0.0356083086,0.0666666667,0.1016949153,0.1428571429,0.1752577320,0,0,0,0,0,1,NULL,standard_terms,usable_n_lt_30
157c3e4b42f81ac4a44e8b1ca2fe9876,SP,sao paulo,18,1,17,0.0555555556,5.6,1 / 18,1,0.0555555556,5.6,-17.0000,13.0000,10,0,0.0000000000,8,1,0.1250000000,13,1,0.0769230769,5,0.2777777778,1917.00,2384.62,1,0,below_floor,393,0.0780768749,0.07638571932468,0.0356083086,0.0666666667,0.1016949153,0.1428571429,0.1752577320,0,0,0,0,0,1,NULL,standard_terms,usable_n_lt_30
179d859f51292aac5c10806a356f7af9,SP,ribeirao pires,18,1,17,0.0555555556,5.6,1 / 18,3,0.1666666667,16.7,-7.5000,3.0000,0,0,NULL,18,1,0.0555555556,18,1,0.0555555556,0,0.0000000000,404.47,800.27,0,0,below_floor,393,0.0780768749,0.07638571932468,0.0356083086,0.0666666667,0.1016949153,0.1428571429,0.1752577320,0,0,0,0,0,1,NULL,standard_terms,usable_n_lt_30
3078096983cf766a32a06257648502d1,SP,scao jose do rio pardo,18,1,17,0.0555555556,5.6,1 / 18,2,0.1111111111,11.1,-15.5000,10.0000,15,1,0.0666666667,3,0,0.0000000000,18,1,0.0555555556,0,0.0000000000,2921.84,3369.80,0,0,below_floor,393,0.0780768749,0.07638571932468,0.0356083086,0.0666666667,0.1016949153,0.1428571429,0.1752577320,0,0,0,0,0,1,NULL,standard_terms,usable_n_lt_30
30829ded4523ab9224b93bc49a62c95f,RS,parai,18,1,17,0.0555555556,5.6,1 / 18,1,0.0555555556,5.6,-18.0000,7.0000,11,1,0.0909090909,7,0,0.0000000000,18,1,0.0555555556,0,0.0000000000,6911.71,7549.71,0,0,below_floor,393,0.0780768749,0.07638571932468,0.0356083086,0.0666666667,0.1016949153,0.1428571429,0.1752577320,0,0,0,0,0,1,NULL,standard_terms,usable_n_lt_30
4e06067cc08b3f41d837768d392c3ee3,MG,betim,18,1,17,0.0555555556,5.6,1 / 18,1,0.0555555556,5.6,-14.0000,28.0000,9,0,0.0000000000,9,1,0.1111111111,17,1,0.0588235294,1,0.0555555556,596.83,955.23,0,0,below_floor,393,0.0780768749,0.07638571932468,0.0356083086,0.0666666667,0.1016949153,0.1428571429,0.1752577320,0,0,0,0,0,1,NULL,standard_terms,usable_n_lt_30
6aa3928696eab49a19a466e665a649fd,RJ,nova iguacu,18,1,17,0.0555555556,5.6,1 / 18,1,0.0555555556,5.6,-15.0000,1.0000,6,1,0.1666666667,12,0,0.0000000000,16,1,0.0625000000,2,0.1111111111,2075.00,2410.68,0,0,below_floor,393,0.0780768749,0.07638571932468,0.0356083086,0.0666666667,0.1016949153,0.1428571429,0.1752577320,0,0,0,0,0,1,NULL,standard_terms,usable_n_lt_30
977f9f63dd360c2a32ece2f93ad6d306,SP,tabatinga,18,1,17,0.0555555556,5.6,1 / 18,2,0.1111111111,11.1,-10.5000,6.0000,8,1,0.1250000000,10,0,0.0000000000,14,1,0.0714285714,4,0.2222222222,2161.87,2806.64,0,0,below_floor,393,0.0780768749,0.07638571932468,0.0356083086,0.0666666667,0.1016949153,0.1428571429,0.1752577320,0,0,0,0,0,1,NULL,standard_terms,usable_n_lt_30
b4f8921fcc4ff77b66bea6dda43dcd51,RS,caxias do sul,18,1,17,0.0555555556,5.6,1 / 18,1,0.0555555556,5.6,-17.0000,1.0000,0,0,NULL,18,1,0.0555555556,17,1,0.0588235294,1,0.0555555556,11395.05,12863.41,0,0,below_floor,393,0.0780768749,0.07638571932468,0.0356083086,0.0666666667,0.1016949153,0.1428571429,0.1752577320,0,0,0,0,0,1,NULL,standard_terms,usable_n_lt_30
e84ad2127668df3aafc6b73531a0beb8,SP,sao paulo,18,1,17,0.0555555556,5.6,1 / 18,1,0.0555555556,5.6,-8.0000,8.0000,9,0,0.0000000000,9,1,0.1111111111,18,1,0.0555555556,0,0.0000000000,973.00,1241.05,0,0,below_floor,393,0.0780768749,0.07638571932468,0.0356083086,0.0666666667,0.1016949153,0.1428571429,0.1752577320,0,0,0,0,0,1,NULL,standard_terms,usable_n_lt_30
ea00f977a203ff88adf7057cb7806998,SP,santos,18,1,17,0.0555555556,5.6,1 / 18,2,0.1111111111,11.1,-6.0000,3.0000,0,0,NULL,18,1,0.0555555556,18,1,0.0555555556,0,0.0000000000,381.73,558.02,0,0,below_floor,393,0.0780768749,0.07638571932468,0.0356083086,0.0666666667,0.1016949153,0.1428571429,0.1752577320,0,0,0,0,0,1,NULL,standard_terms,usable_n_lt_30
eb5b6204dde3a6e03b5f1bb8479f055b,SP,embu guacu,18,1,17,0.0555555556,5.6,1 / 18,1,0.0555555556,5.6,-12.0000,6.0000,14,0,0.0000000000,4,1,0.2500000000,18,1,0.0555555556,0,0.0000000000,415.30,678.58,0,0,below_floor,393,0.0780768749,0.07638571932468,0.0356083086,0.0666666667,0.1016949153,0.1428571429,0.1752577320,0,0,0,0,0,1,NULL,standard_terms,usable_n_lt_30
d6b1ce66b035a475f00c017792ff9769,SP,salto,92,5,87,0.0543478261,5.4,5 / 92,6,0.0652173913,6.5,-13.0000,14.0000,32,2,0.0625000000,60,3,0.0500000000,88,5,0.0568181818,4,0.0434782609,12277.40,14315.88,0,1,50_99,393,0.0780768749,0.07638571932468,0.0356083086,0.0666666667,0.1016949153,0.1428571429,0.1752577320,0,0,0,0,0,1,NULL,standard_terms,at_or_below_peer_bar
7299e27ed73d2ad986de7f7c77d919fa,MG,araguari,129,7,122,0.0542635659,5.4,7 / 129,9,0.0697674419,7.0,-13.0000,2.0000,29,1,0.0344827586,100,6,0.0600000000,128,7,0.0546875000,1,0.0077519380,18173.83,21148.09,5,1,100_plus,393,0.0780768749,0.07638571932468,0.0356083086,0.0666666667,0.1016949153,0.1428571429,0.1752577320,0,0,0,0,0,1,NULL,standard_terms,at_or_below_peer_bar
d05ae8f7a5bd1d2a690a44cd079e4e27,RJ,rio de janeiro,37,2,35,0.0540540541,5.4,2 / 37,4,0.1081081081,10.8,-11.0000,15.5000,27,2,0.0740740741,10,0,0.0000000000,37,2,0.0540540541,0,0.0000000000,6223.00,6787.57,0,1,30_49,393,0.0780768749,0.07638571932468,0.0356083086,0.0666666667,0.1016949153,0.1428571429,0.1752577320,0,0,0,0,0,1,NULL,standard_terms,at_or_below_peer_bar
c70c1b0d8ca86052f45a432a38b73958,SP,hortolandia,260,14,246,0.0538461538,5.4,14 / 260,22,0.0846153846,8.5,-8.0000,4.0000,28,1,0.0357142857,232,13,0.0560344828,258,14,0.0542635659,2,0.0076923077,36289.15,40190.56,0,1,100_plus,393,0.0780768749,0.07638571932468,0.0356083086,0.0666666667,0.1016949153,0.1428571429,0.1752577320,0,0,0,0,0,1,NULL,standard_terms,at_or_below_peer_bar
f8db351d8c4c4c22c6835c19a46f01b0,SP,salto,260,14,246,0.0538461538,5.4,14 / 260,18,0.0692307692,6.9,-11.0000,5.5000,110,9,0.0818181818,150,5,0.0333333333,254,14,0.0551181102,6,0.0230769231,19767.10,25224.70,0,1,100_plus,393,0.0780768749,0.07638571932468,0.0356083086,0.0666666667,0.1016949153,0.1428571429,0.1752577320,0,0,0,0,0,1,NULL,standard_terms,at_or_below_peer_bar
3d871de0142ce09b7081e2b9d1733cb1,SP,campo limpo paulista,447,24,423,0.0536912752,5.4,24 / 447,25,0.0559284116,5.6,-14.0000,6.5000,324,22,0.0679012346,123,2,0.0162601626,437,24,0.0549199085,10,0.0223713647,40350.10,49844.07,1,1,100_plus,393,0.0780768749,0.07638571932468,0.0356083086,0.0666666667,0.1016949153,0.1428571429,0.1752577320,0,0,0,0,0,1,NULL,standard_terms,at_or_below_peer_bar
d650b663c3b5f6fb392b6326366efa9a,SP,cotia,56,3,53,0.0535714286,5.4,3 / 56,4,0.0714285714,7.1,-11.0000,10.0000,28,2,0.0714285714,28,1,0.0357142857,55,3,0.0545454545,1,0.0178571429,18124.90,18964.03,0,1,50_99,393,0.0780768749,0.07638571932468,0.0356083086,0.0666666667,0.1016949153,0.1428571429,0.1752577320,0,0,0,0,0,1,NULL,standard_terms,at_or_below_peer_bar
1c68394e931a64f90ea236c5ea590300,PR,sarandi,95,5,90,0.0526315789,5.3,5 / 95,5,0.0526315789,5.3,-15.0000,11.0000,79,5,0.0632911392,16,0,0.0000000000,85,5,0.0588235294,10,0.1052631579,14977.51,16988.64,0,1,50_99,393,0.0780768749,0.07638571932468,0.0356083086,0.0666666667,0.1016949153,0.1428571429,0.1752577320,0,0,0,0,0,1,NULL,standard_terms,at_or_below_peer_bar
ba90964cff9b9e0e6f32b23b82465f7b,SP,guarulhos,38,2,36,0.0526315789,5.3,2 / 38,2,0.0526315789,5.3,-13.0000,4.5000,21,1,0.0476190476,17,1,0.0588235294,38,2,0.0526315789,0,0.0000000000,44212.50,45523.50,0,1,30_49,393,0.0780768749,0.07638571932468,0.0356083086,0.0666666667,0.1016949153,0.1428571429,0.1752577320,0,0,0,0,0,1,NULL,standard_terms,at_or_below_peer_bar
2a6fbeaa7ab9e5d59a35841a8da71ce4,SC,jaragua do sul,19,1,18,0.0526315789,5.3,1 / 19,1,0.0526315789,5.3,-15.0000,27.0000,14,1,0.0714285714,5,0,0.0000000000,17,1,0.0588235294,2,0.1052631579,1019.59,1444.85,0,0,below_floor,393,0.0780768749,0.07638571932468,0.0356083086,0.0666666667,0.1016949153,0.1428571429,0.1752577320,0,0,0,0,0,1,NULL,standard_terms,usable_n_lt_30
430315b7bb4b6e4b3c978f9dfa9b0558,SP,sao paulo,19,1,18,0.0526315789,5.3,1 / 19,1,0.0526315789,5.3,-14.0000,8.0000,14,1,0.0714285714,5,0,0.0000000000,19,1,0.0526315789,0,0.0000000000,2864.40,3414.56,0,0,below_floor,393,0.0780768749,0.07638571932468,0.0356083086,0.0666666667,0.1016949153,0.1428571429,0.1752577320,0,0,0,0,0,1,NULL,standard_terms,usable_n_lt_30
44073f8b7e41514de3b7815dd0237f4f,DF,brasilia,19,1,18,0.0526315789,5.3,1 / 19,1,0.0526315789,5.3,-15.0000,13.0000,16,1,0.0625000000,3,0,0.0000000000,19,1,0.0526315789,0,0.0000000000,2722.19,3129.33,0,0,below_floor,393,0.0780768749,0.07638571932468,0.0356083086,0.0666666667,0.1016949153,0.1428571429,0.1752577320,0,0,0,0,0,1,NULL,standard_terms,usable_n_lt_30
67883baaae6134ee81b271a542613728,SP,sao paulo,19,1,18,0.0526315789,5.3,1 / 19,3,0.1578947368,15.8,-7.0000,6.0000,0,0,NULL,19,1,0.0526315789,19,1,0.0526315789,0,0.0000000000,8167.90,8496.02,1,0,below_floor,393,0.0780768749,0.07638571932468,0.0356083086,0.0666666667,0.1016949153,0.1428571429,0.1752577320,0,0,0,0,0,1,NULL,standard_terms,usable_n_lt_30
ce69a8021d18961dd2a40269b7c2c293,PR,curitiba,19,1,18,0.0526315789,5.3,1 / 19,2,0.1052631579,10.5,-12.0000,11.0000,4,0,0.0000000000,15,1,0.0666666667,18,1,0.0555555556,1,0.0526315789,4818.00,5289.05,1,0,below_floor,393,0.0780768749,0.07638571932468,0.0356083086,0.0666666667,0.1016949153,0.1428571429,0.1752577320,0,0,0,0,0,1,NULL,standard_terms,usable_n_lt_30
e24d3429d294b2eb200b064ebb035879,SP,sao paulo,19,1,18,0.0526315789,5.3,1 / 19,1,0.0526315789,5.3,-11.0000,8.0000,0,0,NULL,19,1,0.0526315789,19,1,0.0526315789,0,0.0000000000,1878.58,2250.70,1,0,below_floor,393,0.0780768749,0.07638571932468,0.0356083086,0.0666666667,0.1016949153,0.1428571429,0.1752577320,0,0,0,0,0,1,NULL,standard_terms,usable_n_lt_30
c003204e1ab016dfa150abc119207b24,SP,cajamar,173,9,164,0.0520231214,5.2,9 / 173,12,0.0693641618,6.9,-12.0000,6.0000,93,4,0.0430107527,80,5,0.0625000000,172,9,0.0523255814,1,0.0057803468,22022.60,26164.18,1,1,100_plus,393,0.0780768749,0.07638571932468,0.0356083086,0.0666666667,0.1016949153,0.1428571429,0.1752577320,0,0,0,0,0,1,NULL,standard_terms,at_or_below_peer_bar
53e4c6e0f4312d4d2107a8c9cddf45cd,SP,pedreira,234,12,222,0.0512820513,5.1,12 / 234,14,0.0598290598,6.0,-14.0000,6.0000,139,10,0.0719424460,95,2,0.0210526316,226,12,0.0530973451,8,0.0341880342,14358.88,19389.60,0,1,100_plus,393,0.0780768749,0.07638571932468,0.0356083086,0.0666666667,0.1016949153,0.1428571429,0.1752577320,0,0,0,0,0,1,NULL,standard_terms,at_or_below_peer_bar
669ae81880e08f269a64487cfb287169,SC,rio do sul,59,3,56,0.0508474576,5.1,3 / 59,3,0.0508474576,5.1,-14.0000,5.0000,42,3,0.0714285714,17,0,0.0000000000,59,3,0.0508474576,0,0.0000000000,4422.67,5730.07,0,1,50_99,393,0.0780768749,0.07638571932468,0.0356083086,0.0666666667,0.1016949153,0.1428571429,0.1752577320,0,0,0,0,0,1,NULL,standard_terms,at_or_below_peer_bar
7ea5bfa6c340f58f8e71fc1f0412b0d6,MG,belo horizonte,79,4,75,0.0506329114,5.1,4 / 79,5,0.0632911392,6.3,-11.0000,31.0000,55,4,0.0727272727,24,0,0.0000000000,76,4,0.0526315789,3,0.0379746835,8758.58,10048.40,0,1,50_99,393,0.0780768749,0.07638571932468,0.0356083086,0.0666666667,0.1016949153,0.1428571429,0.1752577320,0,0,0,0,0,1,NULL,standard_terms,at_or_below_peer_bar
ceaec5548eefc6e23e6607c5435102e7,SP,sao paulo,198,10,188,0.0505050505,5.1,10 / 198,12,0.0606060606,6.1,-15.0000,7.5000,108,3,0.0277777778,90,7,0.0777777778,197,10,0.0507614213,1,0.0050505051,51478.18,57653.73,0,1,100_plus,393,0.0780768749,0.07638571932468,0.0356083086,0.0666666667,0.1016949153,0.1428571429,0.1752577320,0,0,0,0,0,1,NULL,standard_terms,at_or_below_peer_bar
b39d7fe263ef469605dbb32608aee0af,SP,ibitinga,40,2,38,0.0500000000,5.0,2 / 40,2,0.0500000000,5.0,-13.0000,6.5000,8,2,0.2500000000,32,0,0.0000000000,38,2,0.0526315789,2,0.0500000000,4673.50,5625.28,0,1,30_49,393,0.0780768749,0.07638571932468,0.0356083086,0.0666666667,0.1016949153,0.1428571429,0.1752577320,0,0,0,0,0,1,NULL,standard_terms,at_or_below_peer_bar
1fe5540d7c1c37a595fefbacd5570d9e,RJ,paraiba do sul,20,1,19,0.0500000000,5.0,1 / 20,1,0.0500000000,5.0,-14.0000,5.0000,0,0,NULL,20,1,0.0500000000,20,1,0.0500000000,0,0.0000000000,4537.60,5118.75,0,0,below_floor,393,0.0780768749,0.07638571932468,0.0356083086,0.0666666667,0.1016949153,0.1428571429,0.1752577320,0,0,0,0,0,1,NULL,standard_terms,usable_n_lt_30
2089a6d640999f9b9141ac719b2af596,SP,sao carlos,20,1,19,0.0500000000,5.0,1 / 20,2,0.1000000000,10.0,-12.5000,11.0000,18,1,0.0555555556,2,0,0.0000000000,20,1,0.0500000000,0,0.0000000000,2486.10,2783.72,0,0,below_floor,393,0.0780768749,0.07638571932468,0.0356083086,0.0666666667,0.1016949153,0.1428571429,0.1752577320,0,0,0,0,0,1,NULL,standard_terms,usable_n_lt_30
48162d548f5b1b11b9d29d1e01f75a61,SP,piracicaba,20,1,19,0.0500000000,5.0,1 / 20,1,0.0500000000,5.0,-13.0000,14.0000,8,1,0.1250000000,12,0,0.0000000000,19,1,0.0526315789,1,0.0500000000,5843.00,6339.91,0,0,below_floor,393,0.0780768749,0.07638571932468,0.0356083086,0.0666666667,0.1016949153,0.1428571429,0.1752577320,0,0,0,0,0,1,NULL,standard_terms,usable_n_lt_30
4e7c18b98d84e05cbae3ff0ff03846c2,SP,jaboticabal,20,1,19,0.0500000000,5.0,1 / 20,2,0.1000000000,10.0,-13.5000,10.0000,17,1,0.0588235294,3,0,0.0000000000,20,1,0.0500000000,0,0.0000000000,2102.00,2814.09,0,0,below_floor,393,0.0780768749,0.07638571932468,0.0356083086,0.0666666667,0.1016949153,0.1428571429,0.1752577320,0,0,0,0,0,1,NULL,standard_terms,usable_n_lt_30
5f5b43b2bffa8656e4bc6efeb13cc649,SP,sao paulo,20,1,19,0.0500000000,5.0,1 / 20,1,0.0500000000,5.0,-11.5000,7.0000,19,1,0.0526315789,1,0,0.0000000000,20,1,0.0500000000,0,0.0000000000,2913.30,3343.93,0,0,below_floor,393,0.0780768749,0.07638571932468,0.0356083086,0.0666666667,0.1016949153,0.1428571429,0.1752577320,0,0,0,0,0,1,NULL,standard_terms,usable_n_lt_30
808d4348b916efa08e766ebad39f61eb,SP,sao paulo,20,1,19,0.0500000000,5.0,1 / 20,1,0.0500000000,5.0,-7.5000,4.0000,0,0,NULL,20,1,0.0500000000,20,1,0.0500000000,0,0.0000000000,712.95,981.54,0,0,below_floor,393,0.0780768749,0.07638571932468,0.0356083086,0.0666666667,0.1016949153,0.1428571429,0.1752577320,0,0,0,0,0,1,NULL,standard_terms,usable_n_lt_30
80e6699fe29150b372a0c8a1ebf7dcc8,PR,pinhais,20,1,19,0.0500000000,5.0,1 / 20,1,0.0500000000,5.0,-15.0000,1.0000,17,1,0.0588235294,3,0,0.0000000000,19,1,0.0526315789,1,0.0500000000,2373.30,2943.76,0,0,below_floor,393,0.0780768749,0.07638571932468,0.0356083086,0.0666666667,0.1016949153,0.1428571429,0.1752577320,0,0,0,0,0,1,NULL,standard_terms,usable_n_lt_30
cfe94489ddd337d1e29e12f2a7205d10,SP,sao paulo,20,1,19,0.0500000000,5.0,1 / 20,2,0.1000000000,10.0,-8.0000,5.0000,5,0,0.0000000000,15,1,0.0666666667,20,1,0.0500000000,0,0.0000000000,2376.00,2672.82,0,0,below_floor,393,0.0780768749,0.07638571932468,0.0356083086,0.0666666667,0.1016949153,0.1428571429,0.1752577320,0,0,0,0,0,1,NULL,standard_terms,usable_n_lt_30
dbb9b48c841a0e39e21f98e1a6b2ec3e,SP,sao paulo,20,1,19,0.0500000000,5.0,1 / 20,1,0.0500000000,5.0,-12.5000,11.0000,14,1,0.0714285714,6,0,0.0000000000,19,1,0.0526315789,1,0.0500000000,1539.11,1840.96,0,0,below_floor,393,0.0780768749,0.07638571932468,0.0356083086,0.0666666667,0.1016949153,0.1428571429,0.1752577320,0,0,0,0,0,1,NULL,standard_terms,usable_n_lt_30
e63e8bfa530fb16910dd6956e592bb81,SP,guarulhos,20,1,19,0.0500000000,5.0,1 / 20,1,0.0500000000,5.0,-9.5000,2.0000,9,0,0.0000000000,11,1,0.0909090909,18,1,0.0555555556,2,0.1000000000,592.00,837.43,0,0,below_floor,393,0.0780768749,0.07638571932468,0.0356083086,0.0666666667,0.1016949153,0.1428571429,0.1752577320,0,0,0,0,0,1,NULL,standard_terms,usable_n_lt_30
f0837c8d71434931d9e38e7b79234797,RS,arvorezinha,20,1,19,0.0500000000,5.0,1 / 20,1,0.0500000000,5.0,-20.5000,9.0000,8,0,0.0000000000,12,1,0.0833333333,20,1,0.0500000000,0,0.0000000000,1146.90,1637.22,0,0,below_floor,393,0.0780768749,0.07638571932468,0.0356083086,0.0666666667,0.1016949153,0.1428571429,0.1752577320,0,0,0,0,0,1,NULL,standard_terms,usable_n_lt_30
1b4c3a6f53068f0b6944d2d005c9fc89,SC,sao ludgero,41,2,39,0.0487804878,4.9,2 / 41,3,0.0731707317,7.3,-14.0000,2.0000,19,1,0.0526315789,22,1,0.0454545455,40,2,0.0500000000,1,0.0243902439,4789.51,6021.53,0,1,30_49,393,0.0780768749,0.07638571932468,0.0356083086,0.0666666667,0.1016949153,0.1428571429,0.1752577320,0,0,0,0,0,1,NULL,standard_terms,at_or_below_peer_bar
81a1104df0f08b59c68aa5b03cfe398e,PR,sao jose dos pinhais,41,2,39,0.0487804878,4.9,2 / 41,3,0.0731707317,7.3,-15.0000,4.0000,41,2,0.0487804878,0,0,NULL,41,2,0.0487804878,0,0.0000000000,5561.99,6628.58,0,1,30_49,393,0.0780768749,0.07638571932468,0.0356083086,0.0666666667,0.1016949153,0.1428571429,0.1752577320,0,0,0,0,0,1,NULL,standard_terms,at_or_below_peer_bar
f27e33c6d29b5138fa9967bcd445b6d5,SP,sao paulo,41,2,39,0.0487804878,4.9,2 / 41,3,0.0731707317,7.3,-14.0000,4.5000,21,1,0.0476190476,20,1,0.0500000000,40,2,0.0500000000,1,0.0243902439,3505.60,4273.09,0,1,30_49,393,0.0780768749,0.07638571932468,0.0356083086,0.0666666667,0.1016949153,0.1428571429,0.1752577320,0,0,0,0,0,1,NULL,standard_terms,at_or_below_peer_bar
f80edd2c5aaa505cc4b0a3b219abf4b8,SP,sao paulo,83,4,79,0.0481927711,4.8,4 / 83,4,0.0481927711,4.8,-9.0000,6.0000,26,2,0.0769230769,57,2,0.0350877193,79,4,0.0506329114,4,0.0481927711,6735.20,8464.01,0,1,50_99,393,0.0780768749,0.07638571932468,0.0356083086,0.0666666667,0.1016949153,0.1428571429,0.1752577320,0,0,0,0,0,1,NULL,standard_terms,at_or_below_peer_bar
080102cd0a76b09e0dcf55fcacc60e05,MG,belo horizonte,104,5,99,0.0480769231,4.8,5 / 104,5,0.0480769231,4.8,-10.0000,4.0000,44,4,0.0909090909,60,1,0.0166666667,102,5,0.0490196078,2,0.0192307692,4801.23,6658.23,0,1,100_plus,393,0.0780768749,0.07638571932468,0.0356083086,0.0666666667,0.1016949153,0.1428571429,0.1752577320,0,0,0,0,0,1,NULL,standard_terms,at_or_below_peer_bar
5f3ae9136c875522250f8184f253413a,SP,sao paulo,42,2,40,0.0476190476,4.8,2 / 42,3,0.0714285714,7.1,-11.5000,3.0000,20,1,0.0500000000,22,1,0.0454545455,42,2,0.0476190476,0,0.0000000000,1143.05,1739.77,0,1,30_49,393,0.0780768749,0.07638571932468,0.0356083086,0.0666666667,0.1016949153,0.1428571429,0.1752577320,0,0,0,0,0,1,NULL,standard_terms,at_or_below_peer_bar
95f83f51203c626648c875dd41874c7f,MG,borda da mata,42,2,40,0.0476190476,4.8,2 / 42,3,0.0714285714,7.1,-13.5000,2.5000,24,1,0.0416666667,18,1,0.0555555556,37,1,0.0270270270,5,0.1190476190,2618.51,3754.27,0,1,30_49,393,0.0780768749,0.07638571932468,0.0356083086,0.0666666667,0.1016949153,0.1428571429,0.1752577320,0,0,0,0,0,1,NULL,standard_terms,at_or_below_peer_bar
bfd27a966d91cfaafdb25d076585f0da,SP,serra negra,42,2,40,0.0476190476,4.8,2 / 42,2,0.0476190476,4.8,-21.0000,4.5000,34,2,0.0588235294,8,0,0.0000000000,42,2,0.0476190476,0,0.0000000000,9396.00,10527.87,0,1,30_49,393,0.0780768749,0.07638571932468,0.0356083086,0.0666666667,0.1016949153,0.1428571429,0.1752577320,0,0,0,0,0,1,NULL,standard_terms,at_or_below_peer_bar
c013e57c075a06e5b5c48ee03c525719,SP,sao carlos,42,2,40,0.0476190476,4.8,2 / 42,3,0.0714285714,7.1,-12.5000,6.0000,7,1,0.1428571429,35,1,0.0285714286,40,2,0.0500000000,2,0.0476190476,1971.55,2828.66,0,1,30_49,393,0.0780768749,0.07638571932468,0.0356083086,0.0666666667,0.1016949153,0.1428571429,0.1752577320,0,0,0,0,0,1,NULL,standard_terms,at_or_below_peer_bar
238fac594e170b59c6d228f5a4f4f1d9,SP,dois corregos,21,1,20,0.0476190476,4.8,1 / 21,1,0.0476190476,4.8,-13.0000,8.0000,13,1,0.0769230769,8,0,0.0000000000,20,1,0.0500000000,1,0.0476190476,2350.00,3442.17,0,0,below_floor,393,0.0780768749,0.07638571932468,0.0356083086,0.0666666667,0.1016949153,0.1428571429,0.1752577320,0,0,0,0,0,1,NULL,standard_terms,usable_n_lt_30
3d5d0dc7073a299e31fa718ce1bc00b6,RJ,rio de janeiro,21,1,20,0.0476190476,4.8,1 / 21,2,0.0952380952,9.5,-14.0000,1.0000,0,0,NULL,21,1,0.0476190476,21,1,0.0476190476,0,0.0000000000,674.80,1027.12,2,0,below_floor,393,0.0780768749,0.07638571932468,0.0356083086,0.0666666667,0.1016949153,0.1428571429,0.1752577320,0,0,0,0,0,1,NULL,standard_terms,usable_n_lt_30
5f2684dab12e59f83bef73ae57724e45,SP,sao paulo,21,1,20,0.0476190476,4.8,1 / 21,1,0.0476190476,4.8,-9.0000,6.0000,13,1,0.0769230769,8,0,0.0000000000,21,1,0.0476190476,0,0.0000000000,2265.97,2604.19,0,0,below_floor,393,0.0780768749,0.07638571932468,0.0356083086,0.0666666667,0.1016949153,0.1428571429,0.1752577320,0,0,0,0,0,1,NULL,standard_terms,usable_n_lt_30
7c5b05cbdb5542049f38d90d7815b97d,SP,sao paulo,21,1,20,0.0476190476,4.8,1 / 21,1,0.0476190476,4.8,-11.0000,7.0000,1,0,0.0000000000,20,1,0.0500000000,21,1,0.0476190476,0,0.0000000000,993.97,1292.89,0,0,below_floor,393,0.0780768749,0.07638571932468,0.0356083086,0.0666666667,0.1016949153,0.1428571429,0.1752577320,0,0,0,0,0,1,NULL,standard_terms,usable_n_lt_30
7dc8c42cc750eeafea6c85712ffee9bf,SP,sao paulo,21,1,20,0.0476190476,4.8,1 / 21,1,0.0476190476,4.8,-14.5000,6.0000,4,1,0.2500000000,17,0,0.0000000000,20,1,0.0500000000,1,0.0476190476,2443.78,2791.05,1,0,below_floor,393,0.0780768749,0.07638571932468,0.0356083086,0.0666666667,0.1016949153,0.1428571429,0.1752577320,0,0,0,0,0,1,NULL,standard_terms,usable_n_lt_30
9b00ed88b7fdb95d6ff76e27c1b52d16,SP,sao paulo,21,1,20,0.0476190476,4.8,1 / 21,1,0.0476190476,4.8,-10.0000,5.0000,17,1,0.0588235294,4,0,0.0000000000,21,1,0.0476190476,0,0.0000000000,759.68,1001.53,0,0,below_floor,393,0.0780768749,0.07638571932468,0.0356083086,0.0666666667,0.1016949153,0.1428571429,0.1752577320,0,0,0,0,0,1,NULL,standard_terms,usable_n_lt_30
a5a1bfcf728ab0e19182959cf0771ee4,SP,socorro,21,1,20,0.0476190476,4.8,1 / 21,2,0.0952380952,9.5,-13.0000,56.0000,10,1,0.1000000000,11,0,0.0000000000,19,1,0.0526315789,2,0.0952380952,1812.96,2160.85,0,0,below_floor,393,0.0780768749,0.07638571932468,0.0356083086,0.0666666667,0.1016949153,0.1428571429,0.1752577320,0,0,0,0,0,1,NULL,standard_terms,usable_n_lt_30
af3ef48d0e13835e529c29ac573c63e5,SP,araraquara,21,1,20,0.0476190476,4.8,1 / 21,1,0.0476190476,4.8,-10.0000,4.0000,0,0,NULL,21,1,0.0476190476,21,1,0.0476190476,0,0.0000000000,1405.63,1873.13,0,0,below_floor,393,0.0780768749,0.07638571932468,0.0356083086,0.0666666667,0.1016949153,0.1428571429,0.1752577320,0,0,0,0,0,1,NULL,standard_terms,usable_n_lt_30
ccf8813e5a7d6c84d865cd38bfc2b130,SP,taubate,21,1,20,0.0476190476,4.8,1 / 21,2,0.0952380952,9.5,-13.0000,8.0000,10,0,0.0000000000,11,1,0.0909090909,19,1,0.0526315789,2,0.0952380952,2207.90,2558.99,0,0,below_floor,393,0.0780768749,0.07638571932468,0.0356083086,0.0666666667,0.1016949153,0.1428571429,0.1752577320,0,0,0,0,0,1,NULL,standard_terms,usable_n_lt_30
daeb5653dd96c1b11860f72209795012,MG,belo horizonte,21,1,20,0.0476190476,4.8,1 / 21,1,0.0476190476,4.8,-12.5000,10.0000,9,1,0.1111111111,12,0,0.0000000000,21,1,0.0476190476,0,0.0000000000,994.80,1341.58,1,0,below_floor,393,0.0780768749,0.07638571932468,0.0356083086,0.0666666667,0.1016949153,0.1428571429,0.1752577320,0,0,0,0,0,1,NULL,standard_terms,usable_n_lt_30
ebd2d60905fb58271facef5596b620d3,SP,lencois paulista,21,1,20,0.0476190476,4.8,1 / 21,1,0.0476190476,4.8,-15.0000,14.0000,11,1,0.0909090909,10,0,0.0000000000,19,1,0.0526315789,2,0.0952380952,1428.89,1853.91,0,0,below_floor,393,0.0780768749,0.07638571932468,0.0356083086,0.0666666667,0.1016949153,0.1428571429,0.1752577320,0,0,0,0,0,1,NULL,standard_terms,usable_n_lt_30
79ebd9a61bac3eaf882805ed4ecfa12a,PR,cascavel,106,5,101,0.0471698113,4.7,5 / 106,7,0.0660377358,6.6,-14.0000,6.0000,57,5,0.0877192982,49,0,0.0000000000,98,5,0.0510204082,8,0.0754716981,13204.10,16613.04,0,1,100_plus,393,0.0780768749,0.07638571932468,0.0356083086,0.0666666667,0.1016949153,0.1428571429,0.1752577320,0,0,0,0,0,1,NULL,standard_terms,at_or_below_peer_bar
1554a68530182680ad5c8b042c3ab563,MG,monte siao,85,4,81,0.0470588235,4.7,4 / 85,4,0.0470588235,4.7,-12.5000,4.0000,48,3,0.0625000000,37,1,0.0270270270,83,4,0.0481927711,2,0.0235294118,12510.10,15313.05,1,1,50_99,393,0.0780768749,0.07638571932468,0.0356083086,0.0666666667,0.1016949153,0.1428571429,0.1752577320,0,0,0,0,0,1,NULL,standard_terms,at_or_below_peer_bar
0241d4d5d36f10f80c644447315af0bd,PR,curitiba,213,10,203,0.0469483568,4.7,10 / 213,13,0.0610328638,6.1,-13.0000,3.5000,91,6,0.0659340659,122,4,0.0327868852,199,10,0.0502512563,14,0.0657276995,29823.10,36158.05,0,1,100_plus,393,0.0780768749,0.07638571932468,0.0356083086,0.0666666667,0.1016949153,0.1428571429,0.1752577320,0,0,0,0,0,1,NULL,standard_terms,at_or_below_peer_bar
670c26e0f1bf8d0576271d5cfaec6d2b,PR,maringa,64,3,61,0.0468750000,4.7,3 / 64,3,0.0468750000,4.7,-14.0000,27.0000,53,2,0.0377358491,11,1,0.0909090909,63,3,0.0476190476,1,0.0156250000,4690.00,6014.81,0,1,50_99,393,0.0780768749,0.07638571932468,0.0356083086,0.0666666667,0.1016949153,0.1428571429,0.1752577320,0,0,0,0,0,1,NULL,standard_terms,at_or_below_peer_bar
e333046ce6517bd8bb510291d44f0130,SP,ipaussu,43,2,41,0.0465116279,4.7,2 / 43,3,0.0697674419,7.0,-14.0000,9.5000,22,2,0.0909090909,21,0,0.0000000000,42,2,0.0476190476,1,0.0232558140,3969.00,4879.66,0,1,30_49,393,0.0780768749,0.07638571932468,0.0356083086,0.0666666667,0.1016949153,0.1428571429,0.1752577320,0,0,0,0,0,1,NULL,standard_terms,at_or_below_peer_bar
116ccb1a1604bc88e4d234a8c23f33de,SP,sao bernardo do campo,44,2,42,0.0454545455,4.5,2 / 44,3,0.0681818182,6.8,-10.0000,1.0000,24,0,0.0000000000,20,2,0.1000000000,43,2,0.0465116279,1,0.0227272727,1538.38,2194.05,1,1,30_49,393,0.0780768749,0.07638571932468,0.0356083086,0.0666666667,0.1016949153,0.1428571429,0.1752577320,0,0,0,0,0,1,NULL,standard_terms,at_or_below_peer_bar
729b2d09b2a0bdab221076327f13d050,SP,mineiros do tiete,44,2,42,0.0454545455,4.5,2 / 44,3,0.0681818182,6.8,-13.0000,8.0000,26,1,0.0384615385,18,1,0.0555555556,44,2,0.0454545455,0,0.0000000000,1703.31,2565.06,0,1,30_49,393,0.0780768749,0.07638571932468,0.0356083086,0.0666666667,0.1016949153,0.1428571429,0.1752577320,0,0,0,0,0,1,NULL,standard_terms,at_or_below_peer_bar
c66dccfb3f109511246da627dd5a2498,SP,registro,44,2,42,0.0454545455,4.5,2 / 44,2,0.0454545455,4.5,-14.0000,4.0000,18,1,0.0555555556,26,1,0.0384615385,42,2,0.0476190476,2,0.0454545455,12182.55,13127.29,0,1,30_49,393,0.0780768749,0.07638571932468,0.0356083086,0.0666666667,0.1016949153,0.1428571429,0.1752577320,0,0,0,0,0,1,NULL,standard_terms,at_or_below_peer_bar
f7720c4fa8e3aba4546301ab80ea1f1b,PR,curitiba,44,2,42,0.0454545455,4.5,2 / 44,2,0.0454545455,4.5,-16.0000,17.5000,26,1,0.0384615385,18,1,0.0555555556,43,2,0.0465116279,1,0.0227272727,1615.70,2671.45,0,1,30_49,393,0.0780768749,0.07638571932468,0.0356083086,0.0666666667,0.1016949153,0.1428571429,0.1752577320,0,0,0,0,0,1,NULL,standard_terms,at_or_below_peer_bar
376a891762bbdecbc02b4b6adec3fdda,GO,goiania,22,1,21,0.0454545455,4.5,1 / 22,1,0.0454545455,4.5,-13.0000,11.0000,21,1,0.0476190476,1,0,0.0000000000,22,1,0.0454545455,0,0.0000000000,2087.92,2633.50,0,0,below_floor,393,0.0780768749,0.07638571932468,0.0356083086,0.0666666667,0.1016949153,0.1428571429,0.1752577320,0,0,0,0,0,1,NULL,standard_terms,usable_n_lt_30
55f7a3319d80f7fdf078b8f03e6725fe,SP,osasco,22,1,21,0.0454545455,4.5,1 / 22,2,0.0909090909,9.1,-6.5000,4.0000,0,0,NULL,22,1,0.0454545455,22,1,0.0454545455,0,0.0000000000,3013.78,3420.45,0,0,below_floor,393,0.0780768749,0.07638571932468,0.0356083086,0.0666666667,0.1016949153,0.1428571429,0.1752577320,0,0,0,0,0,1,NULL,standard_terms,usable_n_lt_30
5670f4db5b62c43d542e1b2d56b0cf7c,SP,sao paulo,22,1,21,0.0454545455,4.5,1 / 22,1,0.0454545455,4.5,-13.0000,2.0000,2,0,0.0000000000,20,1,0.0500000000,21,1,0.0476190476,1,0.0454545455,6630.09,7212.65,0,0,below_floor,393,0.0780768749,0.07638571932468,0.0356083086,0.0666666667,0.1016949153,0.1428571429,0.1752577320,0,0,0,0,0,1,NULL,standard_terms,usable_n_lt_30
730937bf88cb151eb2eb849f642fc213,SP,rio claro,22,1,21,0.0454545455,4.5,1 / 22,1,0.0454545455,4.5,-10.0000,2.0000,13,1,0.0769230769,9,0,0.0000000000,21,1,0.0476190476,1,0.0454545455,2821.20,3277.17,0,0,below_floor,393,0.0780768749,0.07638571932468,0.0356083086,0.0666666667,0.1016949153,0.1428571429,0.1752577320,0,0,0,0,0,1,NULL,standard_terms,usable_n_lt_30
8090490573c6c0aa343a7231ebcb8c86,SP,sao paulo - sp,22,1,21,0.0454545455,4.5,1 / 22,1,0.0454545455,4.5,-14.5000,6.0000,7,0,0.0000000000,15,1,0.0666666667,22,1,0.0454545455,0,0.0000000000,3366.22,3718.21,0,0,below_floor,393,0.0780768749,0.07638571932468,0.0356083086,0.0666666667,0.1016949153,0.1428571429,0.1752577320,0,0,0,0,0,1,NULL,standard_terms,usable_n_lt_30
a3f0b55de503387383c7b1de3ad7f678,PR,curitiba,22,1,21,0.0454545455,4.5,1 / 22,1,0.0454545455,4.5,-15.5000,11.0000,12,1,0.0833333333,10,0,0.0000000000,21,1,0.0476190476,1,0.0454545455,3968.60,5116.33,0,0,below_floor,393,0.0780768749,0.07638571932468,0.0356083086,0.0666666667,0.1016949153,0.1428571429,0.1752577320,0,0,0,0,0,1,NULL,standard_terms,usable_n_lt_30
d4e12e7884759a14fa0f5f896c791cae,SP,sao paulo,22,1,21,0.0454545455,4.5,1 / 22,1,0.0454545455,4.5,-11.0000,8.0000,14,1,0.0714285714,8,0,0.0000000000,22,1,0.0454545455,0,0.0000000000,1143.10,1482.31,0,0,below_floor,393,0.0780768749,0.07638571932468,0.0356083086,0.0666666667,0.1016949153,0.1428571429,0.1752577320,0,0,0,0,0,1,NULL,standard_terms,usable_n_lt_30
dfc5fb7259bb2b599ca565e6e9448f0f,SP,sao bernardo do campo,22,1,21,0.0454545455,4.5,1 / 22,1,0.0454545455,4.5,-15.0000,15.0000,8,1,0.1250000000,14,0,0.0000000000,20,1,0.0500000000,2,0.0909090909,3984.70,4480.67,0,0,below_floor,393,0.0780768749,0.07638571932468,0.0356083086,0.0666666667,0.1016949153,0.1428571429,0.1752577320,0,0,0,0,0,1,NULL,standard_terms,usable_n_lt_30
4830e40640734fc1c52cd21127c341d4,SP,sao paulo,158,7,151,0.0443037975,4.4,7 / 158,10,0.0632911392,6.3,-11.0000,5.0000,102,6,0.0588235294,56,1,0.0178571429,152,7,0.0460526316,6,0.0379746835,7352.73,9629.78,1,1,100_plus,393,0.0780768749,0.07638571932468,0.0356083086,0.0666666667,0.1016949153,0.1428571429,0.1752577320,0,0,0,0,0,1,NULL,standard_terms,at_or_below_peer_bar
640e21a7d01df7614a3b4923e990d40c,SP,ibitinga,115,5,110,0.0434782609,4.3,5 / 115,8,0.0695652174,7.0,-9.0000,7.0000,16,1,0.0625000000,99,4,0.0404040404,105,5,0.0476190476,10,0.0869565217,7528.89,9960.55,7,1,100_plus,393,0.0780768749,0.07638571932468,0.0356083086,0.0666666667,0.1016949153,0.1428571429,0.1752577320,0,0,0,0,0,1,NULL,standard_terms,at_or_below_peer_bar
7d456afc660226829370f3173d14520c,SP,mogi das cruzes,46,2,44,0.0434782609,4.3,2 / 46,3,0.0652173913,6.5,-12.5000,21.0000,25,2,0.0800000000,21,0,0.0000000000,44,2,0.0454545455,2,0.0434782609,6455.00,7644.12,0,1,30_49,393,0.0780768749,0.07638571932468,0.0356083086,0.0666666667,0.1016949153,0.1428571429,0.1752577320,0,0,0,0,0,1,NULL,standard_terms,at_or_below_peer_bar
2e13c71026e1a39ba5cc1b86dcb679aa,SP,sao paulo,23,1,22,0.0434782609,4.3,1 / 23,2,0.0869565217,8.7,-11.0000,7.0000,12,1,0.0833333333,11,0,0.0000000000,22,1,0.0454545455,1,0.0434782609,3603.00,4098.39,0,0,below_floor,393,0.0780768749,0.07638571932468,0.0356083086,0.0666666667,0.1016949153,0.1428571429,0.1752577320,0,0,0,0,0,1,NULL,standard_terms,usable_n_lt_30
3c487ae8f8d7542beff5788e2e0aea83,DF,gama,23,1,22,0.0434782609,4.3,1 / 23,1,0.0434782609,4.3,-11.0000,15.0000,14,1,0.0714285714,9,0,0.0000000000,23,1,0.0434782609,0,0.0000000000,6301.70,6822.86,0,0,below_floor,393,0.0780768749,0.07638571932468,0.0356083086,0.0666666667,0.1016949153,0.1428571429,0.1752577320,0,0,0,0,0,1,NULL,standard_terms,usable_n_lt_30
ce27a3cc3c8cc1ea79d11e561e9bebb6,SP,sao paulo,23,1,22,0.0434782609,4.3,1 / 23,2,0.0869565217,8.7,-7.5000,7.0000,0,0,NULL,23,1,0.0434782609,23,1,0.0434782609,0,0.0000000000,692.53,999.88,1,0,below_floor,393,0.0780768749,0.07638571932468,0.0356083086,0.0666666667,0.1016949153,0.1428571429,0.1752577320,0,0,0,0,0,1,NULL,standard_terms,usable_n_lt_30
709e16e2b25c7474d980076c6bfc4806,SP,birigui,47,2,45,0.0425531915,4.3,2 / 47,2,0.0425531915,4.3,-12.0000,6.5000,19,2,0.1052631579,28,0,0.0000000000,46,2,0.0434782609,1,0.0212765957,4318.00,5348.91,0,1,30_49,393,0.0780768749,0.07638571932468,0.0356083086,0.0666666667,0.1016949153,0.1428571429,0.1752577320,0,0,0,0,0,1,NULL,standard_terms,at_or_below_peer_bar
18a349e75d307f4b4cc646a691ed4216,SP,sao paulo,95,4,91,0.0421052632,4.2,4 / 95,5,0.0526315789,5.3,-15.0000,5.5000,34,4,0.1176470588,61,0,0.0000000000,93,4,0.0430107527,2,0.0210526316,6547.16,8258.58,0,1,50_99,393,0.0780768749,0.07638571932468,0.0356083086,0.0666666667,0.1016949153,0.1428571429,0.1752577320,0,0,0,0,0,1,NULL,standard_terms,at_or_below_peer_bar
9d4db00d65d7760644ac0c14edb5fd86,SP,sorocaba,96,4,92,0.0416666667,4.2,4 / 96,4,0.0416666667,4.2,-11.0000,8.5000,41,2,0.0487804878,55,2,0.0363636364,96,4,0.0416666667,0,0.0000000000,9735.72,11235.33,0,1,50_99,393,0.0780768749,0.07638571932468,0.0356083086,0.0666666667,0.1016949153,0.1428571429,0.1752577320,0,0,0,0,0,1,NULL,standard_terms,at_or_below_peer_bar
066a6914e1ebf3ea95a216c73a986b91,PR,foz do iguacu,24,1,23,0.0416666667,4.2,1 / 24,1,0.0416666667,4.2,-22.0000,20.0000,16,1,0.0625000000,8,0,0.0000000000,24,1,0.0416666667,0,0.0000000000,2186.27,2858.03,0,0,below_floor,393,0.0780768749,0.07638571932468,0.0356083086,0.0666666667,0.1016949153,0.1428571429,0.1752577320,0,0,0,0,0,1,NULL,standard_terms,usable_n_lt_30
817245bcc3badd82bbd222e0366951a6,SP,bauru,24,1,23,0.0416666667,4.2,1 / 24,1,0.0416666667,4.2,-12.5000,14.0000,17,1,0.0588235294,7,0,0.0000000000,24,1,0.0416666667,0,0.0000000000,4266.80,4828.49,0,0,below_floor,393,0.0780768749,0.07638571932468,0.0356083086,0.0666666667,0.1016949153,0.1428571429,0.1752577320,0,0,0,0,0,1,NULL,standard_terms,usable_n_lt_30
8444e55c1f13cd5c179851e5ca5ebd00,MG,congonhal,24,1,23,0.0416666667,4.2,1 / 24,1,0.0416666667,4.2,-24.5000,7.0000,13,0,0.0000000000,11,1,0.0909090909,24,1,0.0416666667,0,0.0000000000,6111.85,6780.73,0,0,below_floor,393,0.0780768749,0.07638571932468,0.0356083086,0.0666666667,0.1016949153,0.1428571429,0.1752577320,0,0,0,0,0,1,NULL,standard_terms,usable_n_lt_30
bd23da7354813347129d751591d1a6e2,SP,sao paulo,24,1,23,0.0416666667,4.2,1 / 24,1,0.0416666667,4.2,-11.0000,27.0000,16,1,0.0625000000,8,0,0.0000000000,23,1,0.0434782609,1,0.0416666667,3276.70,3669.40,1,0,below_floor,393,0.0780768749,0.07638571932468,0.0356083086,0.0666666667,0.1016949153,0.1428571429,0.1752577320,0,0,0,0,0,1,NULL,standard_terms,usable_n_lt_30
cea729054f157f5870bdd321a958d994,SP,sao paulo,24,1,23,0.0416666667,4.2,1 / 24,1,0.0416666667,4.2,-9.0000,1.0000,5,0,0.0000000000,19,1,0.0526315789,21,1,0.0476190476,3,0.1250000000,2482.10,2831.62,0,0,below_floor,393,0.0780768749,0.07638571932468,0.0356083086,0.0666666667,0.1016949153,0.1428571429,0.1752577320,0,0,0,0,0,1,NULL,standard_terms,usable_n_lt_30
ed4311e67debd72b8610a5347a743087,SP,guarulhos,24,1,23,0.0416666667,4.2,1 / 24,2,0.0833333333,8.3,-7.0000,4.0000,5,0,0.0000000000,19,1,0.0526315789,24,1,0.0416666667,0,0.0000000000,3516.00,4189.47,0,0,below_floor,393,0.0780768749,0.07638571932468,0.0356083086,0.0666666667,0.1016949153,0.1428571429,0.1752577320,0,0,0,0,0,1,NULL,standard_terms,usable_n_lt_30
7e93a43ef30c4f03f38b393420bc753a,SP,barueri,50,2,48,0.0400000000,4.0,2 / 50,2,0.0400000000,4.0,-14.0000,3.0000,46,1,0.0217391304,4,1,0.2500000000,50,2,0.0400000000,0,0.0000000000,14610.76,15490.58,0,1,50_99,393,0.0780768749,0.07638571932468,0.0356083086,0.0666666667,0.1016949153,0.1428571429,0.1752577320,0,0,0,0,0,1,NULL,standard_terms,at_or_below_peer_bar
1dc2de47ee26a0a5b12dc14fd6dc0dea,SP,ibitinga,25,1,24,0.0400000000,4.0,1 / 25,3,0.1200000000,12.0,-8.0000,1.0000,12,1,0.0833333333,13,0,0.0000000000,24,1,0.0416666667,1,0.0400000000,1670.30,2287.50,0,0,below_floor,393,0.0780768749,0.07638571932468,0.0356083086,0.0666666667,0.1016949153,0.1428571429,0.1752577320,0,0,0,0,0,1,NULL,standard_terms,usable_n_lt_30
66dc1b1632bd6a3e508510c5b3492107,SP,jau,25,1,24,0.0400000000,4.0,1 / 25,1,0.0400000000,4.0,-14.0000,5.0000,11,1,0.0909090909,14,0,0.0000000000,24,1,0.0416666667,1,0.0400000000,2631.70,3122.01,0,0,below_floor,393,0.0780768749,0.07638571932468,0.0356083086,0.0666666667,0.1016949153,0.1428571429,0.1752577320,0,0,0,0,0,1,NULL,standard_terms,usable_n_lt_30
822166ed1e47908f7cfb49946d03c726,RJ,tres rios,25,1,24,0.0400000000,4.0,1 / 25,1,0.0400000000,4.0,-14.0000,10.0000,22,1,0.0454545455,3,0,0.0000000000,22,1,0.0454545455,3,0.1200000000,1331.39,2034.60,0,0,below_floor,393,0.0780768749,0.07638571932468,0.0356083086,0.0666666667,0.1016949153,0.1428571429,0.1752577320,0,0,0,0,0,1,NULL,standard_terms,usable_n_lt_30
ad420dd0c4f92f8af951ac24b86d0cf5,MG,fronteira,25,1,24,0.0400000000,4.0,1 / 25,1,0.0400000000,4.0,-15.0000,74.0000,9,1,0.1111111111,16,0,0.0000000000,25,1,0.0400000000,0,0.0000000000,3410.42,3979.35,0,0,below_floor,393,0.0780768749,0.07638571932468,0.0356083086,0.0666666667,0.1016949153,0.1428571429,0.1752577320,0,0,0,0,0,1,NULL,standard_terms,usable_n_lt_30
f680f85bee2d253556ac91be391d2c82,SP,carapicuiba,25,1,24,0.0400000000,4.0,1 / 25,1,0.0400000000,4.0,-14.0000,4.0000,14,0,0.0000000000,11,1,0.0909090909,25,1,0.0400000000,0,0.0000000000,2910.22,3419.34,1,0,below_floor,393,0.0780768749,0.07638571932468,0.0356083086,0.0666666667,0.1016949153,0.1428571429,0.1752577320,0,0,0,0,0,1,NULL,standard_terms,usable_n_lt_30
0b90b6df587eb83608a64ea8b390cf07,PR,maringa,151,6,145,0.0397350993,4.0,6 / 151,6,0.0397350993,4.0,-20.0000,5.5000,121,6,0.0495867769,30,0,0.0000000000,146,6,0.0410958904,5,0.0331125828,24816.22,28028.61,0,1,100_plus,393,0.0780768749,0.07638571932468,0.0356083086,0.0666666667,0.1016949153,0.1428571429,0.1752577320,0,0,0,0,0,1,NULL,standard_terms,at_or_below_peer_bar
00fc707aaaad2d31347cf883cd2dfe10,PR,maringa,103,4,99,0.0388349515,3.9,4 / 103,5,0.0485436893,4.9,-17.0000,6.5000,100,4,0.0400000000,3,0,0.0000000000,98,4,0.0408163265,5,0.0485436893,12684.90,14969.99,0,1,100_plus,393,0.0780768749,0.07638571932468,0.0356083086,0.0666666667,0.1016949153,0.1428571429,0.1752577320,0,0,0,0,0,1,NULL,standard_terms,at_or_below_peer_bar
4d6d651bd7684af3fffabd5f08d12e5a,SP,jau,232,9,223,0.0387931034,3.9,9 / 232,11,0.0474137931,4.7,-13.0000,10.0000,156,8,0.0512820513,76,1,0.0131578947,227,9,0.0396475771,5,0.0215517241,30395.70,35673.84,0,1,100_plus,393,0.0780768749,0.07638571932468,0.0356083086,0.0666666667,0.1016949153,0.1428571429,0.1752577320,0,0,0,0,0,1,NULL,standard_terms,at_or_below_peer_bar
cab85505710c7cb9b720bceb52b01cee,SP,sao paulo,104,4,100,0.0384615385,3.8,4 / 104,5,0.0480769231,4.8,-10.0000,11.0000,46,2,0.0434782609,58,2,0.0344827586,103,4,0.0388349515,1,0.0096153846,5759.50,7195.68,0,1,100_plus,393,0.0780768749,0.07638571932468,0.0356083086,0.0666666667,0.1016949153,0.1428571429,0.1752577320,0,0,0,0,0,1,NULL,standard_terms,at_or_below_peer_bar
06df0c10d34e459d9672bc77388742eb,PR,maringa,26,1,25,0.0384615385,3.8,1 / 26,3,0.1153846154,11.5,-13.0000,4.0000,7,1,0.1428571429,19,0,0.0000000000,26,1,0.0384615385,0,0.0000000000,9070.00,9595.77,0,0,below_floor,393,0.0780768749,0.07638571932468,0.0356083086,0.0666666667,0.1016949153,0.1428571429,0.1752577320,0,0,0,0,0,1,NULL,standard_terms,usable_n_lt_30
4bfc7a4a1cf8d4d2121c27422d9e50b5,SP,sao paulo,26,1,25,0.0384615385,3.8,1 / 26,1,0.0384615385,3.8,-9.5000,8.0000,6,0,0.0000000000,20,1,0.0500000000,24,1,0.0416666667,2,0.0769230769,8124.40,9191.59,0,0,below_floor,393,0.0780768749,0.07638571932468,0.0356083086,0.0666666667,0.1016949153,0.1428571429,0.1752577320,0,0,0,0,0,1,NULL,standard_terms,usable_n_lt_30
8f119a0aee85c0c8fc534629734e94fd,SP,barueri,26,1,25,0.0384615385,3.8,1 / 26,2,0.0769230769,7.7,-9.0000,4.0000,8,0,0.0000000000,18,1,0.0555555556,25,1,0.0400000000,1,0.0384615385,1049.49,1388.90,0,0,below_floor,393,0.0780768749,0.07638571932468,0.0356083086,0.0666666667,0.1016949153,0.1428571429,0.1752577320,0,0,0,0,0,1,NULL,standard_terms,usable_n_lt_30
e883aa812c37a7413226856f4579fe91,SP,itapevi,26,1,25,0.0384615385,3.8,1 / 26,1,0.0384615385,3.8,-10.0000,1.0000,13,1,0.0769230769,13,0,0.0000000000,26,1,0.0384615385,0,0.0000000000,4097.10,4554.46,0,0,below_floor,393,0.0780768749,0.07638571932468,0.0356083086,0.0666666667,0.1016949153,0.1428571429,0.1752577320,0,0,0,0,0,1,NULL,standard_terms,usable_n_lt_30
d91fb3b7d041e83b64a00a3edfb37e4f,SP,praia grande,369,14,355,0.0379403794,3.8,14 / 369,23,0.0623306233,6.2,-12.0000,4.5000,163,5,0.0306748466,206,9,0.0436893204,369,14,0.0379403794,0,0.0000000000,24997.52,31426.85,0,1,100_plus,393,0.0780768749,0.07638571932468,0.0356083086,0.0666666667,0.1016949153,0.1428571429,0.1752577320,0,0,0,0,0,1,NULL,standard_terms,at_or_below_peer_bar
9f505651f4a6abe901a56cdc21508025,SP,sao paulo,343,13,330,0.0379008746,3.8,13 / 343,17,0.0495626822,5.0,-10.0000,5.0000,115,3,0.0260869565,228,10,0.0438596491,340,13,0.0382352941,3,0.0087463557,22692.22,27899.17,4,1,100_plus,393,0.0780768749,0.07638571932468,0.0356083086,0.0666666667,0.1016949153,0.1428571429,0.1752577320,0,0,0,0,0,1,NULL,standard_terms,at_or_below_peer_bar
688756f717c462a206ad854c5027a64a,SP,guarulhos,81,3,78,0.0370370370,3.7,3 / 81,7,0.0864197531,8.6,-7.0000,2.0000,18,0,0.0000000000,63,3,0.0476190476,72,3,0.0416666667,9,0.1111111111,5837.67,7745.72,0,1,50_99,393,0.0780768749,0.07638571932468,0.0356083086,0.0666666667,0.1016949153,0.1428571429,0.1752577320,0,0,0,0,0,1,NULL,standard_terms,at_or_below_peer_bar
95ec4458365c4d11f452ccf538377619,SP,limeira,27,1,26,0.0370370370,3.7,1 / 27,1,0.0370370370,3.7,-8.0000,2.0000,6,0,0.0000000000,21,1,0.0476190476,24,1,0.0416666667,3,0.1111111111,1866.76,2303.43,0,0,below_floor,393,0.0780768749,0.07638571932468,0.0356083086,0.0666666667,0.1016949153,0.1428571429,0.1752577320,0,0,0,0,0,1,NULL,standard_terms,usable_n_lt_30
ffc470761de7d0232558ba5e786e57b7,SP,guarulhos,27,1,26,0.0370370370,3.7,1 / 27,1,0.0370370370,3.7,-11.0000,8.0000,11,1,0.0909090909,16,0,0.0000000000,27,1,0.0370370370,0,0.0000000000,1529.13,1950.22,0,0,below_floor,393,0.0780768749,0.07638571932468,0.0356083086,0.0666666667,0.1016949153,0.1428571429,0.1752577320,0,0,0,0,0,1,NULL,standard_terms,usable_n_lt_30
53243585a1d6dc2643021fd1853d8905,BA,lauro de freitas,110,4,106,0.0363636364,3.6,4 / 110,7,0.0636363636,6.4,-10.0000,5.5000,24,1,0.0416666667,86,3,0.0348837209,110,4,0.0363636364,0,0.0000000000,40383.13,44938.63,0,1,100_plus,393,0.0780768749,0.07638571932468,0.0356083086,0.0666666667,0.1016949153,0.1428571429,0.1752577320,0,0,0,0,0,1,NULL,standard_terms,at_or_below_peer_bar
6b243f80ed07b10f0e8aa0f21a205f3c,PR,curitiba,56,2,54,0.0357142857,3.6,2 / 56,2,0.0357142857,3.6,-15.0000,18.5000,29,1,0.0344827586,27,1,0.0370370370,55,2,0.0363636364,1,0.0178571429,4409.60,5496.72,0,1,50_99,393,0.0780768749,0.07638571932468,0.0356083086,0.0666666667,0.1016949153,0.1428571429,0.1752577320,0,0,0,0,0,1,NULL,standard_terms,at_or_below_peer_bar
6061155addc1e54b4cfb51c1c2a32ad8,SP,campinas,28,1,27,0.0357142857,3.6,1 / 28,1,0.0357142857,3.6,-8.0000,2.0000,0,0,NULL,28,1,0.0357142857,27,1,0.0370370370,1,0.0357142857,15633.40,16513.31,0,0,below_floor,393,0.0780768749,0.07638571932468,0.0356083086,0.0666666667,0.1016949153,0.1428571429,0.1752577320,0,0,0,0,0,1,NULL,standard_terms,usable_n_lt_30
83deb69e889cf80f82be1dc6d5f2d486,SC,florianopolis,28,1,27,0.0357142857,3.6,1 / 28,1,0.0357142857,3.6,-12.0000,6.0000,14,1,0.0714285714,14,0,0.0000000000,28,1,0.0357142857,0,0.0000000000,3806.31,4444.91,0,0,below_floor,393,0.0780768749,0.07638571932468,0.0356083086,0.0666666667,0.1016949153,0.1428571429,0.1752577320,0,0,0,0,0,1,NULL,standard_terms,usable_n_lt_30
ca3bd7cd9f149df75950150d010fe4a2,SP,sao paulo,28,1,27,0.0357142857,3.6,1 / 28,3,0.1071428571,10.7,-15.0000,8.0000,18,1,0.0555555556,10,0,0.0000000000,27,1,0.0370370370,1,0.0357142857,4552.22,6334.61,0,0,below_floor,393,0.0780768749,0.07638571932468,0.0356083086,0.0666666667,0.1016949153,0.1428571429,0.1752577320,0,0,0,0,0,1,NULL,standard_terms,usable_n_lt_30
fde0cc9ea29c8ccfc0a2c22256a58c71,PR,curitiba,28,1,27,0.0357142857,3.6,1 / 28,1,0.0357142857,3.6,-18.0000,7.0000,12,1,0.0833333333,16,0,0.0000000000,28,1,0.0357142857,0,0.0000000000,3229.00,4042.42,0,0,below_floor,393,0.0780768749,0.07638571932468,0.0356083086,0.0666666667,0.1016949153,0.1428571429,0.1752577320,0,0,0,0,0,1,NULL,standard_terms,usable_n_lt_30
de722cd6dad950a92b7d4f82673f8833,PE,recife,337,12,325,0.0356083086,3.6,12 / 337,15,0.0445103858,4.5,-15.0000,5.5000,187,8,0.0427807487,150,4,0.0266666667,335,12,0.0358208955,2,0.0059347181,55126.30,64776.59,0,1,100_plus,393,0.0780768749,0.07638571932468,0.0356083086,0.0666666667,0.1016949153,0.1428571429,0.1752577320,0,0,0,0,0,1,NULL,standard_terms,at_or_below_peer_bar
1c129092bf23f28a5930387c980c0dfc,SP,sao paulo,114,4,110,0.0350877193,3.5,4 / 114,4,0.0350877193,3.5,-9.5000,8.0000,88,4,0.0454545455,26,0,0.0000000000,105,4,0.0380952381,9,0.0789473684,5418.50,7089.94,0,1,100_plus,393,0.0780768749,0.07638571932468,0.0356083086,0.0666666667,0.1016949153,0.1428571429,0.1752577320,0,0,0,0,0,1,NULL,standard_terms,at_or_below_peer_bar
1e8b33f18b4f7598d87f5cbee2282cc2,SP,sao paulo,114,4,110,0.0350877193,3.5,4 / 114,6,0.0526315789,5.3,-11.0000,1.5000,63,2,0.0317460317,51,2,0.0392156863,109,4,0.0366972477,5,0.0438596491,16446.16,19027.04,0,1,100_plus,393,0.0780768749,0.07638571932468,0.0356083086,0.0666666667,0.1016949153,0.1428571429,0.1752577320,0,0,0,0,0,1,NULL,standard_terms,at_or_below_peer_bar
c33847515fa6305ce6feb1e818569f13,SC,brusque,114,4,110,0.0350877193,3.5,4 / 114,5,0.0438596491,4.4,-16.0000,4.5000,0,0,NULL,114,4,0.0350877193,108,4,0.0370370370,6,0.0526315789,15519.85,19894.26,0,1,100_plus,393,0.0780768749,0.07638571932468,0.0356083086,0.0666666667,0.1016949153,0.1428571429,0.1752577320,0,0,0,0,0,1,NULL,standard_terms,at_or_below_peer_bar
2ff97219cb8622eaf3cd89b7d9c09824,SP,salto,87,3,84,0.0344827586,3.4,3 / 87,5,0.0574712644,5.7,-9.0000,18.0000,33,2,0.0606060606,54,1,0.0185185185,85,3,0.0352941176,2,0.0229885057,4339.10,5698.70,0,1,50_99,393,0.0780768749,0.07638571932468,0.0356083086,0.0666666667,0.1016949153,0.1428571429,0.1752577320,0,0,0,0,0,1,NULL,standard_terms,at_or_below_peer_bar
0c8380b62e38e8a1e6adbeba7eb9688c,MG,tres coracoes,29,1,28,0.0344827586,3.4,1 / 29,2,0.0689655172,6.9,-13.0000,7.0000,5,1,0.2000000000,24,0,0.0000000000,25,1,0.0400000000,4,0.1379310345,2289.10,2988.45,0,0,below_floor,393,0.0780768749,0.07638571932468,0.0356083086,0.0666666667,0.1016949153,0.1428571429,0.1752577320,0,0,0,0,0,1,NULL,standard_terms,usable_n_lt_30
744dac408745240a2c2528fb1b6028f3,PR,colombo,29,1,28,0.0344827586,3.4,1 / 29,1,0.0344827586,3.4,-17.0000,4.0000,16,0,0.0000000000,13,1,0.0769230769,28,1,0.0357142857,1,0.0344827586,9367.60,10207.28,0,0,below_floor,393,0.0780768749,0.07638571932468,0.0356083086,0.0666666667,0.1016949153,0.1428571429,0.1752577320,0,0,0,0,0,1,NULL,standard_terms,usable_n_lt_30
95e03ca3d4146e4011985981aeb959b9,RJ,rio de janeiro,59,2,57,0.0338983051,3.4,2 / 59,2,0.0338983051,3.4,-17.0000,4.0000,47,2,0.0425531915,12,0,0.0000000000,55,2,0.0363636364,4,0.0677966102,2771.36,3896.02,0,1,50_99,393,0.0780768749,0.07638571932468,0.0356083086,0.0666666667,0.1016949153,0.1428571429,0.1752577320,0,0,0,0,0,1,NULL,standard_terms,at_or_below_peer_bar
30a2f535bb48308f991d0b9ad4a8c4bb,SP,santa barbara d'oeste,30,1,29,0.0333333333,3.3,1 / 30,1,0.0333333333,3.3,-14.0000,6.0000,27,1,0.0370370370,3,0,0.0000000000,27,1,0.0370370370,3,0.1000000000,2036.30,2523.58,0,1,30_49,393,0.0780768749,0.07638571932468,0.0356083086,0.0666666667,0.1016949153,0.1428571429,0.1752577320,0,0,0,0,0,1,NULL,standard_terms,at_or_below_peer_bar
ac3508719a1d8f5b7614b798f70af136,RS,canoas,30,1,29,0.0333333333,3.3,1 / 30,2,0.0666666667,6.7,-18.0000,4.0000,20,0,0.0000000000,10,1,0.1000000000,28,1,0.0357142857,2,0.0666666667,3216.60,4102.29,0,1,30_49,393,0.0780768749,0.07638571932468,0.0356083086,0.0666666667,0.1016949153,0.1428571429,0.1752577320,0,0,0,0,0,1,NULL,standard_terms,at_or_below_peer_bar
e0a366315b1b726b6c7832d664c0f530,SP,sao paulo,30,1,29,0.0333333333,3.3,1 / 30,2,0.0666666667,6.7,-10.5000,7.0000,12,0,0.0000000000,18,1,0.0555555556,29,1,0.0344827586,1,0.0333333333,5566.50,6109.63,0,1,30_49,393,0.0780768749,0.07638571932468,0.0356083086,0.0666666667,0.1016949153,0.1428571429,0.1752577320,0,0,0,0,0,1,NULL,standard_terms,at_or_below_peer_bar
1bb2bdb95f4841f1bba2c0d2cd83d3c9,SP,sao paulo,61,2,59,0.0327868852,3.3,2 / 61,3,0.0491803279,4.9,-14.0000,6.5000,38,2,0.0526315789,23,0,0.0000000000,61,2,0.0327868852,0,0.0000000000,3303.89,4164.63,0,1,50_99,393,0.0780768749,0.07638571932468,0.0356083086,0.0666666667,0.1016949153,0.1428571429,0.1752577320,0,0,0,0,0,1,NULL,standard_terms,at_or_below_peer_bar
8bb48dc19fccaa8613b6229bf7f452a2,SP,assis,61,2,59,0.0327868852,3.3,2 / 61,2,0.0327868852,3.3,-13.0000,3.0000,41,2,0.0487804878,20,0,0.0000000000,59,2,0.0338983051,2,0.0327868852,3252.22,4733.03,0,1,50_99,393,0.0780768749,0.07638571932468,0.0356083086,0.0666666667,0.1016949153,0.1428571429,0.1752577320,0,0,0,0,0,1,NULL,standard_terms,at_or_below_peer_bar
d94a40fd42351c259927028d163af842,MG,baependi,61,2,59,0.0327868852,3.3,2 / 61,3,0.0491803279,4.9,-14.0000,1.5000,38,2,0.0526315789,23,0,0.0000000000,57,2,0.0350877193,4,0.0655737705,8441.00,10587.49,1,1,50_99,393,0.0780768749,0.07638571932468,0.0356083086,0.0666666667,0.1016949153,0.1428571429,0.1752577320,0,0,0,0,0,1,NULL,standard_terms,at_or_below_peer_bar
01fd077212124329bac32490e8ef80d9,SP,ribeirao preto / sao paulo,31,1,30,0.0322580645,3.2,1 / 31,1,0.0322580645,3.2,-11.0000,9.0000,7,1,0.1428571429,24,0,0.0000000000,29,1,0.0344827586,2,0.0645161290,1208.00,1783.36,0,1,30_49,393,0.0780768749,0.07638571932468,0.0356083086,0.0666666667,0.1016949153,0.1428571429,0.1752577320,0,0,0,0,0,1,NULL,standard_terms,at_or_below_peer_bar
0db783cfcd3b73998abc6e10e59a102f,SP,santos,31,1,30,0.0322580645,3.2,1 / 31,1,0.0322580645,3.2,-13.0000,3.0000,31,1,0.0322580645,0,0,NULL,31,1,0.0322580645,0,0.0000000000,1699.80,2142.09,0,1,30_49,393,0.0780768749,0.07638571932468,0.0356083086,0.0666666667,0.1016949153,0.1428571429,0.1752577320,0,0,0,0,0,1,NULL,standard_terms,at_or_below_peer_bar
1127b7f2594683f2510f1c2c834a486b,SP,campinas,31,1,30,0.0322580645,3.2,1 / 31,1,0.0322580645,3.2,-8.0000,9.0000,13,1,0.0769230769,18,0,0.0000000000,29,1,0.0344827586,2,0.0645161290,2301.22,2868.97,0,1,30_49,393,0.0780768749,0.07638571932468,0.0356083086,0.0666666667,0.1016949153,0.1428571429,0.1752577320,0,0,0,0,0,1,NULL,standard_terms,at_or_below_peer_bar
18e694e0e48ed6f7aa3f24aade5fd697,SP,varzea paulista,31,1,30,0.0322580645,3.2,1 / 31,1,0.0322580645,3.2,-11.0000,1.0000,0,0,NULL,31,1,0.0322580645,31,1,0.0322580645,0,0.0000000000,701.54,1205.77,0,1,30_49,393,0.0780768749,0.07638571932468,0.0356083086,0.0666666667,0.1016949153,0.1428571429,0.1752577320,0,0,0,0,0,1,NULL,standard_terms,at_or_below_peer_bar
6481e96574816ead57975da2c0f6d80d,SP,sorocaba,31,1,30,0.0322580645,3.2,1 / 31,1,0.0322580645,3.2,-10.0000,1.0000,27,1,0.0370370370,4,0,0.0000000000,30,1,0.0333333333,1,0.0322580645,3083.10,4073.46,0,1,30_49,393,0.0780768749,0.07638571932468,0.0356083086,0.0666666667,0.1016949153,0.1428571429,0.1752577320,0,0,0,0,0,1,NULL,standard_terms,at_or_below_peer_bar
72c5da29406b4234927b81855e7b64f6,SP,guarulhos,31,1,30,0.0322580645,3.2,1 / 31,1,0.0322580645,3.2,-16.0000,14.0000,3,0,0.0000000000,28,1,0.0357142857,30,1,0.0333333333,1,0.0322580645,11798.69,12652.47,0,1,30_49,393,0.0780768749,0.07638571932468,0.0356083086,0.0666666667,0.1016949153,0.1428571429,0.1752577320,0,0,0,0,0,1,NULL,standard_terms,at_or_below_peer_bar
b8bc237ba3788b23da09c0f1f3a3288c,SC,itajai,31,1,30,0.0322580645,3.2,1 / 31,1,0.0322580645,3.2,-13.0000,2.0000,23,1,0.0434782609,8,0,0.0000000000,31,1,0.0322580645,0,0.0000000000,9878.78,11253.57,0,1,30_49,393,0.0780768749,0.07638571932468,0.0356083086,0.0666666667,0.1016949153,0.1428571429,0.1752577320,0,0,0,0,0,1,NULL,standard_terms,at_or_below_peer_bar
2528513dd95219a6013d4d05176e391a,SP,osasco,94,3,91,0.0319148936,3.2,3 / 94,4,0.0425531915,4.3,-12.0000,18.0000,60,3,0.0500000000,34,0,0.0000000000,85,3,0.0352941176,9,0.0957446809,14206.50,16184.69,0,1,50_99,393,0.0780768749,0.07638571932468,0.0356083086,0.0666666667,0.1016949153,0.1428571429,0.1752577320,0,0,0,0,0,1,NULL,standard_terms,at_or_below_peer_bar
562fc2f2c2863ab7e79a9e4388a58a14,SP,campinas,255,8,247,0.0313725490,3.1,8 / 255,9,0.0352941176,3.5,-14.0000,13.5000,137,7,0.0510948905,118,1,0.0084745763,248,8,0.0322580645,7,0.0274509804,8659.25,12884.21,1,1,100_plus,393,0.0780768749,0.07638571932468,0.0356083086,0.0666666667,0.1016949153,0.1428571429,0.1752577320,0,0,0,0,0,1,NULL,standard_terms,at_or_below_peer_bar
c864036feaab8c1659f65ea4faebe1da,PR,campo largo,32,1,31,0.0312500000,3.1,1 / 32,1,0.0312500000,3.1,-14.0000,2.0000,19,1,0.0526315789,13,0,0.0000000000,32,1,0.0312500000,0,0.0000000000,6036.80,7260.52,0,1,30_49,393,0.0780768749,0.07638571932468,0.0356083086,0.0666666667,0.1016949153,0.1428571429,0.1752577320,0,0,0,0,0,1,NULL,standard_terms,at_or_below_peer_bar
ea67327e24487bdfac5fbfa37ea124df,SP,ibitinga,32,1,31,0.0312500000,3.1,1 / 32,1,0.0312500000,3.1,-17.0000,18.0000,2,0,0.0000000000,30,1,0.0333333333,30,1,0.0333333333,2,0.0625000000,6250.18,7180.28,1,1,30_49,393,0.0780768749,0.07638571932468,0.0356083086,0.0666666667,0.1016949153,0.1428571429,0.1752577320,0,0,0,0,0,1,NULL,standard_terms,at_or_below_peer_bar
6cd68b3ed6d59aaa9fece558ad360c0a,MG,belo horizonte,33,1,32,0.0303030303,3.0,1 / 33,1,0.0303030303,3.0,-14.0000,3.0000,33,1,0.0303030303,0,0,NULL,33,1,0.0303030303,0,0.0000000000,2325.49,2892.49,0,1,30_49,393,0.0780768749,0.07638571932468,0.0356083086,0.0666666667,0.1016949153,0.1428571429,0.1752577320,0,0,0,0,0,1,NULL,standard_terms,at_or_below_peer_bar
b839e41795b7f3ad94cc2014a52f6796,SP,sao caetano do sul,33,1,32,0.0303030303,3.0,1 / 33,1,0.0303030303,3.0,-12.5000,9.0000,7,1,0.1428571429,26,0,0.0000000000,33,1,0.0303030303,0,0.0000000000,42829.00,43749.93,1,1,30_49,393,0.0780768749,0.07638571932468,0.0356083086,0.0666666667,0.1016949153,0.1428571429,0.1752577320,0,0,0,0,0,1,NULL,standard_terms,at_or_below_peer_bar
cc5a78bbad32776dc4e3af205218368c,MG,divinopolis,33,1,32,0.0303030303,3.0,1 / 33,1,0.0303030303,3.0,-17.0000,5.0000,0,0,NULL,33,1,0.0303030303,31,1,0.0322580645,2,0.0606060606,4269.18,5573.35,0,1,30_49,393,0.0780768749,0.07638571932468,0.0356083086,0.0666666667,0.1016949153,0.1428571429,0.1752577320,0,0,0,0,0,1,NULL,standard_terms,at_or_below_peer_bar
966cb4760537b1404caedd472cc610a5,SP,diadema,67,2,65,0.0298507463,3.0,2 / 67,2,0.0298507463,3.0,-14.0000,1.5000,13,1,0.0769230769,54,1,0.0185185185,66,2,0.0303030303,1,0.0149253731,45928.26,47432.57,0,1,50_99,393,0.0780768749,0.07638571932468,0.0356083086,0.0666666667,0.1016949153,0.1428571429,0.1752577320,0,0,0,0,0,1,NULL,standard_terms,at_or_below_peer_bar
ff063b022a9a0aab91bad2c9088760b7,SP,santo andre,67,2,65,0.0298507463,3.0,2 / 67,2,0.0298507463,3.0,-11.0000,4.0000,33,1,0.0303030303,34,1,0.0294117647,65,2,0.0307692308,2,0.0298507463,7992.00,9368.49,4,1,50_99,393,0.0780768749,0.07638571932468,0.0356083086,0.0666666667,0.1016949153,0.1428571429,0.1752577320,0,0,0,0,0,1,NULL,standard_terms,at_or_below_peer_bar
4e17c65a516f69d023a2ae78b84f28d6,SP,suzano,34,1,33,0.0294117647,2.9,1 / 34,2,0.0588235294,5.9,-23.5000,20.0000,15,1,0.0666666667,19,0,0.0000000000,34,1,0.0294117647,0,0.0000000000,4139.77,4793.78,0,1,30_49,393,0.0780768749,0.07638571932468,0.0356083086,0.0666666667,0.1016949153,0.1428571429,0.1752577320,0,0,0,0,0,1,NULL,standard_terms,at_or_below_peer_bar
d23019c84ffae2d5ef2270367b8605fc,PR,londrina,34,1,33,0.0294117647,2.9,1 / 34,1,0.0294117647,2.9,-14.5000,22.0000,17,1,0.0588235294,17,0,0.0000000000,32,1,0.0312500000,2,0.0588235294,26938.50,29444.96,0,1,30_49,393,0.0780768749,0.07638571932468,0.0356083086,0.0666666667,0.1016949153,0.1428571429,0.1752577320,0,0,0,0,0,1,NULL,standard_terms,at_or_below_peer_bar
9b013e03b2ab786505a1d3b5c0756754,SP,vicente de carvalho,137,4,133,0.0291970803,2.9,4 / 137,6,0.0437956204,4.4,-10.0000,7.0000,61,1,0.0163934426,76,3,0.0394736842,135,4,0.0296296296,2,0.0145985401,7054.66,9099.16,0,1,100_plus,393,0.0780768749,0.07638571932468,0.0356083086,0.0666666667,0.1016949153,0.1428571429,0.1752577320,0,0,0,0,0,1,NULL,standard_terms,at_or_below_peer_bar
240b9776d844d37535668549a396af32,RJ,niteroi,35,1,34,0.0285714286,2.9,1 / 35,2,0.0571428571,5.7,-11.0000,16.0000,0,0,NULL,35,1,0.0285714286,35,1,0.0285714286,0,0.0000000000,13332.09,14171.65,0,1,30_49,393,0.0780768749,0.07638571932468,0.0356083086,0.0666666667,0.1016949153,0.1428571429,0.1752577320,0,0,0,0,0,1,NULL,standard_terms,at_or_below_peer_bar
33a17d60c64393351ebf1ef860f4e0f2,RS,porto alegre,35,1,34,0.0285714286,2.9,1 / 35,1,0.0285714286,2.9,-16.5000,18.0000,13,1,0.0769230769,22,0,0.0000000000,35,1,0.0285714286,0,0.0000000000,6678.66,7819.34,1,1,30_49,393,0.0780768749,0.07638571932468,0.0356083086,0.0666666667,0.1016949153,0.1428571429,0.1752577320,0,0,0,0,0,1,NULL,standard_terms,at_or_below_peer_bar
6c7d50c24b3ccd2fd83b44d8bb34e073,SP,presidente prudente,35,1,34,0.0285714286,2.9,1 / 35,1,0.0285714286,2.9,-14.0000,2.0000,31,1,0.0322580645,4,0,0.0000000000,31,1,0.0322580645,4,0.1142857143,3163.23,4060.79,0,1,30_49,393,0.0780768749,0.07638571932468,0.0356083086,0.0666666667,0.1016949153,0.1428571429,0.1752577320,0,0,0,0,0,1,NULL,standard_terms,at_or_below_peer_bar
9e6229250fedbe05838fef417b74e7fb,SP,mirandopolis,71,2,69,0.0281690141,2.8,2 / 71,3,0.0422535211,4.2,-15.0000,3.5000,10,1,0.1000000000,61,1,0.0163934426,65,2,0.0307692308,6,0.0845070423,12602.50,14393.96,0,1,50_99,393,0.0780768749,0.07638571932468,0.0356083086,0.0666666667,0.1016949153,0.1428571429,0.1752577320,0,0,0,0,0,1,NULL,standard_terms,at_or_below_peer_bar
2a5b78b41cd05baeac8df54c6606b92c,MG,formiga,36,1,35,0.0277777778,2.8,1 / 36,1,0.0277777778,2.8,-17.0000,4.0000,16,1,0.0625000000,20,0,0.0000000000,35,1,0.0285714286,1,0.0277777778,14119.11,14963.95,0,1,30_49,393,0.0780768749,0.07638571932468,0.0356083086,0.0666666667,0.1016949153,0.1428571429,0.1752577320,0,0,0,0,0,1,NULL,standard_terms,at_or_below_peer_bar
32b8764b4ef628b53608fc34011fcc13,SC,lages,36,1,35,0.0277777778,2.8,1 / 36,3,0.0833333333,8.3,-14.5000,1.0000,14,0,0.0000000000,22,1,0.0454545455,35,1,0.0285714286,1,0.0277777778,8884.00,11854.42,0,1,30_49,393,0.0780768749,0.07638571932468,0.0356083086,0.0666666667,0.1016949153,0.1428571429,0.1752577320,0,0,0,0,0,1,NULL,standard_terms,at_or_below_peer_bar
b32be1695eb7ec5f10f72d9610a12527,RS,caxias do sul,36,1,35,0.0277777778,2.8,1 / 36,1,0.0277777778,2.8,-12.5000,1.0000,28,1,0.0357142857,8,0,0.0000000000,36,1,0.0277777778,0,0.0000000000,21097.00,23608.88,0,1,30_49,393,0.0780768749,0.07638571932468,0.0356083086,0.0666666667,0.1016949153,0.1428571429,0.1752577320,0,0,0,0,0,1,NULL,standard_terms,at_or_below_peer_bar
85d9eb9ddc5d00ca9336a2219c97bb13,MG,belo horizonte,217,6,211,0.0276497696,2.8,6 / 217,11,0.0506912442,5.1,-15.0000,5.0000,98,6,0.0612244898,119,0,0.0000000000,215,6,0.0279069767,2,0.0092165899,6599.34,10320.95,0,1,100_plus,393,0.0780768749,0.07638571932468,0.0356083086,0.0666666667,0.1016949153,0.1428571429,0.1752577320,0,0,0,0,0,1,NULL,standard_terms,at_or_below_peer_bar
516e7738bd8f735ac19a010ee5450d8d,RJ,rio de janeiro,74,2,72,0.0270270270,2.7,2 / 74,4,0.0540540541,5.4,-21.5000,4.5000,0,0,NULL,74,2,0.0270270270,72,2,0.0277777778,2,0.0270270270,6463.19,7905.69,0,1,50_99,393,0.0780768749,0.07638571932468,0.0356083086,0.0666666667,0.1016949153,0.1428571429,0.1752577320,0,0,0,0,0,1,NULL,standard_terms,at_or_below_peer_bar
1d4587203296c8f4ad134dc286fa6db0,SP,sao paulo,37,1,36,0.0270270270,2.7,1 / 37,2,0.0540540541,5.4,-13.0000,24.0000,17,1,0.0588235294,20,0,0.0000000000,36,1,0.0277777778,1,0.0270270270,2093.80,2701.18,0,1,30_49,393,0.0780768749,0.07638571932468,0.0356083086,0.0666666667,0.1016949153,0.1428571429,0.1752577320,0,0,0,0,0,1,NULL,standard_terms,at_or_below_peer_bar
594f9aaa48e5bf431f011ddc5669b0d5,MG,contagem,37,1,36,0.0270270270,2.7,1 / 37,1,0.0270270270,2.7,-11.0000,3.0000,2,0,0.0000000000,35,1,0.0285714286,37,1,0.0270270270,0,0.0000000000,3248.80,4136.41,0,1,30_49,393,0.0780768749,0.07638571932468,0.0356083086,0.0666666667,0.1016949153,0.1428571429,0.1752577320,0,0,0,0,0,1,NULL,standard_terms,at_or_below_peer_bar
259f7b5e6e482c230e5bfaa670b6bb8f,SP,poa,76,2,74,0.0263157895,2.6,2 / 76,2,0.0263157895,2.6,-13.0000,10.0000,55,2,0.0363636364,21,0,0.0000000000,75,2,0.0266666667,1,0.0131578947,4813.10,6244.56,0,1,50_99,393,0.0780768749,0.07638571932468,0.0356083086,0.0666666667,0.1016949153,0.1428571429,0.1752577320,0,0,0,0,0,1,NULL,standard_terms,at_or_below_peer_bar
0ef83d7d83ed97cd2a0049ac8be5f88a,PR,curitiba,38,1,37,0.0263157895,2.6,1 / 38,1,0.0263157895,2.6,-15.0000,11.0000,32,1,0.0312500000,6,0,0.0000000000,36,1,0.0277777778,2,0.0526315789,3481.46,4303.47,0,1,30_49,393,0.0780768749,0.07638571932468,0.0356083086,0.0666666667,0.1016949153,0.1428571429,0.1752577320,0,0,0,0,0,1,NULL,standard_terms,at_or_below_peer_bar
7722b1df1b0e383e000397b2c11e3e19,SP,sao bernardo do campo,38,1,37,0.0263157895,2.6,1 / 38,1,0.0263157895,2.6,-11.5000,5.0000,21,1,0.0476190476,17,0,0.0000000000,34,1,0.0294117647,4,0.1052631579,2372.17,3065.19,0,1,30_49,393,0.0780768749,0.07638571932468,0.0356083086,0.0666666667,0.1016949153,0.1428571429,0.1752577320,0,0,0,0,0,1,NULL,standard_terms,at_or_below_peer_bar
7f7b8245c336066a1f9933c359f11d77,SP,mogi mirim,38,1,37,0.0263157895,2.6,1 / 38,1,0.0263157895,2.6,-10.0000,10.0000,6,1,0.1666666667,32,0,0.0000000000,38,1,0.0263157895,0,0.0000000000,2094.36,2630.23,0,1,30_49,393,0.0780768749,0.07638571932468,0.0356083086,0.0666666667,0.1016949153,0.1428571429,0.1752577320,0,0,0,0,0,1,NULL,standard_terms,at_or_below_peer_bar
2a84855fd20af891be03bc5924d2b453,MG,belo horizonte,153,4,149,0.0261437908,2.6,4 / 153,5,0.0326797386,3.3,-12.0000,16.5000,77,3,0.0389610390,76,1,0.0131578947,151,4,0.0264900662,2,0.0130718954,14769.00,18005.46,3,1,100_plus,393,0.0780768749,0.07638571932468,0.0356083086,0.0666666667,0.1016949153,0.1428571429,0.1752577320,0,0,0,0,0,1,NULL,standard_terms,at_or_below_peer_bar
b4ffb71f0cb1b1c3d63fad021ecf93e1,SP,sao paulo,78,2,76,0.0256410256,2.6,2 / 78,2,0.0256410256,2.6,-13.0000,6.5000,43,1,0.0232558140,35,1,0.0285714286,75,2,0.0266666667,3,0.0384615385,3572.16,4971.56,0,1,50_99,393,0.0780768749,0.07638571932468,0.0356083086,0.0666666667,0.1016949153,0.1428571429,0.1752577320,0,0,0,0,0,1,NULL,standard_terms,at_or_below_peer_bar
12b9676b00f60f3b700e83af21824c0e,RS,montenegro,40,1,39,0.0250000000,2.5,1 / 40,1,0.0250000000,2.5,-21.0000,15.0000,24,1,0.0416666667,16,0,0.0000000000,40,1,0.0250000000,0,0.0000000000,8071.00,9152.22,0,1,30_49,393,0.0780768749,0.07638571932468,0.0356083086,0.0666666667,0.1016949153,0.1428571429,0.1752577320,0,0,0,0,0,1,NULL,standard_terms,at_or_below_peer_bar
ce248b21cb2adc36282ede306b7660e5,SC,jaragua do sul,40,1,39,0.0250000000,2.5,1 / 40,3,0.0750000000,7.5,-13.0000,14.0000,27,1,0.0370370370,13,0,0.0000000000,37,1,0.0270270270,3,0.0750000000,8157.41,9250.13,0,1,30_49,393,0.0780768749,0.07638571932468,0.0356083086,0.0666666667,0.1016949153,0.1428571429,0.1752577320,0,0,0,0,0,1,NULL,standard_terms,at_or_below_peer_bar
c6bda72e4dbf5c5866b13cb1810c6d03,SP,sao paulo,41,1,40,0.0243902439,2.4,1 / 41,1,0.0243902439,2.4,-12.0000,33.0000,27,1,0.0370370370,14,0,0.0000000000,38,1,0.0263157895,3,0.0731707317,11092.68,11911.65,0,1,30_49,393,0.0780768749,0.07638571932468,0.0356083086,0.0666666667,0.1016949153,0.1428571429,0.1752577320,0,0,0,0,0,1,NULL,standard_terms,at_or_below_peer_bar
0691148aee60ca47977c187804f935ae,PR,londrina,42,1,41,0.0238095238,2.4,1 / 42,1,0.0238095238,2.4,-13.5000,38.0000,13,1,0.0769230769,29,0,0.0000000000,41,1,0.0243902439,1,0.0238095238,5628.88,7030.18,0,1,30_49,393,0.0780768749,0.07638571932468,0.0356083086,0.0666666667,0.1016949153,0.1428571429,0.1752577320,0,0,0,0,0,1,NULL,standard_terms,at_or_below_peer_bar
3d8fa2f5b647373c8620330c4e077a9f,SP,sao paulo,42,1,41,0.0238095238,2.4,1 / 42,1,0.0238095238,2.4,-10.5000,13.0000,1,1,1.0000000000,41,0,0.0000000000,41,1,0.0243902439,1,0.0238095238,3501.74,4295.72,0,1,30_49,393,0.0780768749,0.07638571932468,0.0356083086,0.0666666667,0.1016949153,0.1428571429,0.1752577320,0,0,0,0,0,1,NULL,standard_terms,at_or_below_peer_bar
58f1a6197ed863543e0136bdedb3fce2,MG,conselheiro lafaiete,42,1,41,0.0238095238,2.4,1 / 42,1,0.0238095238,2.4,-15.0000,12.0000,0,0,NULL,42,1,0.0238095238,41,1,0.0243902439,1,0.0238095238,6555.00,7587.55,0,1,30_49,393,0.0780768749,0.07638571932468,0.0356083086,0.0666666667,0.1016949153,0.1428571429,0.1752577320,0,0,0,0,0,1,NULL,standard_terms,at_or_below_peer_bar
1838dd9b8977065acf51d95e0053ea7a,MG,belo horizonte,43,1,42,0.0232558140,2.3,1 / 43,1,0.0232558140,2.3,-10.0000,1.0000,26,0,0.0000000000,17,1,0.0588235294,43,1,0.0232558140,0,0.0000000000,1873.40,2683.09,0,1,30_49,393,0.0780768749,0.07638571932468,0.0356083086,0.0666666667,0.1016949153,0.1428571429,0.1752577320,0,0,0,0,0,1,NULL,standard_terms,at_or_below_peer_bar
750303a20e9c56b2a6bc45cdce0b897d,GO,goiania,45,1,44,0.0222222222,2.2,1 / 45,1,0.0222222222,2.2,-13.0000,35.0000,24,1,0.0416666667,21,0,0.0000000000,45,1,0.0222222222,0,0.0000000000,5570.90,6682.70,0,1,30_49,393,0.0780768749,0.07638571932468,0.0356083086,0.0666666667,0.1016949153,0.1428571429,0.1752577320,0,0,0,0,0,1,NULL,standard_terms,at_or_below_peer_bar
9c0e69c7bf2619675bbadf47b43f655a,SP,sao jose dos campos,45,1,44,0.0222222222,2.2,1 / 45,2,0.0444444444,4.4,-19.0000,29.0000,44,1,0.0227272727,1,0,0.0000000000,35,1,0.0285714286,10,0.2222222222,7420.71,8152.75,0,1,30_49,393,0.0780768749,0.07638571932468,0.0356083086,0.0666666667,0.1016949153,0.1428571429,0.1752577320,0,0,0,0,0,1,NULL,standard_terms,at_or_below_peer_bar
a5cba26a62b8b4d0145b68b841e62e7f,PR,campo mourao,45,1,44,0.0222222222,2.2,1 / 45,1,0.0222222222,2.2,-14.0000,12.0000,28,1,0.0357142857,17,0,0.0000000000,45,1,0.0222222222,0,0.0000000000,12181.00,13344.45,0,1,30_49,393,0.0780768749,0.07638571932468,0.0356083086,0.0666666667,0.1016949153,0.1428571429,0.1752577320,0,0,0,0,0,1,NULL,standard_terms,at_or_below_peer_bar
fcb5ace8bcc92f75707dc0f01a27d269,SP,guarulhos,45,1,44,0.0222222222,2.2,1 / 45,1,0.0222222222,2.2,-9.0000,32.0000,21,0,0.0000000000,24,1,0.0416666667,44,1,0.0227272727,1,0.0222222222,5774.97,6453.44,1,1,30_49,393,0.0780768749,0.07638571932468,0.0356083086,0.0666666667,0.1016949153,0.1428571429,0.1752577320,0,0,0,0,0,1,NULL,standard_terms,at_or_below_peer_bar
8a432f4e5b471f8da497d7dc517666e2,SP,presidente prudente,95,2,93,0.0210526316,2.1,2 / 95,5,0.0526315789,5.3,-12.0000,8.0000,10,1,0.1000000000,85,1,0.0117647059,89,2,0.0224719101,6,0.0631578947,7555.00,9520.11,5,1,50_99,393,0.0780768749,0.07638571932468,0.0356083086,0.0666666667,0.1016949153,0.1428571429,0.1752577320,0,0,0,0,0,1,NULL,standard_terms,at_or_below_peer_bar
0df3984f9dfb3d49ac6366acbd3bbb85,MG,betim,48,1,47,0.0208333333,2.1,1 / 48,1,0.0208333333,2.1,-13.0000,16.0000,42,1,0.0238095238,6,0,0.0000000000,47,1,0.0212765957,1,0.0208333333,4844.99,5692.53,0,1,30_49,393,0.0780768749,0.07638571932468,0.0356083086,0.0666666667,0.1016949153,0.1428571429,0.1752577320,0,0,0,0,0,1,NULL,standard_terms,at_or_below_peer_bar
5cf13accae3222c70a9cac40818ae839,MG,patos de minas,98,2,96,0.0204081633,2.0,2 / 98,4,0.0408163265,4.1,-14.0000,9.5000,45,2,0.0444444444,53,0,0.0000000000,96,2,0.0208333333,2,0.0204081633,9684.60,11862.80,0,1,50_99,393,0.0780768749,0.07638571932468,0.0356083086,0.0666666667,0.1016949153,0.1428571429,0.1752577320,0,0,0,0,0,1,NULL,standard_terms,at_or_below_peer_bar
138dbe45fc62f1e244378131a6801526,SP,sao paulo,49,1,48,0.0204081633,2.0,1 / 49,2,0.0408163265,4.1,-8.0000,3.0000,0,0,NULL,49,1,0.0204081633,44,1,0.0227272727,5,0.1020408163,1125.56,1814.80,1,1,30_49,393,0.0780768749,0.07638571932468,0.0356083086,0.0666666667,0.1016949153,0.1428571429,0.1752577320,0,0,0,0,0,1,NULL,standard_terms,at_or_below_peer_bar
33a6f4b1e7cdc205511e76ba1b6e0186,SP,guarulhos,105,2,103,0.0190476190,1.9,2 / 105,2,0.0190476190,1.9,-14.0000,10.5000,54,2,0.0370370370,51,0,0.0000000000,100,2,0.0200000000,5,0.0476190476,10295.01,12183.91,0,1,100_plus,393,0.0780768749,0.07638571932468,0.0356083086,0.0666666667,0.1016949153,0.1428571429,0.1752577320,0,0,0,0,0,1,NULL,standard_terms,at_or_below_peer_bar
289cdb325fb7e7f891c38608bf9e0962,SP,belo horizonte,109,2,107,0.0183486239,1.8,2 / 109,2,0.0183486239,1.8,-10.0000,6.5000,15,1,0.0666666667,94,1,0.0106382979,103,2,0.0194174757,6,0.0550458716,13410.55,15486.07,0,1,100_plus,393,0.0780768749,0.07638571932468,0.0356083086,0.0666666667,0.1016949153,0.1428571429,0.1752577320,0,0,0,0,0,1,NULL,standard_terms,at_or_below_peer_bar
0ea22c1cfbdc755f86b9b54b39c16043,MG,sete lagoas,57,1,56,0.0175438596,1.8,1 / 57,3,0.0526315789,5.3,-13.0000,16.0000,37,1,0.0270270270,20,0,0.0000000000,56,1,0.0178571429,1,0.0175438596,2219.00,3285.39,0,1,50_99,393,0.0780768749,0.07638571932468,0.0356083086,0.0666666667,0.1016949153,0.1428571429,0.1752577320,0,0,0,0,0,1,NULL,standard_terms,at_or_below_peer_bar
0bae85eb84b9fb3bd773911e89288d54,SP,itajai,58,1,57,0.0172413793,1.7,1 / 58,1,0.0172413793,1.7,-14.0000,4.0000,40,1,0.0250000000,18,0,0.0000000000,54,1,0.0185185185,4,0.0689655172,2949.41,4240.62,1,1,50_99,393,0.0780768749,0.07638571932468,0.0356083086,0.0666666667,0.1016949153,0.1428571429,0.1752577320,0,0,0,0,0,1,NULL,standard_terms,at_or_below_peer_bar
36a968b544695394e4e9d7572688598f,SP,santos,60,1,59,0.0166666667,1.7,1 / 60,1,0.0166666667,1.7,-10.0000,5.0000,16,0,0.0000000000,44,1,0.0227272727,59,1,0.0169491525,1,0.0166666667,1613.63,2415.94,0,1,50_99,393,0.0780768749,0.07638571932468,0.0356083086,0.0666666667,0.1016949153,0.1428571429,0.1752577320,0,0,0,0,0,1,NULL,standard_terms,at_or_below_peer_bar
dbd66278cbfe1aa1000f90a217ca4695,SP,sao paulo,64,1,63,0.0156250000,1.6,1 / 64,3,0.0468750000,4.7,-11.0000,1.0000,22,0,0.0000000000,42,1,0.0238095238,62,1,0.0161290323,2,0.0312500000,3921.50,5150.39,0,1,50_99,393,0.0780768749,0.07638571932468,0.0356083086,0.0666666667,0.1016949153,0.1428571429,0.1752577320,0,0,0,0,0,1,NULL,standard_terms,at_or_below_peer_bar
710e3548e02bc1d2831dfc4f1b5b14d4,PR,rolandia,67,1,66,0.0149253731,1.5,1 / 67,1,0.0149253731,1.5,-24.0000,7.0000,45,0,0.0000000000,22,1,0.0454545455,65,1,0.0153846154,2,0.0298507463,10506.73,12459.89,2,1,50_99,393,0.0780768749,0.07638571932468,0.0356083086,0.0666666667,0.1016949153,0.1428571429,0.1752577320,0,0,0,0,0,1,NULL,standard_terms,at_or_below_peer_bar
dbc22125167c298ef99da25668e1011f,MG,borda da mata,135,2,133,0.0148148148,1.5,2 / 135,2,0.0148148148,1.5,-15.0000,4.5000,68,1,0.0147058824,67,1,0.0149253731,129,2,0.0155038760,6,0.0444444444,11471.55,14137.66,3,1,100_plus,393,0.0780768749,0.07638571932468,0.0356083086,0.0666666667,0.1016949153,0.1428571429,0.1752577320,0,0,0,0,0,1,NULL,standard_terms,at_or_below_peer_bar
d921b68bf747894be13a97ae52b0f386,MG,formiga,77,1,76,0.0129870130,1.3,1 / 77,1,0.0129870130,1.3,-14.0000,6.0000,8,0,0.0000000000,69,1,0.0144927536,76,1,0.0131578947,1,0.0129870130,15645.80,17403.81,1,1,50_99,393,0.0780768749,0.07638571932468,0.0356083086,0.0666666667,0.1016949153,0.1428571429,0.1752577320,0,0,0,0,0,1,NULL,standard_terms,at_or_below_peer_bar
dfa0c4c6229ab200a4a1336b4d7128ff,SC,florianopolis,77,1,76,0.0129870130,1.3,1 / 77,3,0.0389610390,3.9,-15.0000,22.0000,0,0,NULL,77,1,0.0129870130,72,1,0.0138888889,5,0.0649350649,4777.10,6544.21,2,1,50_99,393,0.0780768749,0.07638571932468,0.0356083086,0.0666666667,0.1016949153,0.1428571429,0.1752577320,0,0,0,0,0,1,NULL,standard_terms,at_or_below_peer_bar
530ec6109d11eaaf87999465c6afee01,PR,cascavel,78,1,77,0.0128205128,1.3,1 / 78,1,0.0128205128,1.3,-15.0000,5.0000,25,0,0.0000000000,53,1,0.0188679245,78,1,0.0128205128,0,0.0000000000,10520.91,12672.21,1,1,50_99,393,0.0780768749,0.07638571932468,0.0356083086,0.0666666667,0.1016949153,0.1428571429,0.1752577320,0,0,0,0,0,1,NULL,standard_terms,at_or_below_peer_bar
609e1a9a6c2539919b8205cf7c4e6ff0,SC,brusque,87,1,86,0.0114942529,1.1,1 / 87,2,0.0229885057,2.3,-17.0000,19.0000,27,0,0.0000000000,60,1,0.0166666667,78,1,0.0128205128,9,0.1034482759,6595.23,9282.42,0,1,50_99,393,0.0780768749,0.07638571932468,0.0356083086,0.0666666667,0.1016949153,0.1428571429,0.1752577320,0,0,0,0,0,1,NULL,standard_terms,at_or_below_peer_bar
c3cfdc648177fdbbbb35635a37472c53,PR,curitiba,97,1,96,0.0103092784,1.0,1 / 97,3,0.0309278351,3.1,-16.0000,3.0000,52,1,0.0192307692,45,0,0.0000000000,92,1,0.0108695652,5,0.0515463918,14369.21,16543.91,0,1,50_99,393,0.0780768749,0.07638571932468,0.0356083086,0.0666666667,0.1016949153,0.1428571429,0.1752577320,0,0,0,0,0,1,NULL,standard_terms,at_or_below_peer_bar
612170e34b97004b3ba37eae81836b4c,RS,novo hamburgo,107,1,106,0.0093457944,0.9,1 / 107,2,0.0186915888,1.9,-20.0000,1.0000,0,0,NULL,107,1,0.0093457944,106,1,0.0094339623,1,0.0093457944,23065.02,25372.08,0,1,100_plus,393,0.0780768749,0.07638571932468,0.0356083086,0.0666666667,0.1016949153,0.1428571429,0.1752577320,0,0,0,0,0,1,NULL,standard_terms,at_or_below_peer_bar
17ca9b9e9b9ef8fdb529001b49ebb50f,MG,betim,76,0,76,0.0000000000,0.0,0 / 76,2,0.0263157895,2.6,-14.0000,NULL,27,0,0.0000000000,49,0,0.0000000000,74,0,0.0000000000,2,0.0263157895,6462.24,8050.20,1,1,50_99,393,0.0780768749,0.07638571932468,0.0356083086,0.0666666667,0.1016949153,0.1428571429,0.1752577320,0,0,0,0,0,1,NULL,standard_terms,at_or_below_peer_bar
06e5eefc71ec47ae763c5c6f8db7064f,RS,porto alegre,68,0,68,0.0000000000,0.0,0 / 68,2,0.0294117647,2.9,-16.0000,NULL,35,0,0.0000000000,33,0,0.0000000000,68,0,0.0000000000,0,0.0000000000,17058.95,18732.73,0,1,50_99,393,0.0780768749,0.07638571932468,0.0356083086,0.0666666667,0.1016949153,0.1428571429,0.1752577320,0,0,0,0,0,1,NULL,standard_terms,at_or_below_peer_bar
d566c37fa119d5e66c4e9052e83ee4ea,SP,sao paulo,65,0,65,0.0000000000,0.0,0 / 65,2,0.0307692308,3.1,-9.5000,NULL,25,0,0.0000000000,40,0,0.0000000000,64,0,0.0000000000,1,0.0153846154,5145.70,6124.92,1,1,50_99,393,0.0780768749,0.07638571932468,0.0356083086,0.0666666667,0.1016949153,0.1428571429,0.1752577320,0,0,0,0,0,1,NULL,standard_terms,at_or_below_peer_bar
e882b2a25a10b9c057cc49695f222c19,RJ,teresopolis,57,0,57,0.0000000000,0.0,0 / 57,0,0.0000000000,0.0,-20.0000,NULL,36,0,0.0000000000,21,0,0.0000000000,57,0,0.0000000000,0,0.0000000000,51057.54,53913.76,0,1,50_99,393,0.0780768749,0.07638571932468,0.0356083086,0.0666666667,0.1016949153,0.1428571429,0.1752577320,0,0,0,0,0,1,NULL,standard_terms,at_or_below_peer_bar
080199a181c46c657dc5aa235411be3b,SP,osasco,55,0,55,0.0000000000,0.0,0 / 55,1,0.0181818182,1.8,-9.0000,NULL,46,0,0.0000000000,9,0,0.0000000000,55,0,0.0000000000,0,0.0000000000,10300.44,11045.91,1,1,50_99,393,0.0780768749,0.07638571932468,0.0356083086,0.0666666667,0.1016949153,0.1428571429,0.1752577320,0,0,0,0,0,1,NULL,standard_terms,at_or_below_peer_bar
cc63f0dd2acba93ffed4fe9f8e0321fa,SP,sao jose do rio preto,55,0,55,0.0000000000,0.0,0 / 55,0,0.0000000000,0.0,-9.0000,NULL,0,0,NULL,55,0,0.0000000000,55,0,0.0000000000,0,0.0000000000,7096.71,8496.68,0,1,50_99,393,0.0780768749,0.07638571932468,0.0356083086,0.0666666667,0.1016949153,0.1428571429,0.1752577320,0,0,0,0,0,1,NULL,standard_terms,at_or_below_peer_bar
8c16d1f32a54d92897cc437244442e1b,SC,blumenau,53,0,53,0.0000000000,0.0,0 / 53,0,0.0000000000,0.0,-14.0000,NULL,44,0,0.0000000000,9,0,0.0000000000,53,0,0.0000000000,0,0.0000000000,2812.34,3801.70,0,1,50_99,393,0.0780768749,0.07638571932468,0.0356083086,0.0666666667,0.1016949153,0.1428571429,0.1752577320,0,0,0,0,0,1,NULL,standard_terms,at_or_below_peer_bar
b1a81260566c1bac3114a6d124413f27,RS,carazinho,51,0,51,0.0000000000,0.0,0 / 51,1,0.0196078431,2.0,-14.0000,NULL,10,0,0.0000000000,41,0,0.0000000000,49,0,0.0000000000,2,0.0392156863,8684.69,10250.20,3,1,50_99,393,0.0780768749,0.07638571932468,0.0356083086,0.0666666667,0.1016949153,0.1428571429,0.1752577320,0,0,0,0,0,1,NULL,standard_terms,at_or_below_peer_bar
8ae520247981aa06bc94abddf5f46d34,SC,navegantes,50,0,50,0.0000000000,0.0,0 / 50,1,0.0200000000,2.0,-16.0000,NULL,25,0,0.0000000000,25,0,0.0000000000,50,0,0.0000000000,0,0.0000000000,11602.00,12787.93,3,1,50_99,393,0.0780768749,0.07638571932468,0.0356083086,0.0666666667,0.1016949153,0.1428571429,0.1752577320,0,0,0,0,0,1,NULL,standard_terms,at_or_below_peer_bar
d57e18d5f73c7ccb7f7339b61166898d,SP,sao paulo,47,0,47,0.0000000000,0.0,0 / 47,1,0.0212765957,2.1,-11.0000,NULL,33,0,0.0000000000,14,0,0.0000000000,47,0,0.0000000000,0,0.0000000000,2446.10,3180.66,0,1,30_49,393,0.0780768749,0.07638571932468,0.0356083086,0.0666666667,0.1016949153,0.1428571429,0.1752577320,0,0,0,0,0,1,NULL,standard_terms,at_or_below_peer_bar
81f89e42267213cb94da7ddc301651da,SP,presidente prudente,46,0,46,0.0000000000,0.0,0 / 46,0,0.0000000000,0.0,-8.0000,NULL,0,0,NULL,46,0,0.0000000000,45,0,0.0000000000,1,0.0217391304,3955.00,4721.18,0,1,30_49,393,0.0780768749,0.07638571932468,0.0356083086,0.0666666667,0.1016949153,0.1428571429,0.1752577320,0,0,0,0,0,1,NULL,standard_terms,at_or_below_peer_bar
6b90f847357d8981edd79a1eb1bf0acb,SP,guarulhos,45,0,45,0.0000000000,0.0,0 / 45,2,0.0444444444,4.4,-9.0000,NULL,0,0,NULL,45,0,0.0000000000,45,0,0.0000000000,0,0.0000000000,3322.08,4059.73,0,1,30_49,393,0.0780768749,0.07638571932468,0.0356083086,0.0666666667,0.1016949153,0.1428571429,0.1752577320,0,0,0,0,0,1,NULL,standard_terms,at_or_below_peer_bar
98dac6635aee4995d501a3972e047414,SP,sao paulo,45,0,45,0.0000000000,0.0,0 / 45,2,0.0444444444,4.4,-11.0000,NULL,25,0,0.0000000000,20,0,0.0000000000,42,0,0.0000000000,3,0.0666666667,1790.85,3007.99,0,1,30_49,393,0.0780768749,0.07638571932468,0.0356083086,0.0666666667,0.1016949153,0.1428571429,0.1752577320,0,0,0,0,0,1,NULL,standard_terms,at_or_below_peer_bar
acce39e832338debb07b02385cde5967,MG,contagem,44,0,44,0.0000000000,0.0,0 / 44,0,0.0000000000,0.0,-8.0000,NULL,0,0,NULL,44,0,0.0000000000,43,0,0.0000000000,1,0.0227272727,4748.10,5923.66,0,1,30_49,393,0.0780768749,0.07638571932468,0.0356083086,0.0666666667,0.1016949153,0.1428571429,0.1752577320,0,0,0,0,0,1,NULL,standard_terms,at_or_below_peer_bar
b410bdd36d5db7a65dcd42b7ead933b8,GO,goiania,42,0,42,0.0000000000,0.0,0 / 42,1,0.0238095238,2.4,-13.0000,NULL,11,0,0.0000000000,31,0,0.0000000000,42,0,0.0000000000,0,0.0000000000,7368.90,8319.71,0,1,30_49,393,0.0780768749,0.07638571932468,0.0356083086,0.0666666667,0.1016949153,0.1428571429,0.1752577320,0,0,0,0,0,1,NULL,standard_terms,at_or_below_peer_bar
76d64c4aca3a7baf218bf93ef7fa768d,PR,curitiba,37,0,37,0.0000000000,0.0,0 / 37,0,0.0000000000,0.0,-16.0000,NULL,18,0,0.0000000000,19,0,0.0000000000,35,0,0.0000000000,2,0.0540540541,9500.90,11294.42,0,1,30_49,393,0.0780768749,0.07638571932468,0.0356083086,0.0666666667,0.1016949153,0.1428571429,0.1752577320,0,0,0,0,0,1,NULL,standard_terms,at_or_below_peer_bar
31561f325664a8a7aba4c8d0c3a9b3db,SP,sao paulo,36,0,36,0.0000000000,0.0,0 / 36,1,0.0277777778,2.8,-9.0000,NULL,0,0,NULL,36,0,0.0000000000,35,0,0.0000000000,1,0.0277777778,2702.19,3329.36,1,1,30_49,393,0.0780768749,0.07638571932468,0.0356083086,0.0666666667,0.1016949153,0.1428571429,0.1752577320,0,0,0,0,0,1,NULL,standard_terms,at_or_below_peer_bar
65febd49fd28ec955651299159b1f527,SP,sao paulo,33,0,33,0.0000000000,0.0,0 / 33,2,0.0606060606,6.1,-11.0000,NULL,4,0,0.0000000000,29,0,0.0000000000,33,0,0.0000000000,0,0.0000000000,4136.71,5085.38,0,1,30_49,393,0.0780768749,0.07638571932468,0.0356083086,0.0666666667,0.1016949153,0.1428571429,0.1752577320,0,0,0,0,0,1,NULL,standard_terms,at_or_below_peer_bar
f214d28e8d8e3ef068748498ccc2f813,SP,sao paulo,32,0,32,0.0000000000,0.0,0 / 32,0,0.0000000000,0.0,-14.5000,NULL,11,0,0.0000000000,21,0,0.0000000000,31,0,0.0000000000,1,0.0312500000,1394.64,1901.49,0,1,30_49,393,0.0780768749,0.07638571932468,0.0356083086,0.0666666667,0.1016949153,0.1428571429,0.1752577320,0,0,0,0,0,1,NULL,standard_terms,at_or_below_peer_bar
f3b80352b986ab4d1057a4b724be19d0,DF,brasilia,32,0,32,0.0000000000,0.0,0 / 32,0,0.0000000000,0.0,-12.5000,NULL,12,0,0.0000000000,20,0,0.0000000000,32,0,0.0000000000,0,0.0000000000,4770.00,5776.49,0,1,30_49,393,0.0780768749,0.07638571932468,0.0356083086,0.0666666667,0.1016949153,0.1428571429,0.1752577320,0,0,0,0,0,1,NULL,standard_terms,at_or_below_peer_bar
fad44952713764836814be105382aee5,RJ,rio de janeiro,32,0,32,0.0000000000,0.0,0 / 32,1,0.0312500000,3.1,-11.0000,NULL,13,0,0.0000000000,19,0,0.0000000000,31,0,0.0000000000,1,0.0312500000,5129.00,5636.88,0,1,30_49,393,0.0780768749,0.07638571932468,0.0356083086,0.0666666667,0.1016949153,0.1428571429,0.1752577320,0,0,0,0,0,1,NULL,standard_terms,at_or_below_peer_bar
b372ee768ed69e46ca8cdbd267aa7a38,SP,sao jose do rio preto,30,0,30,0.0000000000,0.0,0 / 30,0,0.0000000000,0.0,-21.5000,NULL,17,0,0.0000000000,13,0,0.0000000000,30,0,0.0000000000,0,0.0000000000,6365.00,6958.88,0,1,30_49,393,0.0780768749,0.07638571932468,0.0356083086,0.0666666667,0.1016949153,0.1428571429,0.1752577320,0,0,0,0,0,1,NULL,standard_terms,at_or_below_peer_bar
14a08204d03bb6b6bde8029f801ae0eb,SP,sao paulo,28,0,28,0.0000000000,0.0,0 / 28,0,0.0000000000,0.0,-13.0000,NULL,3,0,0.0000000000,25,0,0.0000000000,27,0,0.0000000000,1,0.0357142857,2185.40,2779.10,1,0,below_floor,393,0.0780768749,0.07638571932468,0.0356083086,0.0666666667,0.1016949153,0.1428571429,0.1752577320,0,0,0,0,0,1,NULL,standard_terms,usable_n_lt_30
960945e1a9535cbc0cd6ddd35fbe7ae8,SP,sao paulo,28,0,28,0.0000000000,0.0,0 / 28,0,0.0000000000,0.0,-10.0000,NULL,0,0,NULL,28,0,0.0000000000,27,0,0.0000000000,1,0.0357142857,3381.73,3861.53,0,0,below_floor,393,0.0780768749,0.07638571932468,0.0356083086,0.0666666667,0.1016949153,0.1428571429,0.1752577320,0,0,0,0,0,1,NULL,standard_terms,usable_n_lt_30
b90e891671cffd9557f33a97dc523645,PR,sao jose dos pinhais,28,0,28,0.0000000000,0.0,0 / 28,0,0.0000000000,0.0,-15.5000,NULL,14,0,0.0000000000,14,0,0.0000000000,27,0,0.0000000000,1,0.0357142857,3653.00,4180.39,0,0,below_floor,393,0.0780768749,0.07638571932468,0.0356083086,0.0666666667,0.1016949153,0.1428571429,0.1752577320,0,0,0,0,0,1,NULL,standard_terms,usable_n_lt_30
bf00385a5f7fc1ef39a13c2e9ee50a5f,SP,sao paulo,28,0,28,0.0000000000,0.0,0 / 28,0,0.0000000000,0.0,-9.0000,NULL,0,0,NULL,28,0,0.0000000000,28,0,0.0000000000,0,0.0000000000,855.40,1189.25,0,0,below_floor,393,0.0780768749,0.07638571932468,0.0356083086,0.0666666667,0.1016949153,0.1428571429,0.1752577320,0,0,0,0,0,1,NULL,standard_terms,usable_n_lt_30
54965bbe3e4f07ae045b90b0b8541f52,PR,foz do iguacu,27,0,27,0.0000000000,0.0,0 / 27,0,0.0000000000,0.0,-25.0000,NULL,0,0,NULL,27,0,0.0000000000,27,0,0.0000000000,0,0.0000000000,3159.50,3929.73,0,0,below_floor,393,0.0780768749,0.07638571932468,0.0356083086,0.0666666667,0.1016949153,0.1428571429,0.1752577320,0,0,0,0,0,1,NULL,standard_terms,usable_n_lt_30
671585f5a2af58b6e276bc01003c0d2b,PR,curitiba,27,0,27,0.0000000000,0.0,0 / 27,0,0.0000000000,0.0,-11.0000,NULL,0,0,NULL,27,0,0.0000000000,27,0,0.0000000000,0,0.0000000000,1244.00,1692.11,0,0,below_floor,393,0.0780768749,0.07638571932468,0.0356083086,0.0666666667,0.1016949153,0.1428571429,0.1752577320,0,0,0,0,0,1,NULL,standard_terms,usable_n_lt_30
751bdc4d83a466c7206cd42e8f426b03,SP,ribeirao pires,27,0,27,0.0000000000,0.0,0 / 27,0,0.0000000000,0.0,-13.0000,NULL,18,0,0.0000000000,9,0,0.0000000000,26,0,0.0000000000,1,0.0370370370,3227.37,3737.19,0,0,below_floor,393,0.0780768749,0.07638571932468,0.0356083086,0.0666666667,0.1016949153,0.1428571429,0.1752577320,0,0,0,0,0,1,NULL,standard_terms,usable_n_lt_30
cac876b37d3abcd6bd76caca30277996,PR,cascavel,27,0,27,0.0000000000,0.0,0 / 27,1,0.0370370370,3.7,-15.0000,NULL,13,0,0.0000000000,14,0,0.0000000000,26,0,0.0000000000,1,0.0370370370,2229.77,2958.79,0,0,below_floor,393,0.0780768749,0.07638571932468,0.0356083086,0.0666666667,0.1016949153,0.1428571429,0.1752577320,0,0,0,0,0,1,NULL,standard_terms,usable_n_lt_30
0885aaf116795758dfeb5f1032487bcd,SP,ferraz de vasconcelos,26,0,26,0.0000000000,0.0,0 / 26,1,0.0384615385,3.8,-11.5000,NULL,10,0,0.0000000000,16,0,0.0000000000,22,0,0.0000000000,4,0.1538461538,2448.20,2932.62,0,0,below_floor,393,0.0780768749,0.07638571932468,0.0356083086,0.0666666667,0.1016949153,0.1428571429,0.1752577320,0,0,0,0,0,1,NULL,standard_terms,usable_n_lt_30
229c3efbfb0ea2058de4ccdfbc3d784a,MG,belo horizonte,26,0,26,0.0000000000,0.0,0 / 26,0,0.0000000000,0.0,-12.5000,NULL,19,0,0.0000000000,7,0,0.0000000000,26,0,0.0000000000,0,0.0000000000,4135.00,4756.75,0,0,below_floor,393,0.0780768749,0.07638571932468,0.0356083086,0.0666666667,0.1016949153,0.1428571429,0.1752577320,0,0,0,0,0,1,NULL,standard_terms,usable_n_lt_30
381c83fdca332ea6afd896da20bf6e4a,PR,curitiba,26,0,26,0.0000000000,0.0,0 / 26,0,0.0000000000,0.0,-15.5000,NULL,15,0,0.0000000000,11,0,0.0000000000,26,0,0.0000000000,0,0.0000000000,3968.80,4540.68,0,0,below_floor,393,0.0780768749,0.07638571932468,0.0356083086,0.0666666667,0.1016949153,0.1428571429,0.1752577320,0,0,0,0,0,1,NULL,standard_terms,usable_n_lt_30
7a241947449cc45dbfda4f9d0798d9d0,MG,jacutinga,26,0,26,0.0000000000,0.0,0 / 26,0,0.0000000000,0.0,-16.5000,NULL,12,0,0.0000000000,14,0,0.0000000000,26,0,0.0000000000,0,0.0000000000,4237.00,5331.81,0,0,below_floor,393,0.0780768749,0.07638571932468,0.0356083086,0.0666666667,0.1016949153,0.1428571429,0.1752577320,0,0,0,0,0,1,NULL,standard_terms,usable_n_lt_30
7ade73f1b9b4e965f9009a4c3a7e2c15,SP,bauru,26,0,26,0.0000000000,0.0,0 / 26,0,0.0000000000,0.0,-13.0000,NULL,6,0,0.0000000000,20,0,0.0000000000,25,0,0.0000000000,1,0.0384615385,1835.30,2274.75,0,0,below_floor,393,0.0780768749,0.07638571932468,0.0356083086,0.0666666667,0.1016949153,0.1428571429,0.1752577320,0,0,0,0,0,1,NULL,standard_terms,usable_n_lt_30
974cf2cb8f4b7add98709c30df02fe10,SP,araraquara,26,0,26,0.0000000000,0.0,0 / 26,0,0.0000000000,0.0,-15.0000,NULL,15,0,0.0000000000,11,0,0.0000000000,26,0,0.0000000000,0,0.0000000000,2357.74,2784.92,1,0,below_floor,393,0.0780768749,0.07638571932468,0.0356083086,0.0666666667,0.1016949153,0.1428571429,0.1752577320,0,0,0,0,0,1,NULL,standard_terms,usable_n_lt_30
25e6ffe976bd75618accfe16cefcbd0d,SP,sao paulo,25,0,25,0.0000000000,0.0,0 / 25,1,0.0400000000,4.0,-12.0000,NULL,17,0,0.0000000000,8,0,0.0000000000,24,0,0.0000000000,1,0.0400000000,1853.55,2259.78,0,0,below_floor,393,0.0780768749,0.07638571932468,0.0356083086,0.0666666667,0.1016949153,0.1428571429,0.1752577320,0,0,0,0,0,1,NULL,standard_terms,usable_n_lt_30
5cbbd5a299cab112b7bf23862255e43e,PR,pinhais,25,0,25,0.0000000000,0.0,0 / 25,0,0.0000000000,0.0,-14.0000,NULL,8,0,0.0000000000,17,0,0.0000000000,23,0,0.0000000000,2,0.0800000000,2090.26,2547.89,0,0,below_floor,393,0.0780768749,0.07638571932468,0.0356083086,0.0666666667,0.1016949153,0.1428571429,0.1752577320,0,0,0,0,0,1,NULL,standard_terms,usable_n_lt_30
813348c996469b40f2e028d5429d3495,SP,jundiai,25,0,25,0.0000000000,0.0,0 / 25,0,0.0000000000,0.0,-14.0000,NULL,25,0,0.0000000000,0,0,NULL,25,0,0.0000000000,0,0.0000000000,1421.60,1956.10,0,0,below_floor,393,0.0780768749,0.07638571932468,0.0356083086,0.0666666667,0.1016949153,0.1428571429,0.1752577320,0,0,0,0,0,1,NULL,standard_terms,usable_n_lt_30
b92e3c8f9738272ff7c59e111e108d7c,MG,uba,25,0,25,0.0000000000,0.0,0 / 25,0,0.0000000000,0.0,-42.0000,NULL,11,0,0.0000000000,14,0,0.0000000000,23,0,0.0000000000,2,0.0800000000,3591.00,4883.65,0,0,below_floor,393,0.0780768749,0.07638571932468,0.0356083086,0.0666666667,0.1016949153,0.1428571429,0.1752577320,0,0,0,0,0,1,NULL,standard_terms,usable_n_lt_30
57e632711dec9ec14ca7546769483e7e,SC,navegantes,24,0,24,0.0000000000,0.0,0 / 24,0,0.0000000000,0.0,-18.5000,NULL,14,0,0.0000000000,10,0,0.0000000000,23,0,0.0000000000,1,0.0416666667,2470.76,2969.40,0,0,below_floor,393,0.0780768749,0.07638571932468,0.0356083086,0.0666666667,0.1016949153,0.1428571429,0.1752577320,0,0,0,0,0,1,NULL,standard_terms,usable_n_lt_30
42ef3192a9ff87a22d1867b74b3ee205,SP,santo andre,23,0,23,0.0000000000,0.0,0 / 23,0,0.0000000000,0.0,-10.0000,NULL,16,0,0.0000000000,7,0,0.0000000000,23,0,0.0000000000,0,0.0000000000,1354.09,1655.97,0,0,below_floor,393,0.0780768749,0.07638571932468,0.0356083086,0.0666666667,0.1016949153,0.1428571429,0.1752577320,0,0,0,0,0,1,NULL,standard_terms,usable_n_lt_30
42fa4ee7240e9b8eb4576358ec142ba7,RS,caxias do sul,22,0,22,0.0000000000,0.0,0 / 22,0,0.0000000000,0.0,-15.5000,NULL,13,0,0.0000000000,9,0,0.0000000000,21,0,0.0000000000,1,0.0454545455,3845.70,4364.47,0,0,below_floor,393,0.0780768749,0.07638571932468,0.0356083086,0.0666666667,0.1016949153,0.1428571429,0.1752577320,0,0,0,0,0,1,NULL,standard_terms,usable_n_lt_30
582d4f8675b945722eda7c0cb61ba4c7,SP,bertioga,22,0,22,0.0000000000,0.0,0 / 22,0,0.0000000000,0.0,-14.5000,NULL,16,0,0.0000000000,6,0,0.0000000000,18,0,0.0000000000,4,0.1818181818,1997.80,2381.30,0,0,below_floor,393,0.0780768749,0.07638571932468,0.0356083086,0.0666666667,0.1016949153,0.1428571429,0.1752577320,0,0,0,0,0,1,NULL,standard_terms,usable_n_lt_30
5f1dc28029d2c244352a68107ec2b542,SP,sao paulo,22,0,22,0.0000000000,0.0,0 / 22,0,0.0000000000,0.0,-18.0000,NULL,14,0,0.0000000000,8,0,0.0000000000,21,0,0.0000000000,1,0.0454545455,766.20,1121.08,0,0,below_floor,393,0.0780768749,0.07638571932468,0.0356083086,0.0666666667,0.1016949153,0.1428571429,0.1752577320,0,0,0,0,0,1,NULL,standard_terms,usable_n_lt_30
bccf933e006e9b94a6184af782963e77,SP,assis,22,0,22,0.0000000000,0.0,0 / 22,0,0.0000000000,0.0,-15.5000,NULL,16,0,0.0000000000,6,0,0.0000000000,22,0,0.0000000000,0,0.0000000000,2315.50,2774.56,0,0,below_floor,393,0.0780768749,0.07638571932468,0.0356083086,0.0666666667,0.1016949153,0.1428571429,0.1752577320,0,0,0,0,0,1,NULL,standard_terms,usable_n_lt_30
bd4889b5e9133b35b66e42a8665cea5c,SP,sao paulo,22,0,22,0.0000000000,0.0,0 / 22,0,0.0000000000,0.0,-8.0000,NULL,11,0,0.0000000000,11,0,0.0000000000,22,0,0.0000000000,0,0.0000000000,4136.90,4759.06,1,0,below_floor,393,0.0780768749,0.07638571932468,0.0356083086,0.0666666667,0.1016949153,0.1428571429,0.1752577320,0,0,0,0,0,1,NULL,standard_terms,usable_n_lt_30
d8c7ba53e7e38711eaef8c2849d6d2e1,PR,floresta,22,0,22,0.0000000000,0.0,0 / 22,0,0.0000000000,0.0,-17.5000,NULL,0,0,NULL,22,0,0.0000000000,21,0,0.0000000000,1,0.0454545455,1190.87,1788.34,0,0,below_floor,393,0.0780768749,0.07638571932468,0.0356083086,0.0666666667,0.1016949153,0.1428571429,0.1752577320,0,0,0,0,0,1,NULL,standard_terms,usable_n_lt_30
845e8036c3f7bf62099352f5ed910240,RJ,rio de janeiro,21,0,21,0.0000000000,0.0,0 / 21,0,0.0000000000,0.0,-14.0000,NULL,0,0,NULL,21,0,0.0000000000,17,0,0.0000000000,4,0.1904761905,1584.60,2045.24,0,0,below_floor,393,0.0780768749,0.07638571932468,0.0356083086,0.0666666667,0.1016949153,0.1428571429,0.1752577320,0,0,0,0,0,1,NULL,standard_terms,usable_n_lt_30
8b2492b7ff4468839593fafeed55bad9,RJ,sao goncalo,21,0,21,0.0000000000,0.0,0 / 21,0,0.0000000000,0.0,-12.0000,NULL,13,0,0.0000000000,8,0,0.0000000000,21,0,0.0000000000,0,0.0000000000,2736.82,3261.68,0,0,below_floor,393,0.0780768749,0.07638571932468,0.0356083086,0.0666666667,0.1016949153,0.1428571429,0.1752577320,0,0,0,0,0,1,NULL,standard_terms,usable_n_lt_30
c72de06d72748d1a0dfb2125be43ba63,BA,guanambi,21,0,21,0.0000000000,0.0,0 / 21,0,0.0000000000,0.0,-21.0000,NULL,0,0,NULL,21,0,0.0000000000,21,0,0.0000000000,0,0.0000000000,17522.00,18733.18,0,0,below_floor,393,0.0780768749,0.07638571932468,0.0356083086,0.0666666667,0.1016949153,0.1428571429,0.1752577320,0,0,0,0,0,1,NULL,standard_terms,usable_n_lt_30
40d54b51e962dbe09cabbcfd33298dee,SP,santo andre,20,0,20,0.0000000000,0.0,0 / 20,0,0.0000000000,0.0,-12.0000,NULL,14,0,0.0000000000,6,0,0.0000000000,19,0,0.0000000000,1,0.0500000000,4128.77,4389.28,0,0,below_floor,393,0.0780768749,0.07638571932468,0.0356083086,0.0666666667,0.1016949153,0.1428571429,0.1752577320,0,0,0,0,0,1,NULL,standard_terms,usable_n_lt_30
725c32fa80c2faacc4fc88450d27314e,SP,sao paulo,20,0,20,0.0000000000,0.0,0 / 20,0,0.0000000000,0.0,-8.5000,NULL,11,0,0.0000000000,9,0,0.0000000000,20,0,0.0000000000,0,0.0000000000,1775.55,2026.16,0,0,below_floor,393,0.0780768749,0.07638571932468,0.0356083086,0.0666666667,0.1016949153,0.1428571429,0.1752577320,0,0,0,0,0,1,NULL,standard_terms,usable_n_lt_30
cb8bcce248bb1fb274ba762d8b971456,MG,santa rita do sapucai,20,0,20,0.0000000000,0.0,0 / 20,0,0.0000000000,0.0,-12.0000,NULL,13,0,0.0000000000,7,0,0.0000000000,20,0,0.0000000000,0,0.0000000000,2703.10,3067.34,0,0,below_floor,393,0.0780768749,0.07638571932468,0.0356083086,0.0666666667,0.1016949153,0.1428571429,0.1752577320,0,0,0,0,0,1,NULL,standard_terms,usable_n_lt_30
e9511df20ccd82658a30c37b7fb343af,SP,bauru,20,0,20,0.0000000000,0.0,0 / 20,0,0.0000000000,0.0,-14.5000,NULL,8,0,0.0000000000,12,0,0.0000000000,20,0,0.0000000000,0,0.0000000000,1812.20,2482.86,0,0,below_floor,393,0.0780768749,0.07638571932468,0.0356083086,0.0666666667,0.1016949153,0.1428571429,0.1752577320,0,0,0,0,0,1,NULL,standard_terms,usable_n_lt_30
094ced053e257ae8cae57205592d6712,SP,ribeirao preto,19,0,19,0.0000000000,0.0,0 / 19,0,0.0000000000,0.0,-17.0000,NULL,5,0,0.0000000000,14,0,0.0000000000,18,0,0.0000000000,1,0.0526315789,1519.20,1978.23,0,0,below_floor,393,0.0780768749,0.07638571932468,0.0356083086,0.0666666667,0.1016949153,0.1428571429,0.1752577320,0,0,0,0,0,1,NULL,standard_terms,usable_n_lt_30
0d33a55da925bbf1ff02af5f6059fc7f,SP,sao paulo,19,0,19,0.0000000000,0.0,0 / 19,0,0.0000000000,0.0,-9.0000,NULL,10,0,0.0000000000,9,0,0.0000000000,17,0,0.0000000000,2,0.1052631579,514.60,867.67,1,0,below_floor,393,0.0780768749,0.07638571932468,0.0356083086,0.0666666667,0.1016949153,0.1428571429,0.1752577320,0,0,0,0,0,1,NULL,standard_terms,usable_n_lt_30
3785b653b1b82de85ab47dd139938091,PR,ampere,19,0,19,0.0000000000,0.0,0 / 19,0,0.0000000000,0.0,-19.0000,NULL,14,0,0.0000000000,5,0,0.0000000000,18,0,0.0000000000,1,0.0526315789,1437.20,1884.34,0,0,below_floor,393,0.0780768749,0.07638571932468,0.0356083086,0.0666666667,0.1016949153,0.1428571429,0.1752577320,0,0,0,0,0,1,NULL,standard_terms,usable_n_lt_30
52f9db5cfb423382a2fa5c9e39303202,SP,echapora,19,0,19,0.0000000000,0.0,0 / 19,0,0.0000000000,0.0,-14.0000,NULL,12,0,0.0000000000,7,0,0.0000000000,19,0,0.0000000000,0,0.0000000000,1098.80,1417.46,0,0,below_floor,393,0.0780768749,0.07638571932468,0.0356083086,0.0666666667,0.1016949153,0.1428571429,0.1752577320,0,0,0,0,0,1,NULL,standard_terms,usable_n_lt_30
8ed8ea9a57c862f2c18c2fe41f601d56,SC,blumenau,19,0,19,0.0000000000,0.0,0 / 19,0,0.0000000000,0.0,-15.0000,NULL,6,0,0.0000000000,13,0,0.0000000000,19,0,0.0000000000,0,0.0000000000,3831.90,4562.97,0,0,below_floor,393,0.0780768749,0.07638571932468,0.0356083086,0.0666666667,0.1016949153,0.1428571429,0.1752577320,0,0,0,0,0,1,NULL,standard_terms,usable_n_lt_30
a2e874074c877c5a05abae80ad6e488f,SP,sao jose do rio preto,19,0,19,0.0000000000,0.0,0 / 19,0,0.0000000000,0.0,-14.0000,NULL,6,0,0.0000000000,13,0,0.0000000000,19,0,0.0000000000,0,0.0000000000,4131.11,4758.33,0,0,below_floor,393,0.0780768749,0.07638571932468,0.0356083086,0.0666666667,0.1016949153,0.1428571429,0.1752577320,0,0,0,0,0,1,NULL,standard_terms,usable_n_lt_30
b494891378bd8f4560abe576c52deacd,SP,sao paulo,19,0,19,0.0000000000,0.0,0 / 19,1,0.0526315789,5.3,-6.0000,NULL,0,0,NULL,19,0,0.0000000000,19,0,0.0000000000,0,0.0000000000,2839.00,3134.98,0,0,below_floor,393,0.0780768749,0.07638571932468,0.0356083086,0.0666666667,0.1016949153,0.1428571429,0.1752577320,0,0,0,0,0,1,NULL,standard_terms,usable_n_lt_30
d12c926d74ceff0a90a21184466ce161,SP,sao paulo,19,0,19,0.0000000000,0.0,0 / 19,0,0.0000000000,0.0,-11.0000,NULL,15,0,0.0000000000,4,0,0.0000000000,18,0,0.0000000000,1,0.0526315789,910.50,1192.59,0,0,below_floor,393,0.0780768749,0.07638571932468,0.0356083086,0.0666666667,0.1016949153,0.1428571429,0.1752577320,0,0,0,0,0,1,NULL,standard_terms,usable_n_lt_30
05ff92fedb5be47920fea08e501238b9,RS,santo angelo,18,0,18,0.0000000000,0.0,0 / 18,1,0.0555555556,5.6,-17.0000,NULL,10,0,0.0000000000,8,0,0.0000000000,18,0,0.0000000000,0,0.0000000000,7882.44,8534.53,0,0,below_floor,393,0.0780768749,0.07638571932468,0.0356083086,0.0666666667,0.1016949153,0.1428571429,0.1752577320,0,0,0,0,0,1,NULL,standard_terms,usable_n_lt_30
3bb548e3cb7f70f28e3f11ee9dce0e59,PR,maringa,18,0,18,0.0000000000,0.0,0 / 18,0,0.0000000000,0.0,-22.0000,NULL,6,0,0.0000000000,12,0,0.0000000000,17,0,0.0000000000,1,0.0555555556,2484.25,2895.75,0,0,below_floor,393,0.0780768749,0.07638571932468,0.0356083086,0.0666666667,0.1016949153,0.1428571429,0.1752577320,0,0,0,0,0,1,NULL,standard_terms,usable_n_lt_30
3c4e0452bff7a2a788179488d3d77032,PR,colombo,18,0,18,0.0000000000,0.0,0 / 18,0,0.0000000000,0.0,-16.0000,NULL,18,0,0.0000000000,0,0,NULL,18,0,0.0000000000,0,0.0000000000,2068.90,2410.70,0,0,below_floor,393,0.0780768749,0.07638571932468,0.0356083086,0.0666666667,0.1016949153,0.1428571429,0.1752577320,0,0,0,0,0,1,NULL,standard_terms,usable_n_lt_30
4978a02ea9c8be7a9b5480680f40334e,SP,sao paulo,18,0,18,0.0000000000,0.0,0 / 18,0,0.0000000000,0.0,-7.5000,NULL,7,0,0.0000000000,11,0,0.0000000000,17,0,0.0000000000,1,0.0555555556,2356.61,2696.84,0,0,below_floor,393,0.0780768749,0.07638571932468,0.0356083086,0.0666666667,0.1016949153,0.1428571429,0.1752577320,0,0,0,0,0,1,NULL,standard_terms,usable_n_lt_30
4b0fdb526525f9890eb145bf1534640e,SP,ibitinga,18,0,18,0.0000000000,0.0,0 / 18,0,0.0000000000,0.0,-7.5000,NULL,5,0,0.0000000000,13,0,0.0000000000,17,0,0.0000000000,1,0.0555555556,2419.00,2954.21,0,0,below_floor,393,0.0780768749,0.07638571932468,0.0356083086,0.0666666667,0.1016949153,0.1428571429,0.1752577320,0,0,0,0,0,1,NULL,standard_terms,usable_n_lt_30
5c853bb56f70f4d14218944bae111d7a,SP,cotia,18,0,18,0.0000000000,0.0,0 / 18,0,0.0000000000,0.0,-8.0000,NULL,0,0,NULL,18,0,0.0000000000,17,0,0.0000000000,1,0.0555555556,216.33,417.60,0,0,below_floor,393,0.0780768749,0.07638571932468,0.0356083086,0.0666666667,0.1016949153,0.1428571429,0.1752577320,0,0,0,0,0,1,NULL,standard_terms,usable_n_lt_30
77e4abfd739aed9c46480f90f81c0eb4,DF,brasilia,18,0,18,0.0000000000,0.0,0 / 18,0,0.0000000000,0.0,-14.5000,NULL,8,0,0.0000000000,10,0,0.0000000000,17,0,0.0000000000,1,0.0555555556,3736.99,4092.21,0,0,below_floor,393,0.0780768749,0.07638571932468,0.0356083086,0.0666666667,0.1016949153,0.1428571429,0.1752577320,0,0,0,0,0,1,NULL,standard_terms,usable_n_lt_30
bba74270a87732727b5a3b4fd9ac1c39,MG,betim,18,0,18,0.0000000000,0.0,0 / 18,0,0.0000000000,0.0,-15.0000,NULL,17,0,0.0000000000,1,0,0.0000000000,18,0,0.0000000000,0,0.0000000000,2335.78,2757.80,0,0,below_floor,393,0.0780768749,0.07638571932468,0.0356083086,0.0666666667,0.1016949153,0.1428571429,0.1752577320,0,0,0,0,0,1,NULL,standard_terms,usable_n_lt_30
dfc475d54e1b6dbeeb7d7d9bdaa63827,PR,curitiba,18,0,18,0.0000000000,0.0,0 / 18,1,0.0555555556,5.6,-13.0000,NULL,5,0,0.0000000000,13,0,0.0000000000,17,0,0.0000000000,1,0.0555555556,1708.37,2122.13,1,0,below_floor,393,0.0780768749,0.07638571932468,0.0356083086,0.0666666667,0.1016949153,0.1428571429,0.1752577320,0,0,0,0,0,1,NULL,standard_terms,usable_n_lt_30
fa1a9dec3a9940c072684a46728bf1fc,SC,icara,18,0,18,0.0000000000,0.0,0 / 18,0,0.0000000000,0.0,-18.0000,NULL,10,0,0.0000000000,8,0,0.0000000000,17,0,0.0000000000,1,0.0555555556,2592.00,3070.93,0,0,below_floor,393,0.0780768749,0.07638571932468,0.0356083086,0.0666666667,0.1016949153,0.1428571429,0.1752577320,0,0,0,0,0,1,NULL,standard_terms,usable_n_lt_30
2b3e4a2a3ea8e01938cabda2a3e5cc79,SP,sao paulo,17,0,17,0.0000000000,0.0,0 / 17,0,0.0000000000,0.0,-11.0000,NULL,7,0,0.0000000000,10,0,0.0000000000,17,0,0.0000000000,0,0.0000000000,6317.82,6625.75,0,0,below_floor,393,0.0780768749,0.07638571932468,0.0356083086,0.0666666667,0.1016949153,0.1428571429,0.1752577320,0,0,0,0,0,1,NULL,standard_terms,usable_n_lt_30
30a81d8cf85fb2ada1b1b094c9583a95,SP,sao paulo,17,0,17,0.0000000000,0.0,0 / 17,0,0.0000000000,0.0,-8.0000,NULL,5,0,0.0000000000,12,0,0.0000000000,17,0,0.0000000000,0,0.0000000000,1245.42,1413.52,0,0,below_floor,393,0.0780768749,0.07638571932468,0.0356083086,0.0666666667,0.1016949153,0.1428571429,0.1752577320,0,0,0,0,0,1,NULL,standard_terms,usable_n_lt_30
4da0e408c99d2fdc2126dc9fce518060,PR,cornelio procopio,17,0,17,0.0000000000,0.0,0 / 17,0,0.0000000000,0.0,-18.0000,NULL,9,0,0.0000000000,8,0,0.0000000000,17,0,0.0000000000,0,0.0000000000,1239.00,1639.26,0,0,below_floor,393,0.0780768749,0.07638571932468,0.0356083086,0.0666666667,0.1016949153,0.1428571429,0.1752577320,0,0,0,0,0,1,NULL,standard_terms,usable_n_lt_30
5bc24d989e71e93c33e50a7782431b0e,MG,campo do meio,17,0,17,0.0000000000,0.0,0 / 17,0,0.0000000000,0.0,-17.0000,NULL,0,0,NULL,17,0,0.0000000000,17,0,0.0000000000,0,0.0000000000,3148.00,3736.53,0,0,below_floor,393,0.0780768749,0.07638571932468,0.0356083086,0.0666666667,0.1016949153,0.1428571429,0.1752577320,0,0,0,0,0,1,NULL,standard_terms,usable_n_lt_30
8a2d12a90e92f012ce5226fc6592b653,PR,curitiba,17,0,17,0.0000000000,0.0,0 / 17,0,0.0000000000,0.0,-15.0000,NULL,9,0,0.0000000000,8,0,0.0000000000,16,0,0.0000000000,1,0.0588235294,1564.75,1888.61,0,0,below_floor,393,0.0780768749,0.07638571932468,0.0356083086,0.0666666667,0.1016949153,0.1428571429,0.1752577320,0,0,0,0,0,1,NULL,standard_terms,usable_n_lt_30
916c9de0b5ad957346eeeb12f332687e,PR,curitiba,17,0,17,0.0000000000,0.0,0 / 17,0,0.0000000000,0.0,-17.0000,NULL,9,0,0.0000000000,8,0,0.0000000000,17,0,0.0000000000,0,0.0000000000,4266.50,4649.67,0,0,below_floor,393,0.0780768749,0.07638571932468,0.0356083086,0.0666666667,0.1016949153,0.1428571429,0.1752577320,0,0,0,0,0,1,NULL,standard_terms,usable_n_lt_30
b347677812ea483b0f528eaf8cbc09b7,PR,curitiba,17,0,17,0.0000000000,0.0,0 / 17,0,0.0000000000,0.0,-16.0000,NULL,13,0,0.0000000000,4,0,0.0000000000,16,0,0.0000000000,1,0.0588235294,5993.99,6612.92,0,0,below_floor,393,0.0780768749,0.07638571932468,0.0356083086,0.0666666667,0.1016949153,0.1428571429,0.1752577320,0,0,0,0,0,1,NULL,standard_terms,usable_n_lt_30
cda598c48d7c614bc1cad7d8ff6f0010,SP,mirassol,17,0,17,0.0000000000,0.0,0 / 17,0,0.0000000000,0.0,-14.0000,NULL,5,0,0.0000000000,12,0,0.0000000000,16,0,0.0000000000,1,0.0588235294,1118.60,1420.20,0,0,below_floor,393,0.0780768749,0.07638571932468,0.0356083086,0.0666666667,0.1016949153,0.1428571429,0.1752577320,0,0,0,0,0,1,NULL,standard_terms,usable_n_lt_30
d06d019f72a04e5497a0b64190af170c,SP,cotia,17,0,17,0.0000000000,0.0,0 / 17,1,0.0588235294,5.9,-13.0000,NULL,5,0,0.0000000000,12,0,0.0000000000,17,0,0.0000000000,0,0.0000000000,2415.93,2641.44,0,0,below_floor,393,0.0780768749,0.07638571932468,0.0356083086,0.0666666667,0.1016949153,0.1428571429,0.1752577320,0,0,0,0,0,1,NULL,standard_terms,usable_n_lt_30
ffa6adafb71b807dc13159e26431354c,PR,londrina,17,0,17,0.0000000000,0.0,0 / 17,0,0.0000000000,0.0,-12.0000,NULL,8,0,0.0000000000,9,0,0.0000000000,17,0,0.0000000000,0,0.0000000000,2500.90,3017.38,0,0,below_floor,393,0.0780768749,0.07638571932468,0.0356083086,0.0666666667,0.1016949153,0.1428571429,0.1752577320,0,0,0,0,0,1,NULL,standard_terms,usable_n_lt_30
3092c0b297aacfb4bb6e056ebe13b9b8,SP,aruja,16,0,16,0.0000000000,0.0,0 / 16,0,0.0000000000,0.0,-28.0000,NULL,13,0,0.0000000000,3,0,0.0000000000,14,0,0.0000000000,2,0.1250000000,1184.30,1498.28,0,0,below_floor,393,0.0780768749,0.07638571932468,0.0356083086,0.0666666667,0.1016949153,0.1428571429,0.1752577320,0,0,0,0,0,1,NULL,standard_terms,usable_n_lt_30
51e4e89242cbb846c2deff3dc015650e,RS,rio grande,16,0,16,0.0000000000,0.0,0 / 16,0,0.0000000000,0.0,-14.0000,NULL,6,0,0.0000000000,10,0,0.0000000000,16,0,0.0000000000,0,0.0000000000,822.58,1175.75,0,0,below_floor,393,0.0780768749,0.07638571932468,0.0356083086,0.0666666667,0.1016949153,0.1428571429,0.1752577320,0,0,0,0,0,1,NULL,standard_terms,usable_n_lt_30
8daab2245ebdc277c51098d01c5ad8ef,SP,sao paulo,16,0,16,0.0000000000,0.0,0 / 16,1,0.0625000000,6.3,-18.0000,NULL,4,0,0.0000000000,12,0,0.0000000000,16,0,0.0000000000,0,0.0000000000,1604.59,1888.64,0,0,below_floor,393,0.0780768749,0.07638571932468,0.0356083086,0.0666666667,0.1016949153,0.1428571429,0.1752577320,0,0,0,0,0,1,NULL,standard_terms,usable_n_lt_30
aaed1309374718fdd995ee4c58c9dfcd,SC,timbo,16,0,16,0.0000000000,0.0,0 / 16,0,0.0000000000,0.0,-19.0000,NULL,10,0,0.0000000000,6,0,0.0000000000,16,0,0.0000000000,0,0.0000000000,1822.20,2196.99,0,0,below_floor,393,0.0780768749,0.07638571932468,0.0356083086,0.0666666667,0.1016949153,0.1428571429,0.1752577320,0,0,0,0,0,1,NULL,standard_terms,usable_n_lt_30
cc3d14116804f7209f3884f6367f1152,PR,curitiba,16,0,16,0.0000000000,0.0,0 / 16,0,0.0000000000,0.0,-18.5000,NULL,11,0,0.0000000000,5,0,0.0000000000,16,0,0.0000000000,0,0.0000000000,3147.80,3535.39,0,0,below_floor,393,0.0780768749,0.07638571932468,0.0356083086,0.0666666667,0.1016949153,0.1428571429,0.1752577320,0,0,0,0,0,1,NULL,standard_terms,usable_n_lt_30
d4f117125b59ce73c3302f88ee40c458,SP,sao paulo,16,0,16,0.0000000000,0.0,0 / 16,0,0.0000000000,0.0,-13.0000,NULL,10,0,0.0000000000,6,0,0.0000000000,16,0,0.0000000000,0,0.0000000000,750.39,957.93,0,0,below_floor,393,0.0780768749,0.07638571932468,0.0356083086,0.0666666667,0.1016949153,0.1428571429,0.1752577320,0,0,0,0,0,1,NULL,standard_terms,usable_n_lt_30
d66c11a9572221d92fbb8c4897db5f9b,RJ,rio de janeiro,16,0,16,0.0000000000,0.0,0 / 16,0,0.0000000000,0.0,-12.5000,NULL,0,0,NULL,16,0,0.0000000000,16,0,0.0000000000,0,0.0000000000,776.56,1164.38,0,0,below_floor,393,0.0780768749,0.07638571932468,0.0356083086,0.0666666667,0.1016949153,0.1428571429,0.1752577320,0,0,0,0,0,1,NULL,standard_terms,usable_n_lt_30
ed4acab38528488b65a9a9c603ff024a,SP,sao paulo,16,0,16,0.0000000000,0.0,0 / 16,0,0.0000000000,0.0,-11.5000,NULL,9,0,0.0000000000,7,0,0.0000000000,16,0,0.0000000000,0,0.0000000000,7981.78,8345.49,0,0,below_floor,393,0.0780768749,0.07638571932468,0.0356083086,0.0666666667,0.1016949153,0.1428571429,0.1752577320,0,0,0,0,0,1,NULL,standard_terms,usable_n_lt_30
efcd8d2104f1a05d028af7bad20d974b,SP,aracatuba,16,0,16,0.0000000000,0.0,0 / 16,0,0.0000000000,0.0,-15.0000,NULL,13,0,0.0000000000,3,0,0.0000000000,16,0,0.0000000000,0,0.0000000000,729.95,953.62,0,0,below_floor,393,0.0780768749,0.07638571932468,0.0356083086,0.0666666667,0.1016949153,0.1428571429,0.1752577320,0,0,0,0,0,1,NULL,standard_terms,usable_n_lt_30
33cbbec1e7e1044aaf11d152172c776f,RS,bento goncalves,15,0,15,0.0000000000,0.0,0 / 15,0,0.0000000000,0.0,-17.0000,NULL,7,0,0.0000000000,8,0,0.0000000000,15,0,0.0000000000,0,0.0000000000,730.67,1129.50,0,0,below_floor,393,0.0780768749,0.07638571932468,0.0356083086,0.0666666667,0.1016949153,0.1428571429,0.1752577320,0,0,0,0,0,1,NULL,standard_terms,usable_n_lt_30
3c010235b7345c92f125d14ee232a76b,PR,mandirituba,15,0,15,0.0000000000,0.0,0 / 15,0,0.0000000000,0.0,-8.0000,NULL,0,0,NULL,15,0,0.0000000000,15,0,0.0000000000,0,0.0000000000,3578.00,4005.32,0,0,below_floor,393,0.0780768749,0.07638571932468,0.0356083086,0.0666666667,0.1016949153,0.1428571429,0.1752577320,0,0,0,0,0,1,NULL,standard_terms,usable_n_lt_30
41da412d33e8da4f22baf55cb1bde82c,ES,domingos martins,15,0,15,0.0000000000,0.0,0 / 15,0,0.0000000000,0.0,-18.0000,NULL,9,0,0.0000000000,6,0,0.0000000000,15,0,0.0000000000,0,0.0000000000,862.90,1237.06,0,0,below_floor,393,0.0780768749,0.07638571932468,0.0356083086,0.0666666667,0.1016949153,0.1428571429,0.1752577320,0,0,0,0,0,1,NULL,standard_terms,usable_n_lt_30
49067458c68f7701fd334ce326accbe0,MG,juiz de fora,15,0,15,0.0000000000,0.0,0 / 15,1,0.0666666667,6.7,-11.0000,NULL,8,0,0.0000000000,7,0,0.0000000000,13,0,0.0000000000,2,0.1333333333,931.85,1447.16,0,0,below_floor,393,0.0780768749,0.07638571932468,0.0356083086,0.0666666667,0.1016949153,0.1428571429,0.1752577320,0,0,0,0,0,1,NULL,standard_terms,usable_n_lt_30
6a38087bc8ad4f89ff453561005f6dea,GO,anapolis,15,0,15,0.0000000000,0.0,0 / 15,0,0.0000000000,0.0,-12.0000,NULL,0,0,NULL,15,0,0.0000000000,15,0,0.0000000000,0,0.0000000000,1833.43,2381.35,1,0,below_floor,393,0.0780768749,0.07638571932468,0.0356083086,0.0666666667,0.1016949153,0.1428571429,0.1752577320,0,0,0,0,0,1,NULL,standard_terms,usable_n_lt_30
7238a95bb63ef7e498389fb863b834a1,SP,limeira,15,0,15,0.0000000000,0.0,0 / 15,1,0.0666666667,6.7,-8.0000,NULL,1,0,0.0000000000,14,0,0.0000000000,15,0,0.0000000000,0,0.0000000000,2265.70,2835.11,0,0,below_floor,393,0.0780768749,0.07638571932468,0.0356083086,0.0666666667,0.1016949153,0.1428571429,0.1752577320,0,0,0,0,0,1,NULL,standard_terms,usable_n_lt_30
9add47bf45ce8e8c7db6b9cf670b1e09,PR,fazenda rio grande,15,0,15,0.0000000000,0.0,0 / 15,0,0.0000000000,0.0,-16.0000,NULL,9,0,0.0000000000,6,0,0.0000000000,14,0,0.0000000000,1,0.0666666667,1987.49,2420.32,0,0,below_floor,393,0.0780768749,0.07638571932468,0.0356083086,0.0666666667,0.1016949153,0.1428571429,0.1752577320,0,0,0,0,0,1,NULL,standard_terms,usable_n_lt_30
ba5daa4041e1f15cdf34b76e3e18a450,SP,sao paulo,15,0,15,0.0000000000,0.0,0 / 15,0,0.0000000000,0.0,-9.0000,NULL,7,0,0.0000000000,8,0,0.0000000000,15,0,0.0000000000,0,0.0000000000,806.80,959.35,0,0,below_floor,393,0.0780768749,0.07638571932468,0.0356083086,0.0666666667,0.1016949153,0.1428571429,0.1752577320,0,0,0,0,0,1,NULL,standard_terms,usable_n_lt_30
e601b04acf48b4576e73ddca9481f0dc,SP,sao paulo,15,0,15,0.0000000000,0.0,0 / 15,0,0.0000000000,0.0,-16.0000,NULL,2,0,0.0000000000,13,0,0.0000000000,14,0,0.0000000000,1,0.0666666667,491.94,702.94,0,0,below_floor,393,0.0780768749,0.07638571932468,0.0356083086,0.0666666667,0.1016949153,0.1428571429,0.1752577320,0,0,0,0,0,1,NULL,standard_terms,usable_n_lt_30
f3c38ab652836d21de61fb8314b69182,SP,sao paulo,15,0,15,0.0000000000,0.0,0 / 15,1,0.0666666667,6.7,-9.0000,NULL,2,0,0.0000000000,13,0,0.0000000000,15,0,0.0000000000,0,0.0000000000,1581.00,1828.59,0,0,below_floor,393,0.0780768749,0.07638571932468,0.0356083086,0.0666666667,0.1016949153,0.1428571429,0.1752577320,0,0,0,0,0,1,NULL,standard_terms,usable_n_lt_30
0ebd97a106433a45a4aebe57c1799778,MG,contagem,14,0,14,0.0000000000,0.0,0 / 14,0,0.0000000000,0.0,-12.5000,NULL,9,0,0.0000000000,5,0,0.0000000000,14,0,0.0000000000,0,0.0000000000,1228.50,1531.42,0,0,below_floor,393,0.0780768749,0.07638571932468,0.0356083086,0.0666666667,0.1016949153,0.1428571429,0.1752577320,0,0,0,0,0,1,NULL,standard_terms,usable_n_lt_30
10076e5788b8ee532724bcd460baf762,SP,batatais,14,0,14,0.0000000000,0.0,0 / 14,0,0.0000000000,0.0,-14.5000,NULL,9,0,0.0000000000,5,0,0.0000000000,14,0,0.0000000000,0,0.0000000000,536.28,796.97,0,0,below_floor,393,0.0780768749,0.07638571932468,0.0356083086,0.0666666667,0.1016949153,0.1428571429,0.1752577320,0,0,0,0,0,1,NULL,standard_terms,usable_n_lt_30
1b938a7ec6ac5061a66a3766e0e75f90,SP,penapolis,14,0,14,0.0000000000,0.0,0 / 14,0,0.0000000000,0.0,-13.0000,NULL,7,0,0.0000000000,7,0,0.0000000000,13,0,0.0000000000,1,0.0714285714,2818.50,3315.50,0,0,below_floor,393,0.0780768749,0.07638571932468,0.0356083086,0.0666666667,0.1016949153,0.1428571429,0.1752577320,0,0,0,0,0,1,NULL,standard_terms,usable_n_lt_30
33ac3e28642ab8bda860a2f693000e78,SP,cotia,14,0,14,0.0000000000,0.0,0 / 14,0,0.0000000000,0.0,-9.0000,NULL,7,0,0.0000000000,7,0,0.0000000000,13,0,0.0000000000,1,0.0714285714,1648.32,1836.53,0,0,below_floor,393,0.0780768749,0.07638571932468,0.0356083086,0.0666666667,0.1016949153,0.1428571429,0.1752577320,0,0,0,0,0,1,NULL,standard_terms,usable_n_lt_30
34d1ca11b242c0fee2c834ae8d788566,MG,congonhas,14,0,14,0.0000000000,0.0,0 / 14,0,0.0000000000,0.0,-12.5000,NULL,8,0,0.0000000000,6,0,0.0000000000,14,0,0.0000000000,0,0.0000000000,4968.10,5384.05,0,0,below_floor,393,0.0780768749,0.07638571932468,0.0356083086,0.0666666667,0.1016949153,0.1428571429,0.1752577320,0,0,0,0,0,1,NULL,standard_terms,usable_n_lt_30
52d76513f0c4d97f3b99570e2c94ee31,RS,novo hamburgo,14,0,14,0.0000000000,0.0,0 / 14,0,0.0000000000,0.0,-15.5000,NULL,3,0,0.0000000000,11,0,0.0000000000,13,0,0.0000000000,1,0.0714285714,7543.24,8352.41,0,0,below_floor,393,0.0780768749,0.07638571932468,0.0356083086,0.0666666667,0.1016949153,0.1428571429,0.1752577320,0,0,0,0,0,1,NULL,standard_terms,usable_n_lt_30
5a05a16bb50629ee31afab8a6d4c2674,RS,caxias do sul,14,0,14,0.0000000000,0.0,0 / 14,1,0.0714285714,7.1,-11.5000,NULL,9,0,0.0000000000,5,0,0.0000000000,14,0,0.0000000000,0,0.0000000000,794.30,1075.48,0,0,below_floor,393,0.0780768749,0.07638571932468,0.0356083086,0.0666666667,0.1016949153,0.1428571429,0.1752577320,0,0,0,0,0,1,NULL,standard_terms,usable_n_lt_30
5debea795b07621e1f90532e18f96145,PR,apucarana,14,0,14,0.0000000000,0.0,0 / 14,0,0.0000000000,0.0,-16.0000,NULL,9,0,0.0000000000,5,0,0.0000000000,14,0,0.0000000000,0,0.0000000000,1409.43,1706.84,0,0,below_floor,393,0.0780768749,0.07638571932468,0.0356083086,0.0666666667,0.1016949153,0.1428571429,0.1752577320,0,0,0,0,0,1,NULL,standard_terms,usable_n_lt_30
73a63f72308aa20a46f4b1632018f196,PR,curitiba,14,0,14,0.0000000000,0.0,0 / 14,0,0.0000000000,0.0,-12.5000,NULL,8,0,0.0000000000,6,0,0.0000000000,11,0,0.0000000000,3,0.2142857143,4449.25,5070.73,0,0,below_floor,393,0.0780768749,0.07638571932468,0.0356083086,0.0666666667,0.1016949153,0.1428571429,0.1752577320,0,0,0,0,0,1,NULL,standard_terms,usable_n_lt_30
7ff588a03c2aeae4fbd23f9ae64b760d,SP,guarulhos,14,0,14,0.0000000000,0.0,0 / 14,0,0.0000000000,0.0,-6.0000,NULL,0,0,NULL,14,0,0.0000000000,14,0,0.0000000000,0,0.0000000000,1182.20,1403.38,2,0,below_floor,393,0.0780768749,0.07638571932468,0.0356083086,0.0666666667,0.1016949153,0.1428571429,0.1752577320,0,0,0,0,0,1,NULL,standard_terms,usable_n_lt_30
82cb9f452fe8334df74b22d37824b431,RS,caxias do sul,14,0,14,0.0000000000,0.0,0 / 14,0,0.0000000000,0.0,-17.0000,NULL,2,0,0.0000000000,12,0,0.0000000000,13,0,0.0000000000,1,0.0714285714,838.20,1155.26,0,0,below_floor,393,0.0780768749,0.07638571932468,0.0356083086,0.0666666667,0.1016949153,0.1428571429,0.1752577320,0,0,0,0,0,1,NULL,standard_terms,usable_n_lt_30
88cf19ec1fc2c58f161aee259d57142c,SP,sao carlos,14,0,14,0.0000000000,0.0,0 / 14,0,0.0000000000,0.0,-12.0000,NULL,0,0,NULL,14,0,0.0000000000,14,0,0.0000000000,0,0.0000000000,1372.97,1607.68,0,0,below_floor,393,0.0780768749,0.07638571932468,0.0356083086,0.0666666667,0.1016949153,0.1428571429,0.1752577320,0,0,0,0,0,1,NULL,standard_terms,usable_n_lt_30
9baf5cb77970f539089d09a38bcec5c3,SP,indaiatuba,14,0,14,0.0000000000,0.0,0 / 14,0,0.0000000000,0.0,-14.0000,NULL,7,0,0.0000000000,7,0,0.0000000000,14,0,0.0000000000,0,0.0000000000,2576.86,2762.98,0,0,below_floor,393,0.0780768749,0.07638571932468,0.0356083086,0.0666666667,0.1016949153,0.1428571429,0.1752577320,0,0,0,0,0,1,NULL,standard_terms,usable_n_lt_30
c84592044b180dec206770c38603814b,SP,sao paulo,14,0,14,0.0000000000,0.0,0 / 14,0,0.0000000000,0.0,-14.5000,NULL,10,0,0.0000000000,4,0,0.0000000000,14,0,0.0000000000,0,0.0000000000,491.94,700.97,0,0,below_floor,393,0.0780768749,0.07638571932468,0.0356083086,0.0666666667,0.1016949153,0.1428571429,0.1752577320,0,0,0,0,0,1,NULL,standard_terms,usable_n_lt_30
de0c78824586e9a5f5f04fd84e25df39,SP,vargem grande paulista,14,0,14,0.0000000000,0.0,0 / 14,0,0.0000000000,0.0,-17.0000,NULL,4,0,0.0000000000,10,0,0.0000000000,13,0,0.0000000000,1,0.0714285714,2489.30,2697.83,1,0,below_floor,393,0.0780768749,0.07638571932468,0.0356083086,0.0666666667,0.1016949153,0.1428571429,0.1752577320,0,0,0,0,0,1,NULL,standard_terms,usable_n_lt_30
eed78ac17f7f795a19a709745f00cd4e,SP,botucatu,14,0,14,0.0000000000,0.0,0 / 14,0,0.0000000000,0.0,-15.0000,NULL,8,0,0.0000000000,6,0,0.0000000000,12,0,0.0000000000,2,0.1428571429,2658.20,3222.13,0,0,below_floor,393,0.0780768749,0.07638571932468,0.0356083086,0.0666666667,0.1016949153,0.1428571429,0.1752577320,0,0,0,0,0,1,NULL,standard_terms,usable_n_lt_30
013900e863eace745d3ec7614cab5b1a,PR,curitiba,13,0,13,0.0000000000,0.0,0 / 13,0,0.0000000000,0.0,-18.0000,NULL,13,0,0.0000000000,0,0,NULL,13,0,0.0000000000,0,0.0000000000,851.00,1072.40,0,0,below_floor,393,0.0780768749,0.07638571932468,0.0356083086,0.0666666667,0.1016949153,0.1428571429,0.1752577320,0,0,0,0,0,1,NULL,standard_terms,usable_n_lt_30
2d518637f53161b973e01f56ea4bb88e,SP,sao paulo,13,0,13,0.0000000000,0.0,0 / 13,0,0.0000000000,0.0,-22.0000,NULL,2,0,0.0000000000,11,0,0.0000000000,13,0,0.0000000000,0,0.0000000000,1219.89,1539.70,0,0,below_floor,393,0.0780768749,0.07638571932468,0.0356083086,0.0666666667,0.1016949153,0.1428571429,0.1752577320,0,0,0,0,0,1,NULL,standard_terms,usable_n_lt_30
596849622429351f47b32e6cae1055ff,SP,mogi das cruses,13,0,13,0.0000000000,0.0,0 / 13,0,0.0000000000,0.0,-6.5000,NULL,0,0,NULL,13,0,0.0000000000,11,0,0.0000000000,2,0.1538461538,1069.80,1222.90,1,0,below_floor,393,0.0780768749,0.07638571932468,0.0356083086,0.0666666667,0.1016949153,0.1428571429,0.1752577320,0,0,0,0,0,1,NULL,standard_terms,usable_n_lt_30
60562ab00b8054280520d390c8c0045c,SP,sao paulo,13,0,13,0.0000000000,0.0,0 / 13,0,0.0000000000,0.0,-15.0000,NULL,5,0,0.0000000000,8,0,0.0000000000,13,0,0.0000000000,0,0.0000000000,2335.00,2578.23,0,0,below_floor,393,0.0780768749,0.07638571932468,0.0356083086,0.0666666667,0.1016949153,0.1428571429,0.1752577320,0,0,0,0,0,1,NULL,standard_terms,usable_n_lt_30
6b536a23086fba0d58c08d68814397f6,RJ,niteroi,13,0,13,0.0000000000,0.0,0 / 13,0,0.0000000000,0.0,-18.0000,NULL,6,0,0.0000000000,7,0,0.0000000000,13,0,0.0000000000,0,0.0000000000,1602.80,1864.84,0,0,below_floor,393,0.0780768749,0.07638571932468,0.0356083086,0.0666666667,0.1016949153,0.1428571429,0.1752577320,0,0,0,0,0,1,NULL,standard_terms,usable_n_lt_30
870d0118f7a9d85960f29ad89d5d989a,MG,pocos de caldas,13,0,13,0.0000000000,0.0,0 / 13,0,0.0000000000,0.0,-10.0000,NULL,7,0,0.0000000000,6,0,0.0000000000,12,0,0.0000000000,1,0.0769230769,1173.26,1549.61,0,0,below_floor,393,0.0780768749,0.07638571932468,0.0356083086,0.0666666667,0.1016949153,0.1428571429,0.1752577320,0,0,0,0,0,1,NULL,standard_terms,usable_n_lt_30
8ab42aa58097fd4668d60cc648225d5f,GO,goiania,13,0,13,0.0000000000,0.0,0 / 13,0,0.0000000000,0.0,-14.0000,NULL,7,0,0.0000000000,6,0,0.0000000000,13,0,0.0000000000,0,0.0000000000,1903.80,2305.64,0,0,below_floor,393,0.0780768749,0.07638571932468,0.0356083086,0.0666666667,0.1016949153,0.1428571429,0.1752577320,0,0,0,0,0,1,NULL,standard_terms,usable_n_lt_30
9d681c7e12db302cb261e721040dde65,PR,curitiba,13,0,13,0.0000000000,0.0,0 / 13,0,0.0000000000,0.0,-13.0000,NULL,0,0,NULL,13,0,0.0000000000,13,0,0.0000000000,0,0.0000000000,785.60,1058.68,0,0,below_floor,393,0.0780768749,0.07638571932468,0.0356083086,0.0666666667,0.1016949153,0.1428571429,0.1752577320,0,0,0,0,0,1,NULL,standard_terms,usable_n_lt_30
a2deecd5398f5df4987110c80a1972a3,SP,sao paulo,13,0,13,0.0000000000,0.0,0 / 13,0,0.0000000000,0.0,-12.0000,NULL,4,0,0.0000000000,9,0,0.0000000000,13,0,0.0000000000,0,0.0000000000,623.81,845.80,1,0,below_floor,393,0.0780768749,0.07638571932468,0.0356083086,0.0666666667,0.1016949153,0.1428571429,0.1752577320,0,0,0,0,0,1,NULL,standard_terms,usable_n_lt_30
a8739afb32aaa45e01815ca76f76f54b,SP,sao bernardo do campo,13,0,13,0.0000000000,0.0,0 / 13,1,0.0769230769,7.7,-11.0000,NULL,0,0,NULL,13,0,0.0000000000,13,0,0.0000000000,0,0.0000000000,298.83,563.56,0,0,below_floor,393,0.0780768749,0.07638571932468,0.0356083086,0.0666666667,0.1016949153,0.1428571429,0.1752577320,0,0,0,0,0,1,NULL,standard_terms,usable_n_lt_30
bc2ac6b95e1accce9858528ee566c17e,SP,campinas,13,0,13,0.0000000000,0.0,0 / 13,0,0.0000000000,0.0,-11.0000,NULL,12,0,0.0000000000,1,0,0.0000000000,13,0,0.0000000000,0,0.0000000000,1524.00,1692.74,0,0,below_floor,393,0.0780768749,0.07638571932468,0.0356083086,0.0666666667,0.1016949153,0.1428571429,0.1752577320,0,0,0,0,0,1,NULL,standard_terms,usable_n_lt_30
c3e1abd72a42fe690fcd89cf5720fe29,SP,mogi guacu,13,0,13,0.0000000000,0.0,0 / 13,0,0.0000000000,0.0,-10.0000,NULL,0,0,NULL,13,0,0.0000000000,13,0,0.0000000000,0,0.0000000000,1798.61,1967.58,0,0,below_floor,393,0.0780768749,0.07638571932468,0.0356083086,0.0666666667,0.1016949153,0.1428571429,0.1752577320,0,0,0,0,0,1,NULL,standard_terms,usable_n_lt_30
caa9bc43a9fe8cf9c564ddd8a03cc4a6,SP,jacarei,13,0,13,0.0000000000,0.0,0 / 13,1,0.0769230769,7.7,-9.0000,NULL,3,0,0.0000000000,10,0,0.0000000000,13,0,0.0000000000,0,0.0000000000,803.87,1037.74,0,0,below_floor,393,0.0780768749,0.07638571932468,0.0356083086,0.0666666667,0.1016949153,0.1428571429,0.1752577320,0,0,0,0,0,1,NULL,standard_terms,usable_n_lt_30
cfa5ab0e4d3fc212fd0b3410e7081c62,MG,uba,13,0,13,0.0000000000,0.0,0 / 13,0,0.0000000000,0.0,-19.0000,NULL,6,0,0.0000000000,7,0,0.0000000000,12,0,0.0000000000,1,0.0769230769,3044.88,4014.63,0,0,below_floor,393,0.0780768749,0.07638571932468,0.0356083086,0.0666666667,0.1016949153,0.1428571429,0.1752577320,0,0,0,0,0,1,NULL,standard_terms,usable_n_lt_30
df91910b6a03bb2e3358fa6a35e32f6f,SP,sao paulo,13,0,13,0.0000000000,0.0,0 / 13,0,0.0000000000,0.0,-11.0000,NULL,0,0,NULL,13,0,0.0000000000,12,0,0.0000000000,1,0.0769230769,2093.20,2456.22,0,0,below_floor,393,0.0780768749,0.07638571932468,0.0356083086,0.0666666667,0.1016949153,0.1428571429,0.1752577320,0,0,0,0,0,1,NULL,standard_terms,usable_n_lt_30
e6a69c4a27dfdd98ffe5aa757ad744bc,SP,sao paulo,13,0,13,0.0000000000,0.0,0 / 13,0,0.0000000000,0.0,-14.0000,NULL,9,0,0.0000000000,4,0,0.0000000000,12,0,0.0000000000,1,0.0769230769,289.75,455.65,0,0,below_floor,393,0.0780768749,0.07638571932468,0.0356083086,0.0666666667,0.1016949153,0.1428571429,0.1752577320,0,0,0,0,0,1,NULL,standard_terms,usable_n_lt_30
f1fd5ab1181f827ffad998c1a5de7d74,PR,curitiba,13,0,13,0.0000000000,0.0,0 / 13,0,0.0000000000,0.0,-14.0000,NULL,6,0,0.0000000000,7,0,0.0000000000,13,0,0.0000000000,0,0.0000000000,6097.00,6845.41,0,0,below_floor,393,0.0780768749,0.07638571932468,0.0356083086,0.0666666667,0.1016949153,0.1428571429,0.1752577320,0,0,0,0,0,1,NULL,standard_terms,usable_n_lt_30
f7496d659ca9fdaf323c0aae84176632,SP,sao paulo,13,0,13,0.0000000000,0.0,0 / 13,1,0.0769230769,7.7,-15.0000,NULL,6,0,0.0000000000,7,0,0.0000000000,12,0,0.0000000000,1,0.0769230769,2928.78,3414.73,0,0,below_floor,393,0.0780768749,0.07638571932468,0.0356083086,0.0666666667,0.1016949153,0.1428571429,0.1752577320,0,0,0,0,0,1,NULL,standard_terms,usable_n_lt_30
02ecc2a19303f05e59ce133fd923fff7,SP,santo andre,12,0,12,0.0000000000,0.0,0 / 12,0,0.0000000000,0.0,-13.0000,NULL,7,0,0.0000000000,5,0,0.0000000000,12,0,0.0000000000,0,0.0000000000,2903.89,3196.04,0,0,below_floor,393,0.0780768749,0.07638571932468,0.0356083086,0.0666666667,0.1016949153,0.1428571429,0.1752577320,0,0,0,0,0,1,NULL,standard_terms,usable_n_lt_30
08084d990eb3f53af056ccbc1730c8a7,SP,sao paulo,12,0,12,0.0000000000,0.0,0 / 12,0,0.0000000000,0.0,-16.5000,NULL,3,0,0.0000000000,9,0,0.0000000000,11,0,0.0000000000,1,0.0833333333,372.50,606.79,0,0,below_floor,393,0.0780768749,0.07638571932468,0.0356083086,0.0666666667,0.1016949153,0.1428571429,0.1752577320,0,0,0,0,0,1,NULL,standard_terms,usable_n_lt_30
257e61d3251fb5efb9daadddbc2cf7ca,PR,apucarana,12,0,12,0.0000000000,0.0,0 / 12,0,0.0000000000,0.0,-18.0000,NULL,4,0,0.0000000000,8,0,0.0000000000,12,0,0.0000000000,0,0.0000000000,7729.00,8806.18,0,0,below_floor,393,0.0780768749,0.07638571932468,0.0356083086,0.0666666667,0.1016949153,0.1428571429,0.1752577320,0,0,0,0,0,1,NULL,standard_terms,usable_n_lt_30
26d6bbee02420494d471c9f6436929c0,PR,curitiba,12,0,12,0.0000000000,0.0,0 / 12,0,0.0000000000,0.0,-11.0000,NULL,1,0,0.0000000000,11,0,0.0000000000,12,0,0.0000000000,0,0.0000000000,434.51,681.70,0,0,below_floor,393,0.0780768749,0.07638571932468,0.0356083086,0.0666666667,0.1016949153,0.1428571429,0.1752577320,0,0,0,0,0,1,NULL,standard_terms,usable_n_lt_30
270297ead4c65a6cd2593960d2af6b21,SP,sao paulo,12,0,12,0.0000000000,0.0,0 / 12,0,0.0000000000,0.0,-13.5000,NULL,8,0,0.0000000000,4,0,0.0000000000,11,0,0.0000000000,1,0.0833333333,6838.54,7225.60,0,0,below_floor,393,0.0780768749,0.07638571932468,0.0356083086,0.0666666667,0.1016949153,0.1428571429,0.1752577320,0,0,0,0,0,1,NULL,standard_terms,usable_n_lt_30
4736e9d642ef4257cd7622516931eb51,SP,piracicaba,12,0,12,0.0000000000,0.0,0 / 12,0,0.0000000000,0.0,-12.5000,NULL,1,0,0.0000000000,11,0,0.0000000000,12,0,0.0000000000,0,0.0000000000,659.92,916.41,0,0,below_floor,393,0.0780768749,0.07638571932468,0.0356083086,0.0666666667,0.1016949153,0.1428571429,0.1752577320,0,0,0,0,0,1,NULL,standard_terms,usable_n_lt_30
5b85809efd0d0e4dea1a9544e1280ed9,SP,presidente prudente,12,0,12,0.0000000000,0.0,0 / 12,0,0.0000000000,0.0,-15.0000,NULL,0,0,NULL,12,0,0.0000000000,12,0,0.0000000000,0,0.0000000000,1804.60,2097.36,1,0,below_floor,393,0.0780768749,0.07638571932468,0.0356083086,0.0666666667,0.1016949153,0.1428571429,0.1752577320,0,0,0,0,0,1,NULL,standard_terms,usable_n_lt_30
8602a61d680a10a82cceeeda0d99ea3d,SP,sao paulo,12,0,12,0.0000000000,0.0,0 / 12,1,0.0833333333,8.3,-9.5000,NULL,7,0,0.0000000000,5,0,0.0000000000,11,0,0.0000000000,1,0.0833333333,596.99,785.81,0,0,below_floor,393,0.0780768749,0.07638571932468,0.0356083086,0.0666666667,0.1016949153,0.1428571429,0.1752577320,0,0,0,0,0,1,NULL,standard_terms,usable_n_lt_30
8bd0f31cf0a614c658f6763bd02dea69,SP,sao paulo,12,0,12,0.0000000000,0.0,0 / 12,0,0.0000000000,0.0,-13.0000,NULL,8,0,0.0000000000,4,0,0.0000000000,11,0,0.0000000000,1,0.0833333333,2389.52,2769.23,0,0,below_floor,393,0.0780768749,0.07638571932468,0.0356083086,0.0666666667,0.1016949153,0.1428571429,0.1752577320,0,0,0,0,0,1,NULL,standard_terms,usable_n_lt_30
968268a686aa05d1f529fb07dff08130,SP,sao paulo,12,0,12,0.0000000000,0.0,0 / 12,0,0.0000000000,0.0,-11.0000,NULL,3,0,0.0000000000,9,0,0.0000000000,12,0,0.0000000000,0,0.0000000000,4677.29,4880.84,0,0,below_floor,393,0.0780768749,0.07638571932468,0.0356083086,0.0666666667,0.1016949153,0.1428571429,0.1752577320,0,0,0,0,0,1,NULL,standard_terms,usable_n_lt_30
985c92cc412091f8529c12d7f23d3fef,MG,sao joao del rei,12,0,12,0.0000000000,0.0,0 / 12,1,0.0833333333,8.3,-13.0000,NULL,0,0,NULL,12,0,0.0000000000,12,0,0.0000000000,0,0.0000000000,1368.50,1606.63,0,0,below_floor,393,0.0780768749,0.07638571932468,0.0356083086,0.0666666667,0.1016949153,0.1428571429,0.1752577320,0,0,0,0,0,1,NULL,standard_terms,usable_n_lt_30
b2a6d334e2833acea353624840e25a0e,SP,sao paulo,12,0,12,0.0000000000,0.0,0 / 12,0,0.0000000000,0.0,-14.5000,NULL,11,0,0.0000000000,1,0,0.0000000000,12,0,0.0000000000,0,0.0000000000,823.80,1016.46,0,0,below_floor,393,0.0780768749,0.07638571932468,0.0356083086,0.0666666667,0.1016949153,0.1428571429,0.1752577320,0,0,0,0,0,1,NULL,standard_terms,usable_n_lt_30
c510bc1718f0f2961eaa42a23330681a,SP,indaiatuba,12,0,12,0.0000000000,0.0,0 / 12,0,0.0000000000,0.0,-9.5000,NULL,5,0,0.0000000000,7,0,0.0000000000,12,0,0.0000000000,0,0.0000000000,10141.00,10851.45,0,0,below_floor,393,0.0780768749,0.07638571932468,0.0356083086,0.0666666667,0.1016949153,0.1428571429,0.1752577320,0,0,0,0,0,1,NULL,standard_terms,usable_n_lt_30
cfd7ddab722b902f7ac5b5f3ba6d723d,MG,contagem,12,0,12,0.0000000000,0.0,0 / 12,0,0.0000000000,0.0,-11.5000,NULL,0,0,NULL,12,0,0.0000000000,12,0,0.0000000000,0,0.0000000000,3385.03,4058.11,0,0,below_floor,393,0.0780768749,0.07638571932468,0.0356083086,0.0666666667,0.1016949153,0.1428571429,0.1752577320,0,0,0,0,0,1,NULL,standard_terms,usable_n_lt_30
d1c7fa84e48cfa21a0e595167c1c500e,RS,jacutinga,12,0,12,0.0000000000,0.0,0 / 12,0,0.0000000000,0.0,-18.0000,NULL,7,0,0.0000000000,5,0,0.0000000000,11,0,0.0000000000,1,0.0833333333,1156.03,1477.38,0,0,below_floor,393,0.0780768749,0.07638571932468,0.0356083086,0.0666666667,0.1016949153,0.1428571429,0.1752577320,0,0,0,0,0,1,NULL,standard_terms,usable_n_lt_30
d6ab728cf30867cf3f1a2e216ae2f9b7,SP,sao paulo,12,0,12,0.0000000000,0.0,0 / 12,0,0.0000000000,0.0,-8.0000,NULL,6,0,0.0000000000,6,0,0.0000000000,12,0,0.0000000000,0,0.0000000000,2002.00,2233.82,0,0,below_floor,393,0.0780768749,0.07638571932468,0.0356083086,0.0666666667,0.1016949153,0.1428571429,0.1752577320,0,0,0,0,0,1,NULL,standard_terms,usable_n_lt_30
da6a60cc8cc724fe51be021ff8be779c,RJ,sao pedro da aldeia,12,0,12,0.0000000000,0.0,0 / 12,0,0.0000000000,0.0,-12.5000,NULL,0,0,NULL,12,0,0.0000000000,12,0,0.0000000000,0,0.0000000000,728.79,984.58,0,0,below_floor,393,0.0780768749,0.07638571932468,0.0356083086,0.0666666667,0.1016949153,0.1428571429,0.1752577320,0,0,0,0,0,1,NULL,standard_terms,usable_n_lt_30
df0f42bc4c2142eacf0eaf2cffd0cfbb,SC,itajai,12,0,12,0.0000000000,0.0,0 / 12,0,0.0000000000,0.0,-9.5000,NULL,11,0,0.0000000000,1,0,0.0000000000,11,0,0.0000000000,1,0.0833333333,1456.00,1717.57,0,0,below_floor,393,0.0780768749,0.07638571932468,0.0356083086,0.0666666667,0.1016949153,0.1428571429,0.1752577320,0,0,0,0,0,1,NULL,standard_terms,usable_n_lt_30
e1dc0754bada9ee4cfe9713f22f61292,RJ,duque de caxias,12,0,12,0.0000000000,0.0,0 / 12,0,0.0000000000,0.0,-13.0000,NULL,0,0,NULL,12,0,0.0000000000,12,0,0.0000000000,0,0.0000000000,885.00,1149.78,0,0,below_floor,393,0.0780768749,0.07638571932468,0.0356083086,0.0666666667,0.1016949153,0.1428571429,0.1752577320,0,0,0,0,0,1,NULL,standard_terms,usable_n_lt_30
e256a62e0ac58c0edfba09966142d561,PR,curitiba,12,0,12,0.0000000000,0.0,0 / 12,0,0.0000000000,0.0,-17.0000,NULL,3,0,0.0000000000,9,0,0.0000000000,12,0,0.0000000000,0,0.0000000000,1474.11,1809.55,0,0,below_floor,393,0.0780768749,0.07638571932468,0.0356083086,0.0666666667,0.1016949153,0.1428571429,0.1752577320,0,0,0,0,0,1,NULL,standard_terms,usable_n_lt_30
e2c92f9c1c7746d899d18f2e158bbff7,SP,sao jose do rio preto,12,0,12,0.0000000000,0.0,0 / 12,0,0.0000000000,0.0,-7.5000,NULL,1,0,0.0000000000,11,0,0.0000000000,12,0,0.0000000000,0,0.0000000000,1641.90,1956.30,0,0,below_floor,393,0.0780768749,0.07638571932468,0.0356083086,0.0666666667,0.1016949153,0.1428571429,0.1752577320,0,0,0,0,0,1,NULL,standard_terms,usable_n_lt_30
f52c2422904463fdd7741f99045fecb6,SP,santo andre/sao paulo,12,0,12,0.0000000000,0.0,0 / 12,1,0.0833333333,8.3,-9.5000,NULL,0,0,NULL,12,0,0.0000000000,12,0,0.0000000000,0,0.0000000000,567.79,744.80,0,0,below_floor,393,0.0780768749,0.07638571932468,0.0356083086,0.0666666667,0.1016949153,0.1428571429,0.1752577320,0,0,0,0,0,1,NULL,standard_terms,usable_n_lt_30
f5b44895715ddfe3087dc414f30268f3,SP,sorocaba,12,0,12,0.0000000000,0.0,0 / 12,0,0.0000000000,0.0,-8.0000,NULL,7,0,0.0000000000,5,0,0.0000000000,12,0,0.0000000000,0,0.0000000000,236.90,394.33,0,0,below_floor,393,0.0780768749,0.07638571932468,0.0356083086,0.0666666667,0.1016949153,0.1428571429,0.1752577320,0,0,0,0,0,1,NULL,standard_terms,usable_n_lt_30
fbc14c0cf93505ef89f64665ffa4a7b5,SP,serrana,12,0,12,0.0000000000,0.0,0 / 12,0,0.0000000000,0.0,-13.5000,NULL,5,0,0.0000000000,7,0,0.0000000000,11,0,0.0000000000,1,0.0833333333,8072.88,8431.28,0,0,below_floor,393,0.0780768749,0.07638571932468,0.0356083086,0.0666666667,0.1016949153,0.1428571429,0.1752577320,0,0,0,0,0,1,NULL,standard_terms,usable_n_lt_30
08d0949a9a17c027262db1f3c450c26c,PR,cascavel,11,0,11,0.0000000000,0.0,0 / 11,0,0.0000000000,0.0,-12.0000,NULL,8,0,0.0000000000,3,0,0.0000000000,9,0,0.0000000000,2,0.1818181818,277.90,493.02,0,0,below_floor,393,0.0780768749,0.07638571932468,0.0356083086,0.0666666667,0.1016949153,0.1428571429,0.1752577320,0,0,0,0,0,1,NULL,standard_terms,usable_n_lt_30
141440cad9341e553f8401c574a2aa38,PR,pitanga,11,0,11,0.0000000000,0.0,0 / 11,0,0.0000000000,0.0,-22.0000,NULL,0,0,NULL,11,0,0.0000000000,11,0,0.0000000000,0,0.0000000000,1288.20,1579.00,1,0,below_floor,393,0.0780768749,0.07638571932468,0.0356083086,0.0666666667,0.1016949153,0.1428571429,0.1752577320,0,0,0,0,0,1,NULL,standard_terms,usable_n_lt_30
26785a546900236d66f2e4197c211158,SP,sao paulo,11,0,11,0.0000000000,0.0,0 / 11,0,0.0000000000,0.0,-19.0000,NULL,1,0,0.0000000000,10,0,0.0000000000,11,0,0.0000000000,0,0.0000000000,679.50,865.70,0,0,below_floor,393,0.0780768749,0.07638571932468,0.0356083086,0.0666666667,0.1016949153,0.1428571429,0.1752577320,0,0,0,0,0,1,NULL,standard_terms,usable_n_lt_30
334cab711dee080b079fa5779b584783,SP,santo andre,11,0,11,0.0000000000,0.0,0 / 11,0,0.0000000000,0.0,-15.0000,NULL,1,0,0.0000000000,10,0,0.0000000000,10,0,0.0000000000,1,0.0909090909,1069.70,1421.37,0,0,below_floor,393,0.0780768749,0.07638571932468,0.0356083086,0.0666666667,0.1016949153,0.1428571429,0.1752577320,0,0,0,0,0,1,NULL,standard_terms,usable_n_lt_30
41c2bad7229b0c25e6becf179ebf63ff,RN,natal,11,0,11,0.0000000000,0.0,0 / 11,0,0.0000000000,0.0,-16.0000,NULL,10,0,0.0000000000,1,0,0.0000000000,11,0,0.0000000000,0,0.0000000000,442.00,549.22,0,0,below_floor,393,0.0780768749,0.07638571932468,0.0356083086,0.0666666667,0.1016949153,0.1428571429,0.1752577320,0,0,0,0,0,1,NULL,standard_terms,usable_n_lt_30
47efca563408aae19bb7206c2d969ea9,PI,teresina,11,0,11,0.0000000000,0.0,0 / 11,0,0.0000000000,0.0,-15.0000,NULL,8,0,0.0000000000,3,0,0.0000000000,10,0,0.0000000000,1,0.0909090909,2383.00,2791.55,0,0,below_floor,393,0.0780768749,0.07638571932468,0.0356083086,0.0666666667,0.1016949153,0.1428571429,0.1752577320,0,0,0,0,0,1,NULL,standard_terms,usable_n_lt_30
512d298ac2a96d1931b6bd30aa21f61d,RJ,rio de janeiro,11,0,11,0.0000000000,0.0,0 / 11,0,0.0000000000,0.0,-16.0000,NULL,5,0,0.0000000000,6,0,0.0000000000,10,0,0.0000000000,1,0.0909090909,7401.94,7723.87,0,0,below_floor,393,0.0780768749,0.07638571932468,0.0356083086,0.0666666667,0.1016949153,0.1428571429,0.1752577320,0,0,0,0,0,1,NULL,standard_terms,usable_n_lt_30
55d3daac7c404d59e51c2aa2f4dc5a23,SP,sao paulo,11,0,11,0.0000000000,0.0,0 / 11,0,0.0000000000,0.0,-11.0000,NULL,5,0,0.0000000000,6,0,0.0000000000,11,0,0.0000000000,0,0.0000000000,2128.70,2759.15,0,0,below_floor,393,0.0780768749,0.07638571932468,0.0356083086,0.0666666667,0.1016949153,0.1428571429,0.1752577320,0,0,0,0,0,1,NULL,standard_terms,usable_n_lt_30
63a79f5a7eb5cb48a7e5787b141c7993,MG,patos de minas,11,0,11,0.0000000000,0.0,0 / 11,0,0.0000000000,0.0,-14.0000,NULL,7,0,0.0000000000,4,0,0.0000000000,10,0,0.0000000000,1,0.0909090909,815.10,1015.93,0,0,below_floor,393,0.0780768749,0.07638571932468,0.0356083086,0.0666666667,0.1016949153,0.1428571429,0.1752577320,0,0,0,0,0,1,NULL,standard_terms,usable_n_lt_30
65b081a070633e057c462abdd6fb9dd8,GO,morrinhos,11,0,11,0.0000000000,0.0,0 / 11,0,0.0000000000,0.0,-17.0000,NULL,10,0,0.0000000000,1,0,0.0000000000,11,0,0.0000000000,0,0.0000000000,917.54,1175.48,0,0,below_floor,393,0.0780768749,0.07638571932468,0.0356083086,0.0666666667,0.1016949153,0.1428571429,0.1752577320,0,0,0,0,0,1,NULL,standard_terms,usable_n_lt_30
6a0cbc8af2e8abd1bdfb777943d174c6,SP,batatais,11,0,11,0.0000000000,0.0,0 / 11,0,0.0000000000,0.0,-8.0000,NULL,9,0,0.0000000000,2,0,0.0000000000,11,0,0.0000000000,0,0.0000000000,1197.05,1434.05,0,0,below_floor,393,0.0780768749,0.07638571932468,0.0356083086,0.0666666667,0.1016949153,0.1428571429,0.1752577320,0,0,0,0,0,1,NULL,standard_terms,usable_n_lt_30
6c177e38df6d3f34182b1f1d427231bf,PR,curitiba,11,0,11,0.0000000000,0.0,0 / 11,0,0.0000000000,0.0,-20.0000,NULL,5,0,0.0000000000,6,0,0.0000000000,11,0,0.0000000000,0,0.0000000000,1602.90,1811.70,0,0,below_floor,393,0.0780768749,0.07638571932468,0.0356083086,0.0666666667,0.1016949153,0.1428571429,0.1752577320,0,0,0,0,0,1,NULL,standard_terms,usable_n_lt_30
6f83d9e4da896daae20b9b6b2d3ff8d2,PR,pinhalao,11,0,11,0.0000000000,0.0,0 / 11,0,0.0000000000,0.0,-14.0000,NULL,5,0,0.0000000000,6,0,0.0000000000,10,0,0.0000000000,1,0.0909090909,765.19,985.04,0,0,below_floor,393,0.0780768749,0.07638571932468,0.0356083086,0.0666666667,0.1016949153,0.1428571429,0.1752577320,0,0,0,0,0,1,NULL,standard_terms,usable_n_lt_30
77fccaae319668a8ab6cd0fd16aec48c,RJ,campos dos goytacazes,11,0,11,0.0000000000,0.0,0 / 11,0,0.0000000000,0.0,-10.0000,NULL,0,0,NULL,11,0,0.0000000000,11,0,0.0000000000,0,0.0000000000,1667.00,1888.44,0,0,below_floor,393,0.0780768749,0.07638571932468,0.0356083086,0.0666666667,0.1016949153,0.1428571429,0.1752577320,0,0,0,0,0,1,NULL,standard_terms,usable_n_lt_30
788e857f317e53de488d393e65a80f45,SP,sao paulo,11,0,11,0.0000000000,0.0,0 / 11,0,0.0000000000,0.0,-13.0000,NULL,0,0,NULL,11,0,0.0000000000,11,0,0.0000000000,0,0.0000000000,1210.00,1394.95,0,0,below_floor,393,0.0780768749,0.07638571932468,0.0356083086,0.0666666667,0.1016949153,0.1428571429,0.1752577320,0,0,0,0,0,1,NULL,standard_terms,usable_n_lt_30
888faa8bfb0b159c37de6d898b961c31,SC,braco do norte,11,0,11,0.0000000000,0.0,0 / 11,0,0.0000000000,0.0,-14.0000,NULL,0,0,NULL,11,0,0.0000000000,9,0,0.0000000000,2,0.1818181818,1864.80,2173.04,0,0,below_floor,393,0.0780768749,0.07638571932468,0.0356083086,0.0666666667,0.1016949153,0.1428571429,0.1752577320,0,0,0,0,0,1,NULL,standard_terms,usable_n_lt_30
89f69225956f951295ca4c7fb1266553,RJ,vassouras,11,0,11,0.0000000000,0.0,0 / 11,1,0.0909090909,9.1,-12.0000,NULL,0,0,NULL,11,0,0.0000000000,11,0,0.0000000000,0,0.0000000000,1041.30,1318.71,0,0,below_floor,393,0.0780768749,0.07638571932468,0.0356083086,0.0666666667,0.1016949153,0.1428571429,0.1752577320,0,0,0,0,0,1,NULL,standard_terms,usable_n_lt_30
8f54d64f28a993550aa7943f12572959,MG,ipatinga,11,0,11,0.0000000000,0.0,0 / 11,0,0.0000000000,0.0,-13.0000,NULL,5,0,0.0000000000,6,0,0.0000000000,11,0,0.0000000000,0,0.0000000000,2160.00,2426.06,0,0,below_floor,393,0.0780768749,0.07638571932468,0.0356083086,0.0666666667,0.1016949153,0.1428571429,0.1752577320,0,0,0,0,0,1,NULL,standard_terms,usable_n_lt_30
9616352088dcf83a7c06637f4ebf1c80,PR,umuarama,11,0,11,0.0000000000,0.0,0 / 11,0,0.0000000000,0.0,-18.0000,NULL,0,0,NULL,11,0,0.0000000000,11,0,0.0000000000,0,0.0000000000,617.10,895.83,0,0,below_floor,393,0.0780768749,0.07638571932468,0.0356083086,0.0666666667,0.1016949153,0.1428571429,0.1752577320,0,0,0,0,0,1,NULL,standard_terms,usable_n_lt_30
96804ea39d96eb908e7c3afdb671bb9e,MG,ibia,11,0,11,0.0000000000,0.0,0 / 11,0,0.0000000000,0.0,-14.0000,NULL,11,0,0.0000000000,0,0,NULL,10,0,0.0000000000,1,0.0909090909,822.15,1041.03,0,0,below_floor,393,0.0780768749,0.07638571932468,0.0356083086,0.0666666667,0.1016949153,0.1428571429,0.1752577320,0,0,0,0,0,1,NULL,standard_terms,usable_n_lt_30
9803a40e82e45418ab7fb84091af5231,GO,rio verde,11,0,11,0.0000000000,0.0,0 / 11,0,0.0000000000,0.0,-13.0000,NULL,0,0,NULL,11,0,0.0000000000,11,0,0.0000000000,0,0.0000000000,4278.75,4791.38,0,0,below_floor,393,0.0780768749,0.07638571932468,0.0356083086,0.0666666667,0.1016949153,0.1428571429,0.1752577320,0,0,0,0,0,1,NULL,standard_terms,usable_n_lt_30
9d5604a1f112324ad6b2aa552122e0fb,SP,florianopolis,11,0,11,0.0000000000,0.0,0 / 11,0,0.0000000000,0.0,-11.0000,NULL,10,0,0.0000000000,1,0,0.0000000000,11,0,0.0000000000,0,0.0000000000,342.50,648.14,0,0,below_floor,393,0.0780768749,0.07638571932468,0.0356083086,0.0666666667,0.1016949153,0.1428571429,0.1752577320,0,0,0,0,0,1,NULL,standard_terms,usable_n_lt_30
bd697db56ff8e7c9cd1abeb7f72029b2,SP,sao paulo,11,0,11,0.0000000000,0.0,0 / 11,0,0.0000000000,0.0,-9.0000,NULL,0,0,NULL,11,0,0.0000000000,10,0,0.0000000000,1,0.0909090909,1669.89,1849.01,0,0,below_floor,393,0.0780768749,0.07638571932468,0.0356083086,0.0666666667,0.1016949153,0.1428571429,0.1752577320,0,0,0,0,0,1,NULL,standard_terms,usable_n_lt_30
c2d70ce2c5d0a2eb75e78668236e6dc8,SP,sao paulo,11,0,11,0.0000000000,0.0,0 / 11,0,0.0000000000,0.0,-12.0000,NULL,3,0,0.0000000000,8,0,0.0000000000,11,0,0.0000000000,0,0.0000000000,2323.90,2523.26,0,0,below_floor,393,0.0780768749,0.07638571932468,0.0356083086,0.0666666667,0.1016949153,0.1428571429,0.1752577320,0,0,0,0,0,1,NULL,standard_terms,usable_n_lt_30
c6381d2d013342748761e906d45aff76,RS,portao,11,0,11,0.0000000000,0.0,0 / 11,0,0.0000000000,0.0,-19.0000,NULL,7,0,0.0000000000,4,0,0.0000000000,11,0,0.0000000000,0,0.0000000000,1433.00,1892.70,0,0,below_floor,393,0.0780768749,0.07638571932468,0.0356083086,0.0666666667,0.1016949153,0.1428571429,0.1752577320,0,0,0,0,0,1,NULL,standard_terms,usable_n_lt_30
cb6c9f5888a7a090c75beaf615925792,ES,vila velha,11,0,11,0.0000000000,0.0,0 / 11,1,0.0909090909,9.1,-13.0000,NULL,1,0,0.0000000000,10,0,0.0000000000,10,0,0.0000000000,1,0.0909090909,779.89,1008.97,0,0,below_floor,393,0.0780768749,0.07638571932468,0.0356083086,0.0666666667,0.1016949153,0.1428571429,0.1752577320,0,0,0,0,0,1,NULL,standard_terms,usable_n_lt_30
d4910f1cdcfdabd48d6b316e395d4a23,SP,santo andre,11,0,11,0.0000000000,0.0,0 / 11,1,0.0909090909,9.1,-7.0000,NULL,0,0,NULL,11,0,0.0000000000,11,0,0.0000000000,0,0.0000000000,1146.88,1361.92,0,0,below_floor,393,0.0780768749,0.07638571932468,0.0356083086,0.0666666667,0.1016949153,0.1428571429,0.1752577320,0,0,0,0,0,1,NULL,standard_terms,usable_n_lt_30
d4ffeb15b67e81ff9af2b4252d99fb7e,SP,atibaia,11,0,11,0.0000000000,0.0,0 / 11,0,0.0000000000,0.0,-12.0000,NULL,1,0,0.0000000000,10,0,0.0000000000,11,0,0.0000000000,0,0.0000000000,1400.40,1724.81,0,0,below_floor,393,0.0780768749,0.07638571932468,0.0356083086,0.0666666667,0.1016949153,0.1428571429,0.1752577320,0,0,0,0,0,1,NULL,standard_terms,usable_n_lt_30
e5475dcab1e07b63d7f6e902d8f5eda8,SP,diadema,11,0,11,0.0000000000,0.0,0 / 11,0,0.0000000000,0.0,-8.0000,NULL,6,0,0.0000000000,5,0,0.0000000000,11,0,0.0000000000,0,0.0000000000,1833.00,1980.40,0,0,below_floor,393,0.0780768749,0.07638571932468,0.0356083086,0.0666666667,0.1016949153,0.1428571429,0.1752577320,0,0,0,0,0,1,NULL,standard_terms,usable_n_lt_30
014d9a685fd57276679edd00e07089e5,PR,maringa,10,0,10,0.0000000000,0.0,0 / 10,0,0.0000000000,0.0,-12.5000,NULL,7,0,0.0000000000,3,0,0.0000000000,8,0,0.0000000000,2,0.2000000000,659.89,804.16,0,0,below_floor,393,0.0780768749,0.07638571932468,0.0356083086,0.0666666667,0.1016949153,0.1428571429,0.1752577320,0,0,0,0,0,1,NULL,standard_terms,usable_n_lt_30
1354d51653f645349064725ed204e85e,SP,sao paulo,10,0,10,0.0000000000,0.0,0 / 10,1,0.1000000000,10.0,-13.5000,NULL,5,0,0.0000000000,5,0,0.0000000000,10,0,0.0000000000,0,0.0000000000,1460.00,1634.38,0,0,below_floor,393,0.0780768749,0.07638571932468,0.0356083086,0.0666666667,0.1016949153,0.1428571429,0.1752577320,0,0,0,0,0,1,NULL,standard_terms,usable_n_lt_30
1430239a858e7682bbc43b20758af153,SP,sao paulo,10,0,10,0.0000000000,0.0,0 / 10,0,0.0000000000,0.0,-9.5000,NULL,9,0,0.0000000000,1,0,0.0000000000,10,0,0.0000000000,0,0.0000000000,337.50,487.34,0,0,below_floor,393,0.0780768749,0.07638571932468,0.0356083086,0.0666666667,0.1016949153,0.1428571429,0.1752577320,0,0,0,0,0,1,NULL,standard_terms,usable_n_lt_30
226b05fe067266c59c15dae208213d06,PR,curitiba,10,0,10,0.0000000000,0.0,0 / 10,0,0.0000000000,0.0,-15.5000,NULL,10,0,0.0000000000,0,0,NULL,10,0,0.0000000000,0,0.0000000000,1056.90,1245.58,0,0,below_floor,393,0.0780768749,0.07638571932468,0.0356083086,0.0666666667,0.1016949153,0.1428571429,0.1752577320,0,0,0,0,0,1,NULL,standard_terms,usable_n_lt_30
26af45f5dfd967225a832838aa4e24a3,PR,curitiba,10,0,10,0.0000000000,0.0,0 / 10,0,0.0000000000,0.0,-14.5000,NULL,5,0,0.0000000000,5,0,0.0000000000,8,0,0.0000000000,2,0.2000000000,573.10,771.61,0,0,below_floor,393,0.0780768749,0.07638571932468,0.0356083086,0.0666666667,0.1016949153,0.1428571429,0.1752577320,0,0,0,0,0,1,NULL,standard_terms,usable_n_lt_30
2d42ebcda99fd55f6f4bc2f1ca035d50,GO,uruacu,10,0,10,0.0000000000,0.0,0 / 10,0,0.0000000000,0.0,-15.5000,NULL,0,0,NULL,10,0,0.0000000000,10,0,0.0000000000,0,0.0000000000,921.50,1203.97,0,0,below_floor,393,0.0780768749,0.07638571932468,0.0356083086,0.0666666667,0.1016949153,0.1428571429,0.1752577320,0,0,0,0,0,1,NULL,standard_terms,usable_n_lt_30
2f4b0d3b9634b647d4edee577d7ebb7e,SP,sao paulo,10,0,10,0.0000000000,0.0,0 / 10,0,0.0000000000,0.0,-9.5000,NULL,10,0,0.0000000000,0,0,NULL,10,0,0.0000000000,0,0.0000000000,337.90,422.31,0,0,below_floor,393,0.0780768749,0.07638571932468,0.0356083086,0.0666666667,0.1016949153,0.1428571429,0.1752577320,0,0,0,0,0,1,NULL,standard_terms,usable_n_lt_30
3d2531eccfbde1d7c8db7a3a12fb267a,MG,contagem,10,0,10,0.0000000000,0.0,0 / 10,0,0.0000000000,0.0,-14.0000,NULL,1,0,0.0000000000,9,0,0.0000000000,10,0,0.0000000000,0,0.0000000000,1999.54,2212.60,0,0,below_floor,393,0.0780768749,0.07638571932468,0.0356083086,0.0666666667,0.1016949153,0.1428571429,0.1752577320,0,0,0,0,0,1,NULL,standard_terms,usable_n_lt_30
3fac58ce0ad699020c7944d53c41329c,SP,sao paulo,10,0,10,0.0000000000,0.0,0 / 10,2,0.2000000000,20.0,-6.5000,NULL,0,0,NULL,10,0,0.0000000000,8,0,0.0000000000,2,0.2000000000,1244.95,1427.97,0,0,below_floor,393,0.0780768749,0.07638571932468,0.0356083086,0.0666666667,0.1016949153,0.1428571429,0.1752577320,0,0,0,0,0,1,NULL,standard_terms,usable_n_lt_30
41ab63a91b8b264e8c8780368bf1dd5b,MG,belo horizonte,10,0,10,0.0000000000,0.0,0 / 10,0,0.0000000000,0.0,-21.5000,NULL,5,0,0.0000000000,5,0,0.0000000000,9,0,0.0000000000,1,0.1000000000,2432.06,2677.15,0,0,below_floor,393,0.0780768749,0.07638571932468,0.0356083086,0.0666666667,0.1016949153,0.1428571429,0.1752577320,0,0,0,0,0,1,NULL,standard_terms,usable_n_lt_30
431050a06a317f2b38168dec3dcd2b46,SP,sao paulo,10,0,10,0.0000000000,0.0,0 / 10,0,0.0000000000,0.0,-14.0000,NULL,1,0,0.0000000000,9,0,0.0000000000,10,0,0.0000000000,0,0.0000000000,1370.00,1576.15,0,0,below_floor,393,0.0780768749,0.07638571932468,0.0356083086,0.0666666667,0.1016949153,0.1428571429,0.1752577320,0,0,0,0,0,1,NULL,standard_terms,usable_n_lt_30
4c8b8048e33af2bf94f2eb547746a916,SP,ibitinga,10,0,10,0.0000000000,0.0,0 / 10,0,0.0000000000,0.0,-6.0000,NULL,4,0,0.0000000000,6,0,0.0000000000,8,0,0.0000000000,2,0.2000000000,1245.81,1474.29,0,0,below_floor,393,0.0780768749,0.07638571932468,0.0356083086,0.0666666667,0.1016949153,0.1428571429,0.1752577320,0,0,0,0,0,1,NULL,standard_terms,usable_n_lt_30
4ebdc7e6cd6102a022dadc49156d4ea8,SP,sao paulo,10,0,10,0.0000000000,0.0,0 / 10,0,0.0000000000,0.0,-9.0000,NULL,7,0,0.0000000000,3,0,0.0000000000,10,0,0.0000000000,0,0.0000000000,248.00,376.64,0,0,below_floor,393,0.0780768749,0.07638571932468,0.0356083086,0.0666666667,0.1016949153,0.1428571429,0.1752577320,0,0,0,0,0,1,NULL,standard_terms,usable_n_lt_30
54583ab379489add547fe47b628db589,SP,sao bernardo do campo,10,0,10,0.0000000000,0.0,0 / 10,0,0.0000000000,0.0,-4.5000,NULL,0,0,NULL,10,0,0.0000000000,10,0,0.0000000000,0,0.0000000000,2240.00,2391.08,0,0,below_floor,393,0.0780768749,0.07638571932468,0.0356083086,0.0666666667,0.1016949153,0.1428571429,0.1752577320,0,0,0,0,0,1,NULL,standard_terms,usable_n_lt_30
59cea8e446d3834393058e7e0666b6fb,PR,maringa,10,0,10,0.0000000000,0.0,0 / 10,0,0.0000000000,0.0,-20.0000,NULL,0,0,NULL,10,0,0.0000000000,10,0,0.0000000000,0,0.0000000000,696.60,901.14,0,0,below_floor,393,0.0780768749,0.07638571932468,0.0356083086,0.0666666667,0.1016949153,0.1428571429,0.1752577320,0,0,0,0,0,1,NULL,standard_terms,usable_n_lt_30
5ef131ac72773e5b3f6c0d63cf424657,SP,ribeirao preto,10,0,10,0.0000000000,0.0,0 / 10,0,0.0000000000,0.0,-12.5000,NULL,0,0,NULL,10,0,0.0000000000,9,0,0.0000000000,1,0.1000000000,575.79,821.99,0,0,below_floor,393,0.0780768749,0.07638571932468,0.0356083086,0.0666666667,0.1016949153,0.1428571429,0.1752577320,0,0,0,0,0,1,NULL,standard_terms,usable_n_lt_30
5f26c1408a65b42a7224cd463bdf3292,PR,arapongas,10,0,10,0.0000000000,0.0,0 / 10,0,0.0000000000,0.0,-16.5000,NULL,0,0,NULL,10,0,0.0000000000,10,0,0.0000000000,0,0.0000000000,1139.80,1357.09,0,0,below_floor,393,0.0780768749,0.07638571932468,0.0356083086,0.0666666667,0.1016949153,0.1428571429,0.1752577320,0,0,0,0,0,1,NULL,standard_terms,usable_n_lt_30
89a51f50b8095ea78d5768f34c13a76f,DF,brasilia,10,0,10,0.0000000000,0.0,0 / 10,0,0.0000000000,0.0,-13.5000,NULL,3,0,0.0000000000,7,0,0.0000000000,10,0,0.0000000000,0,0.0000000000,677.16,854.26,0,0,below_floor,393,0.0780768749,0.07638571932468,0.0356083086,0.0666666667,0.1016949153,0.1428571429,0.1752577320,0,0,0,0,0,1,NULL,standard_terms,usable_n_lt_30
8e2b3afb420011ef0c88c9d5f11ea526,SP,campinas,10,0,10,0.0000000000,0.0,0 / 10,0,0.0000000000,0.0,-11.5000,NULL,10,0,0.0000000000,0,0,NULL,9,0,0.0000000000,1,0.1000000000,1243.60,1381.73,0,0,below_floor,393,0.0780768749,0.07638571932468,0.0356083086,0.0666666667,0.1016949153,0.1428571429,0.1752577320,0,0,0,0,0,1,NULL,standard_terms,usable_n_lt_30
93b9a99027bd8bd6af682aff18dd19bf,SP,mairipora,10,0,10,0.0000000000,0.0,0 / 10,0,0.0000000000,0.0,-22.5000,NULL,5,0,0.0000000000,5,0,0.0000000000,9,0,0.0000000000,1,0.1000000000,1156.00,1459.90,0,0,below_floor,393,0.0780768749,0.07638571932468,0.0356083086,0.0666666667,0.1016949153,0.1428571429,0.1752577320,0,0,0,0,0,1,NULL,standard_terms,usable_n_lt_30
9de4643a8dbde634fe55621059d92273,SC,joinville,10,0,10,0.0000000000,0.0,0 / 10,1,0.1000000000,10.0,-14.0000,NULL,10,0,0.0000000000,0,0,NULL,10,0,0.0000000000,0,0.0000000000,2532.89,2753.58,0,0,below_floor,393,0.0780768749,0.07638571932468,0.0356083086,0.0666666667,0.1016949153,0.1428571429,0.1752577320,0,0,0,0,0,1,NULL,standard_terms,usable_n_lt_30
aac51c486b672a9850d59f3e84b1cf88,SP,sao paulo,10,0,10,0.0000000000,0.0,0 / 10,0,0.0000000000,0.0,-6.0000,NULL,0,0,NULL,10,0,0.0000000000,10,0,0.0000000000,0,0.0000000000,728.28,859.57,0,0,below_floor,393,0.0780768749,0.07638571932468,0.0356083086,0.0666666667,0.1016949153,0.1428571429,0.1752577320,0,0,0,0,0,1,NULL,standard_terms,usable_n_lt_30
ade45994b717ccee333492330fbf037b,PR,umuarama,10,0,10,0.0000000000,0.0,0 / 10,0,0.0000000000,0.0,-27.0000,NULL,0,0,NULL,10,0,0.0000000000,10,0,0.0000000000,0,0.0000000000,7196.00,7479.63,0,0,below_floor,393,0.0780768749,0.07638571932468,0.0356083086,0.0666666667,0.1016949153,0.1428571429,0.1752577320,0,0,0,0,0,1,NULL,standard_terms,usable_n_lt_30
b16d3dadc47d4eb18be3d88bad0775ce,RS,estancia velha,10,0,10,0.0000000000,0.0,0 / 10,1,0.1000000000,10.0,-22.5000,NULL,0,0,NULL,10,0,0.0000000000,10,0,0.0000000000,0,0.0000000000,722.10,900.54,0,0,below_floor,393,0.0780768749,0.07638571932468,0.0356083086,0.0666666667,0.1016949153,0.1428571429,0.1752577320,0,0,0,0,0,1,NULL,standard_terms,usable_n_lt_30
c5f7e746b7e6d07def6c0dae9903279b,PR,curitiba,10,0,10,0.0000000000,0.0,0 / 10,0,0.0000000000,0.0,-18.5000,NULL,1,0,0.0000000000,9,0,0.0000000000,9,0,0.0000000000,1,0.1000000000,1429.00,1658.92,0,0,below_floor,393,0.0780768749,0.07638571932468,0.0356083086,0.0666666667,0.1016949153,0.1428571429,0.1752577320,0,0,0,0,0,1,NULL,standard_terms,usable_n_lt_30
cbf09e831b0c11f6f23ffb51004db972,SP,sbc/sp,10,0,10,0.0000000000,0.0,0 / 10,0,0.0000000000,0.0,-9.0000,NULL,0,0,NULL,10,0,0.0000000000,10,0,0.0000000000,0,0.0000000000,1535.20,1815.40,0,0,below_floor,393,0.0780768749,0.07638571932468,0.0356083086,0.0666666667,0.1016949153,0.1428571429,0.1752577320,0,0,0,0,0,1,NULL,standard_terms,usable_n_lt_30
fb3cfbc8a86f5d7fbb4d36b8df63f60d,RJ,rio de janeiro,10,0,10,0.0000000000,0.0,0 / 10,0,0.0000000000,0.0,-11.5000,NULL,0,0,NULL,10,0,0.0000000000,9,0,0.0000000000,1,0.1000000000,1007.30,1225.06,0,0,below_floor,393,0.0780768749,0.07638571932468,0.0356083086,0.0666666667,0.1016949153,0.1428571429,0.1752577320,0,0,0,0,0,1,NULL,standard_terms,usable_n_lt_30
fe49ee029e61e789a1f3a5525f57ba8d,SP,osasco,10,0,10,0.0000000000,0.0,0 / 10,0,0.0000000000,0.0,-13.0000,NULL,10,0,0.0000000000,0,0,NULL,10,0,0.0000000000,0,0.0000000000,1909.80,2053.18,0,0,below_floor,393,0.0780768749,0.07638571932468,0.0356083086,0.0666666667,0.1016949153,0.1428571429,0.1752577320,0,0,0,0,0,1,NULL,standard_terms,usable_n_lt_30
ff4e2d38692ce827b1a4f4b8196e680d,SP,sao paulo,10,0,10,0.0000000000,0.0,0 / 10,0,0.0000000000,0.0,-14.0000,NULL,2,0,0.0000000000,8,0,0.0000000000,10,0,0.0000000000,0,0.0000000000,450.90,592.46,0,0,below_floor,393,0.0780768749,0.07638571932468,0.0356083086,0.0666666667,0.1016949153,0.1428571429,0.1752577320,0,0,0,0,0,1,NULL,standard_terms,usable_n_lt_30
ffad1e7127fb622cb64a900751590acd,SP,americana,10,0,10,0.0000000000,0.0,0 / 10,0,0.0000000000,0.0,-11.0000,NULL,2,0,0.0000000000,8,0,0.0000000000,10,0,0.0000000000,0,0.0000000000,884.30,1090.83,0,0,below_floor,393,0.0780768749,0.07638571932468,0.0356083086,0.0666666667,0.1016949153,0.1428571429,0.1752577320,0,0,0,0,0,1,NULL,standard_terms,usable_n_lt_30
ffdd9f82b9a447f6f8d4b91554cc7dd3,PR,curitiba,10,0,10,0.0000000000,0.0,0 / 10,0,0.0000000000,0.0,-11.5000,NULL,6,0,0.0000000000,4,0,0.0000000000,10,0,0.0000000000,0,0.0000000000,847.10,1089.74,0,0,below_floor,393,0.0780768749,0.07638571932468,0.0356083086,0.0666666667,0.1016949153,0.1428571429,0.1752577320,0,0,0,0,0,1,NULL,standard_terms,usable_n_lt_30
039b29ff3b3473435d0cd59040575de9,SP,ribeirao pires,9,0,9,0.0000000000,0.0,0 / 9,0,0.0000000000,0.0,-8.0000,NULL,2,0,0.0000000000,7,0,0.0000000000,9,0,0.0000000000,0,0.0000000000,114.90,215.55,0,0,below_floor,393,0.0780768749,0.07638571932468,0.0356083086,0.0666666667,0.1016949153,0.1428571429,0.1752577320,0,0,0,0,0,1,NULL,standard_terms,usable_n_lt_30
0432ead42b6c8a0bdf68154add917fdf,SP,maua,9,0,9,0.0000000000,0.0,0 / 9,1,0.1111111111,11.1,-10.0000,NULL,7,0,0.0000000000,2,0,0.0000000000,9,0,0.0000000000,0,0.0000000000,723.10,863.81,0,0,below_floor,393,0.0780768749,0.07638571932468,0.0356083086,0.0666666667,0.1016949153,0.1428571429,0.1752577320,0,0,0,0,0,1,NULL,standard_terms,usable_n_lt_30
0bebbb2cea103a4a020c95d43fd7d754,SP,sao paulo,9,0,9,0.0000000000,0.0,0 / 9,0,0.0000000000,0.0,-10.0000,NULL,0,0,NULL,9,0,0.0000000000,9,0,0.0000000000,0,0.0000000000,1367.20,1514.34,2,0,below_floor,393,0.0780768749,0.07638571932468,0.0356083086,0.0666666667,0.1016949153,0.1428571429,0.1752577320,0,0,0,0,0,1,NULL,standard_terms,usable_n_lt_30
0ddefe3c7a032b91f4e25b9c3a08fca1,SP,sao bernardo do campo,9,0,9,0.0000000000,0.0,0 / 9,0,0.0000000000,0.0,-7.0000,NULL,2,0,0.0000000000,7,0,0.0000000000,9,0,0.0000000000,0,0.0000000000,402.90,552.90,0,0,below_floor,393,0.0780768749,0.07638571932468,0.0356083086,0.0666666667,0.1016949153,0.1428571429,0.1752577320,0,0,0,0,0,1,NULL,standard_terms,usable_n_lt_30
1996942dc085d7773ba77a529b163cd0,SP,pradopolis,9,0,9,0.0000000000,0.0,0 / 9,0,0.0000000000,0.0,-14.0000,NULL,0,0,NULL,9,0,0.0000000000,8,0,0.0000000000,1,0.1111111111,2383.52,2568.80,0,0,below_floor,393,0.0780768749,0.07638571932468,0.0356083086,0.0666666667,0.1016949153,0.1428571429,0.1752577320,0,0,0,0,0,1,NULL,standard_terms,usable_n_lt_30
2a61c271b1ac763450d846849783e922,SP,santo andre,9,0,9,0.0000000000,0.0,0 / 9,0,0.0000000000,0.0,-10.0000,NULL,9,0,0.0000000000,0,0,NULL,9,0,0.0000000000,0,0.0000000000,782.87,1069.69,0,0,below_floor,393,0.0780768749,0.07638571932468,0.0356083086,0.0666666667,0.1016949153,0.1428571429,0.1752577320,0,0,0,0,0,1,NULL,standard_terms,usable_n_lt_30
33d677f27a69b84051204ee4ae76eaca,SC,joinville,9,0,9,0.0000000000,0.0,0 / 9,0,0.0000000000,0.0,-17.0000,NULL,4,0,0.0000000000,5,0,0.0000000000,9,0,0.0000000000,0,0.0000000000,165.00,338.49,0,0,below_floor,393,0.0780768749,0.07638571932468,0.0356083086,0.0666666667,0.1016949153,0.1428571429,0.1752577320,0,0,0,0,0,1,NULL,standard_terms,usable_n_lt_30
402916f742e5c740cc751493d9cf5053,MG,guanhaes,9,0,9,0.0000000000,0.0,0 / 9,0,0.0000000000,0.0,-15.5000,NULL,0,0,NULL,9,0,0.0000000000,9,0,0.0000000000,0,0.0000000000,1252.00,1478.43,1,0,below_floor,393,0.0780768749,0.07638571932468,0.0356083086,0.0666666667,0.1016949153,0.1428571429,0.1752577320,0,0,0,0,0,1,NULL,standard_terms,usable_n_lt_30
457fe919b032a3f7dadba6fb92cf7855,SP,paulinia,9,0,9,0.0000000000,0.0,0 / 9,1,0.1111111111,11.1,-6.0000,NULL,0,0,NULL,9,0,0.0000000000,9,0,0.0000000000,0,0.0000000000,1104.89,1246.11,0,0,below_floor,393,0.0780768749,0.07638571932468,0.0356083086,0.0666666667,0.1016949153,0.1428571429,0.1752577320,0,0,0,0,0,1,NULL,standard_terms,usable_n_lt_30
4917cee8d902e13428c3ec4b1ca6f315,SC,blumenau,9,0,9,0.0000000000,0.0,0 / 9,0,0.0000000000,0.0,-13.0000,NULL,5,0,0.0000000000,4,0,0.0000000000,9,0,0.0000000000,0,0.0000000000,1796.90,2129.88,0,0,below_floor,393,0.0780768749,0.07638571932468,0.0356083086,0.0666666667,0.1016949153,0.1428571429,0.1752577320,0,0,0,0,0,1,NULL,standard_terms,usable_n_lt_30
508808d438fe2ff972ed13bb8f4a82e2,SP,sao paulo,9,0,9,0.0000000000,0.0,0 / 9,0,0.0000000000,0.0,-5.0000,NULL,0,0,NULL,9,0,0.0000000000,8,0,0.0000000000,1,0.1111111111,234.84,346.04,0,0,below_floor,393,0.0780768749,0.07638571932468,0.0356083086,0.0666666667,0.1016949153,0.1428571429,0.1752577320,0,0,0,0,0,1,NULL,standard_terms,usable_n_lt_30
5b51032eddd242adc84c38acab88f23d,MG,borda da mata,9,0,9,0.0000000000,0.0,0 / 9,0,0.0000000000,0.0,-14.0000,NULL,7,0,0.0000000000,2,0,0.0000000000,8,0,0.0000000000,1,0.1111111111,2544.00,2736.34,0,0,below_floor,393,0.0780768749,0.07638571932468,0.0356083086,0.0666666667,0.1016949153,0.1428571429,0.1752577320,0,0,0,0,0,1,NULL,standard_terms,usable_n_lt_30
5c3460cd3e8a984382ae254e7dd20d9f,SP,sao jose do rio preto,9,0,9,0.0000000000,0.0,0 / 9,0,0.0000000000,0.0,-11.0000,NULL,3,0,0.0000000000,6,0,0.0000000000,9,0,0.0000000000,0,0.0000000000,775.76,974.30,0,0,below_floor,393,0.0780768749,0.07638571932468,0.0356083086,0.0666666667,0.1016949153,0.1428571429,0.1752577320,0,0,0,0,0,1,NULL,standard_terms,usable_n_lt_30
5f7300535881cef3b625fd683cf7d145,RS,canoas,9,0,9,0.0000000000,0.0,0 / 9,0,0.0000000000,0.0,-12.0000,NULL,4,0,0.0000000000,5,0,0.0000000000,8,0,0.0000000000,1,0.1111111111,636.08,790.82,0,0,below_floor,393,0.0780768749,0.07638571932468,0.0356083086,0.0666666667,0.1016949153,0.1428571429,0.1752577320,0,0,0,0,0,1,NULL,standard_terms,usable_n_lt_30
6338ea67c41078a46ad99cc009654956,RS,farroupilha,9,0,9,0.0000000000,0.0,0 / 9,0,0.0000000000,0.0,-17.0000,NULL,6,0,0.0000000000,3,0,0.0000000000,8,0,0.0000000000,1,0.1111111111,463.08,665.22,0,0,below_floor,393,0.0780768749,0.07638571932468,0.0356083086,0.0666666667,0.1016949153,0.1428571429,0.1752577320,0,0,0,0,0,1,NULL,standard_terms,usable_n_lt_30
6806dad1da97bfb5a9038eac6881f706,PR,guaratuba,9,0,9,0.0000000000,0.0,0 / 9,1,0.1111111111,11.1,-11.0000,NULL,6,0,0.0000000000,3,0,0.0000000000,9,0,0.0000000000,0,0.0000000000,1378.00,1668.82,0,0,below_floor,393,0.0780768749,0.07638571932468,0.0356083086,0.0666666667,0.1016949153,0.1428571429,0.1752577320,0,0,0,0,0,1,NULL,standard_terms,usable_n_lt_30
6c99c983ce3b6ba0ab813e6790e81691,MG,uberlandia,9,0,9,0.0000000000,0.0,0 / 9,0,0.0000000000,0.0,-14.0000,NULL,0,0,NULL,9,0,0.0000000000,9,0,0.0000000000,0,0.0000000000,546.75,752.51,0,0,below_floor,393,0.0780768749,0.07638571932468,0.0356083086,0.0666666667,0.1016949153,0.1428571429,0.1752577320,0,0,0,0,0,1,NULL,standard_terms,usable_n_lt_30
6eb94e1466490d327a09abf8f3552a50,SP,jundiai,9,0,9,0.0000000000,0.0,0 / 9,1,0.1111111111,11.1,-13.0000,NULL,0,0,NULL,9,0,0.0000000000,9,0,0.0000000000,0,0.0000000000,1372.95,1587.22,0,0,below_floor,393,0.0780768749,0.07638571932468,0.0356083086,0.0666666667,0.1016949153,0.1428571429,0.1752577320,0,0,0,0,0,1,NULL,standard_terms,usable_n_lt_30
75fbb52eda0cbc24f479d3b2fbfa8d3e,GO,goiania,9,0,9,0.0000000000,0.0,0 / 9,0,0.0000000000,0.0,-13.0000,NULL,7,0,0.0000000000,2,0,0.0000000000,9,0,0.0000000000,0,0.0000000000,372.20,671.43,0,0,below_floor,393,0.0780768749,0.07638571932468,0.0356083086,0.0666666667,0.1016949153,0.1428571429,0.1752577320,0,0,0,0,0,1,NULL,standard_terms,usable_n_lt_30
8c5e007d7bd5693fa1386ffefbc99f6c,SP,indaiatuba,9,0,9,0.0000000000,0.0,0 / 9,0,0.0000000000,0.0,-7.0000,NULL,0,0,NULL,9,0,0.0000000000,9,0,0.0000000000,0,0.0000000000,1029.11,1407.41,0,0,below_floor,393,0.0780768749,0.07638571932468,0.0356083086,0.0666666667,0.1016949153,0.1428571429,0.1752577320,0,0,0,0,0,1,NULL,standard_terms,usable_n_lt_30
9646c3513289980f17226a2fc4720dbd,SP,sao jose dos campos,9,0,9,0.0000000000,0.0,0 / 9,0,0.0000000000,0.0,-12.0000,NULL,3,0,0.0000000000,6,0,0.0000000000,9,0,0.0000000000,0,0.0000000000,214.90,338.05,0,0,below_floor,393,0.0780768749,0.07638571932468,0.0356083086,0.0666666667,0.1016949153,0.1428571429,0.1752577320,0,0,0,0,0,1,NULL,standard_terms,usable_n_lt_30
9c690ceacd5c66731bf443ea810195cb,MG,camanducaia,9,0,9,0.0000000000,0.0,0 / 9,0,0.0000000000,0.0,-19.0000,NULL,3,0,0.0000000000,6,0,0.0000000000,9,0,0.0000000000,0,0.0000000000,771.90,1003.98,0,0,below_floor,393,0.0780768749,0.07638571932468,0.0356083086,0.0666666667,0.1016949153,0.1428571429,0.1752577320,0,0,0,0,0,1,NULL,standard_terms,usable_n_lt_30
a425f92c199eb576938df686728acd20,PR,curitiba,9,0,9,0.0000000000,0.0,0 / 9,0,0.0000000000,0.0,-16.0000,NULL,4,0,0.0000000000,5,0,0.0000000000,9,0,0.0000000000,0,0.0000000000,709.80,884.39,0,0,below_floor,393,0.0780768749,0.07638571932468,0.0356083086,0.0666666667,0.1016949153,0.1428571429,0.1752577320,0,0,0,0,0,1,NULL,standard_terms,usable_n_lt_30
ae45df84722b1d15c5f32b23a095746c,SP,sao paulo,9,0,9,0.0000000000,0.0,0 / 9,0,0.0000000000,0.0,-14.0000,NULL,1,0,0.0000000000,8,0,0.0000000000,9,0,0.0000000000,0,0.0000000000,901.83,1065.49,0,0,below_floor,393,0.0780768749,0.07638571932468,0.0356083086,0.0666666667,0.1016949153,0.1428571429,0.1752577320,0,0,0,0,0,1,NULL,standard_terms,usable_n_lt_30
b8578d2d823bd8e251f6fdd02b40902d,SC,blumenau,9,0,9,0.0000000000,0.0,0 / 9,0,0.0000000000,0.0,-24.0000,NULL,3,0,0.0000000000,6,0,0.0000000000,8,0,0.0000000000,1,0.1111111111,1255.60,1499.60,0,0,below_floor,393,0.0780768749,0.07638571932468,0.0356083086,0.0666666667,0.1016949153,0.1428571429,0.1752577320,0,0,0,0,0,1,NULL,standard_terms,usable_n_lt_30
c26a2be5b53b7db6b276280da212a779,RJ,nova friburgo,9,0,9,0.0000000000,0.0,0 / 9,0,0.0000000000,0.0,-14.0000,NULL,4,0,0.0000000000,5,0,0.0000000000,9,0,0.0000000000,0,0.0000000000,5786.00,6505.41,0,0,below_floor,393,0.0780768749,0.07638571932468,0.0356083086,0.0666666667,0.1016949153,0.1428571429,0.1752577320,0,0,0,0,0,1,NULL,standard_terms,usable_n_lt_30
cac63f48c38cd7d002a7e846dcd99a23,SP,sumare,9,0,9,0.0000000000,0.0,0 / 9,0,0.0000000000,0.0,-13.0000,NULL,4,0,0.0000000000,5,0,0.0000000000,8,0,0.0000000000,1,0.1111111111,779.10,905.31,0,0,below_floor,393,0.0780768749,0.07638571932468,0.0356083086,0.0666666667,0.1016949153,0.1428571429,0.1752577320,0,0,0,0,0,1,NULL,standard_terms,usable_n_lt_30
d1b9d4be4b6f9ebd85f8acd6745ba612,MG,nova lima,9,0,9,0.0000000000,0.0,0 / 9,0,0.0000000000,0.0,-9.0000,NULL,6,0,0.0000000000,3,0,0.0000000000,9,0,0.0000000000,0,0.0000000000,926.05,1064.65,0,0,below_floor,393,0.0780768749,0.07638571932468,0.0356083086,0.0666666667,0.1016949153,0.1428571429,0.1752577320,0,0,0,0,0,1,NULL,standard_terms,usable_n_lt_30
d29ba1220fb8634fa3a107e54497b8a4,SP,sao carlos,9,0,9,0.0000000000,0.0,0 / 9,0,0.0000000000,0.0,-12.0000,NULL,4,0,0.0000000000,5,0,0.0000000000,9,0,0.0000000000,0,0.0000000000,724.94,907.86,0,0,below_floor,393,0.0780768749,0.07638571932468,0.0356083086,0.0666666667,0.1016949153,0.1428571429,0.1752577320,0,0,0,0,0,1,NULL,standard_terms,usable_n_lt_30
daf565f087a52def0fd5c5825b3661bc,SC,brusque,9,0,9,0.0000000000,0.0,0 / 9,1,0.1111111111,11.1,-18.0000,NULL,0,0,NULL,9,0,0.0000000000,8,0,0.0000000000,1,0.1111111111,813.90,1121.83,0,0,below_floor,393,0.0780768749,0.07638571932468,0.0356083086,0.0666666667,0.1016949153,0.1428571429,0.1752577320,0,0,0,0,0,1,NULL,standard_terms,usable_n_lt_30
e81e1f9c3e762e620f3fb60a51499e16,SC,curitibanos,9,0,9,0.0000000000,0.0,0 / 9,0,0.0000000000,0.0,-20.0000,NULL,9,0,0.0000000000,0,0,NULL,9,0,0.0000000000,0,0.0000000000,2696.99,2969.55,0,0,below_floor,393,0.0780768749,0.07638571932468,0.0356083086,0.0666666667,0.1016949153,0.1428571429,0.1752577320,0,0,0,0,0,1,NULL,standard_terms,usable_n_lt_30
ea65d8b58316a6f2362f2a9e4b3e86ad,SP,campinas,9,0,9,0.0000000000,0.0,0 / 9,0,0.0000000000,0.0,-9.0000,NULL,1,0,0.0000000000,8,0,0.0000000000,9,0,0.0000000000,0,0.0000000000,2061.40,2292.22,0,0,below_floor,393,0.0780768749,0.07638571932468,0.0356083086,0.0666666667,0.1016949153,0.1428571429,0.1752577320,0,0,0,0,0,1,NULL,standard_terms,usable_n_lt_30
f12d3c2a14729ae461b920c11fe20fdc,SP,santo andre,9,0,9,0.0000000000,0.0,0 / 9,0,0.0000000000,0.0,-9.0000,NULL,0,0,NULL,9,0,0.0000000000,9,0,0.0000000000,0,0.0000000000,364.45,459.32,0,0,below_floor,393,0.0780768749,0.07638571932468,0.0356083086,0.0666666667,0.1016949153,0.1428571429,0.1752577320,0,0,0,0,0,1,NULL,standard_terms,usable_n_lt_30
f9244d45189d3a3605499abddeade7d5,SP,sao paulo,9,0,9,0.0000000000,0.0,0 / 9,0,0.0000000000,0.0,-15.0000,NULL,4,0,0.0000000000,5,0,0.0000000000,9,0,0.0000000000,0,0.0000000000,8999.82,9409.92,0,0,below_floor,393,0.0780768749,0.07638571932468,0.0356083086,0.0666666667,0.1016949153,0.1428571429,0.1752577320,0,0,0,0,0,1,NULL,standard_terms,usable_n_lt_30
f9903dd0f812c7e771fcad47b6fff231,SC,blumenau,9,0,9,0.0000000000,0.0,0 / 9,0,0.0000000000,0.0,-16.0000,NULL,3,0,0.0000000000,6,0,0.0000000000,7,0,0.0000000000,2,0.2222222222,1634.87,2034.70,0,0,below_floor,393,0.0780768749,0.07638571932468,0.0356083086,0.0666666667,0.1016949153,0.1428571429,0.1752577320,0,0,0,0,0,1,NULL,standard_terms,usable_n_lt_30
f9ec7093df3a7b346b7bcf7864069ca3,SP,sao paulo,9,0,9,0.0000000000,0.0,0 / 9,1,0.1111111111,11.1,-7.0000,NULL,0,0,NULL,9,0,0.0000000000,8,0,0.0000000000,1,0.1111111111,519.20,638.13,0,0,below_floor,393,0.0780768749,0.07638571932468,0.0356083086,0.0666666667,0.1016949153,0.1428571429,0.1752577320,0,0,0,0,0,1,NULL,standard_terms,usable_n_lt_30
fac1a9017ade7bdc94058fc1c969f355,SP,sao paulo,9,0,9,0.0000000000,0.0,0 / 9,0,0.0000000000,0.0,-8.0000,NULL,0,0,NULL,9,0,0.0000000000,9,0,0.0000000000,0,0.0000000000,2010.84,2222.91,0,0,below_floor,393,0.0780768749,0.07638571932468,0.0356083086,0.0666666667,0.1016949153,0.1428571429,0.1752577320,0,0,0,0,0,1,NULL,standard_terms,usable_n_lt_30
fec6275253471ace26d209bbaa64cd0f,RJ,nova friburgo,9,0,9,0.0000000000,0.0,0 / 9,0,0.0000000000,0.0,-17.0000,NULL,6,0,0.0000000000,3,0,0.0000000000,9,0,0.0000000000,0,0.0000000000,2840.00,3195.67,0,0,below_floor,393,0.0780768749,0.07638571932468,0.0356083086,0.0666666667,0.1016949153,0.1428571429,0.1752577320,0,0,0,0,0,1,NULL,standard_terms,usable_n_lt_30
034b9387752bfa309f350a70cd45ffa3,SC,blumenau,8,0,8,0.0000000000,0.0,0 / 8,0,0.0000000000,0.0,-15.0000,NULL,4,0,0.0000000000,4,0,0.0000000000,8,0,0.0000000000,0,0.0000000000,96.00,240.26,0,0,below_floor,393,0.0780768749,0.07638571932468,0.0356083086,0.0666666667,0.1016949153,0.1428571429,0.1752577320,0,0,0,0,0,1,NULL,standard_terms,usable_n_lt_30
06bb3a2fe5e7b7a845b13e8fb91bd944,MG,belo horizonte,8,0,8,0.0000000000,0.0,0 / 8,0,0.0000000000,0.0,-13.5000,NULL,5,0,0.0000000000,3,0,0.0000000000,8,0,0.0000000000,0,0.0000000000,693.59,868.18,0,0,below_floor,393,0.0780768749,0.07638571932468,0.0356083086,0.0666666667,0.1016949153,0.1428571429,0.1752577320,0,0,0,0,0,1,NULL,standard_terms,usable_n_lt_30
13c2ed7698b3ca92dad49e849219da59,PR,ponta grossa,8,0,8,0.0000000000,0.0,0 / 8,0,0.0000000000,0.0,-9.5000,NULL,4,0,0.0000000000,4,0,0.0000000000,8,0,0.0000000000,0,0.0000000000,498.61,653.29,0,0,below_floor,393,0.0780768749,0.07638571932468,0.0356083086,0.0666666667,0.1016949153,0.1428571429,0.1752577320,0,0,0,0,0,1,NULL,standard_terms,usable_n_lt_30
297d5eccd19fa9a83b2630071ff105e4,PR,curitiba,8,0,8,0.0000000000,0.0,0 / 8,0,0.0000000000,0.0,-10.0000,NULL,0,0,NULL,8,0,0.0000000000,8,0,0.0000000000,0,0.0000000000,834.97,976.73,0,0,below_floor,393,0.0780768749,0.07638571932468,0.0356083086,0.0666666667,0.1016949153,0.1428571429,0.1752577320,0,0,0,0,0,1,NULL,standard_terms,usable_n_lt_30
2c4c47cb51acd5ea5db5e0ae0e26542a,SP,buritama,8,0,8,0.0000000000,0.0,0 / 8,0,0.0000000000,0.0,-17.0000,NULL,3,0,0.0000000000,5,0,0.0000000000,7,0,0.0000000000,1,0.1250000000,1676.78,1903.32,0,0,below_floor,393,0.0780768749,0.07638571932468,0.0356083086,0.0666666667,0.1016949153,0.1428571429,0.1752577320,0,0,0,0,0,1,NULL,standard_terms,usable_n_lt_30
2dee2ce60de9709b1a24083217181a1f,MT,sinop,8,0,8,0.0000000000,0.0,0 / 8,0,0.0000000000,0.0,-22.0000,NULL,4,0,0.0000000000,4,0,0.0000000000,8,0,0.0000000000,0,0.0000000000,1494.00,1895.56,0,0,below_floor,393,0.0780768749,0.07638571932468,0.0356083086,0.0666666667,0.1016949153,0.1428571429,0.1752577320,0,0,0,0,0,1,NULL,standard_terms,usable_n_lt_30
3492e68f37fd1df87f4f2f2ea247f445,SP,salto,8,0,8,0.0000000000,0.0,0 / 8,1,0.1250000000,12.5,-8.0000,NULL,0,0,NULL,8,0,0.0000000000,8,0,0.0000000000,0,0.0000000000,787.86,957.26,0,0,below_floor,393,0.0780768749,0.07638571932468,0.0356083086,0.0666666667,0.1016949153,0.1428571429,0.1752577320,0,0,0,0,0,1,NULL,standard_terms,usable_n_lt_30
34f563c82a85b99ae9e6d60db5fc2e28,RS,campo bom,8,0,8,0.0000000000,0.0,0 / 8,0,0.0000000000,0.0,-13.0000,NULL,2,0,0.0000000000,6,0,0.0000000000,7,0,0.0000000000,1,0.1250000000,2332.30,2578.50,0,0,below_floor,393,0.0780768749,0.07638571932468,0.0356083086,0.0666666667,0.1016949153,0.1428571429,0.1752577320,0,0,0,0,0,1,NULL,standard_terms,usable_n_lt_30
41b14765bd56c8ad10971074380f9c0c,SP,santo andre,8,0,8,0.0000000000,0.0,0 / 8,0,0.0000000000,0.0,-10.0000,NULL,2,0,0.0000000000,6,0,0.0000000000,8,0,0.0000000000,0,0.0000000000,395.50,514.63,0,0,below_floor,393,0.0780768749,0.07638571932468,0.0356083086,0.0666666667,0.1016949153,0.1428571429,0.1752577320,0,0,0,0,0,1,NULL,standard_terms,usable_n_lt_30
455c5640e8c5bd1b2ee85c0158f85727,SC,luiz alves,8,0,8,0.0000000000,0.0,0 / 8,0,0.0000000000,0.0,-23.5000,NULL,5,0,0.0000000000,3,0,0.0000000000,8,0,0.0000000000,0,0.0000000000,6729.50,7186.89,0,0,below_floor,393,0.0780768749,0.07638571932468,0.0356083086,0.0666666667,0.1016949153,0.1428571429,0.1752577320,0,0,0,0,0,1,NULL,standard_terms,usable_n_lt_30
49383af7ab774e4e8f3000f49c83dc4b,SP,taubate,8,0,8,0.0000000000,0.0,0 / 8,0,0.0000000000,0.0,-13.5000,NULL,1,0,0.0000000000,7,0,0.0000000000,7,0,0.0000000000,1,0.1250000000,660.00,902.23,0,0,below_floor,393,0.0780768749,0.07638571932468,0.0356083086,0.0666666667,0.1016949153,0.1428571429,0.1752577320,0,0,0,0,0,1,NULL,standard_terms,usable_n_lt_30
49e7217cfe4e427191c378ec626d8737,MG,formiga,8,0,8,0.0000000000,0.0,0 / 8,0,0.0000000000,0.0,-12.0000,NULL,4,0,0.0000000000,4,0,0.0000000000,8,0,0.0000000000,0,0.0000000000,2346.30,2600.30,0,0,below_floor,393,0.0780768749,0.07638571932468,0.0356083086,0.0666666667,0.1016949153,0.1428571429,0.1752577320,0,0,0,0,0,1,NULL,standard_terms,usable_n_lt_30
4d0041cdbe51b4617d95c70b19decc74,MG,juiz de fora,8,0,8,0.0000000000,0.0,0 / 8,0,0.0000000000,0.0,-11.0000,NULL,0,0,NULL,8,0,0.0000000000,8,0,0.0000000000,0,0.0000000000,5235.20,5465.49,0,0,below_floor,393,0.0780768749,0.07638571932468,0.0356083086,0.0666666667,0.1016949153,0.1428571429,0.1752577320,0,0,0,0,0,1,NULL,standard_terms,usable_n_lt_30
4eb61f060e7dcc1d5a80d806c35cc541,SP,sao paulo,8,0,8,0.0000000000,0.0,0 / 8,0,0.0000000000,0.0,-4.0000,NULL,1,0,0.0000000000,7,0,0.0000000000,7,0,0.0000000000,1,0.1250000000,1313.00,1466.12,1,0,below_floor,393,0.0780768749,0.07638571932468,0.0356083086,0.0666666667,0.1016949153,0.1428571429,0.1752577320,0,0,0,0,0,1,NULL,standard_terms,usable_n_lt_30
55dedd83e501d8248880557d9073cbfd,RJ,rio de janeiro,8,0,8,0.0000000000,0.0,0 / 8,0,0.0000000000,0.0,-7.0000,NULL,0,0,NULL,8,0,0.0000000000,7,0,0.0000000000,1,0.1250000000,1055.30,1166.09,0,0,below_floor,393,0.0780768749,0.07638571932468,0.0356083086,0.0666666667,0.1016949153,0.1428571429,0.1752577320,0,0,0,0,0,1,NULL,standard_terms,usable_n_lt_30
5b664594895aefb418afaee6d40a9a23,RJ,petropolis,8,0,8,0.0000000000,0.0,0 / 8,0,0.0000000000,0.0,-13.5000,NULL,5,0,0.0000000000,3,0,0.0000000000,8,0,0.0000000000,0,0.0000000000,503.10,603.10,0,0,below_floor,393,0.0780768749,0.07638571932468,0.0356083086,0.0666666667,0.1016949153,0.1428571429,0.1752577320,0,0,0,0,0,1,NULL,standard_terms,usable_n_lt_30
5e105f5c9f63f5f1fd75d6cb942e55b1,SP,sao jose do rio preto,8,0,8,0.0000000000,0.0,0 / 8,1,0.1250000000,12.5,-4.0000,NULL,0,0,NULL,8,0,0.0000000000,8,0,0.0000000000,0,0.0000000000,1471.90,1745.73,0,0,below_floor,393,0.0780768749,0.07638571932468,0.0356083086,0.0666666667,0.1016949153,0.1428571429,0.1752577320,0,0,0,0,0,1,NULL,standard_terms,usable_n_lt_30
679769a98cfcc6da877c8486ff1c13f3,MG,ipatinga,8,0,8,0.0000000000,0.0,0 / 8,0,0.0000000000,0.0,-17.5000,NULL,3,0,0.0000000000,5,0,0.0000000000,8,0,0.0000000000,0,0.0000000000,2642.00,2801.66,0,0,below_floor,393,0.0780768749,0.07638571932468,0.0356083086,0.0666666667,0.1016949153,0.1428571429,0.1752577320,0,0,0,0,0,1,NULL,standard_terms,usable_n_lt_30
6b89abe95848c850399130d149a39b63,GO,piracanjuba,8,0,8,0.0000000000,0.0,0 / 8,0,0.0000000000,0.0,-13.5000,NULL,8,0,0.0000000000,0,0,NULL,8,0,0.0000000000,0,0.0000000000,1135.20,1465.73,0,0,below_floor,393,0.0780768749,0.07638571932468,0.0356083086,0.0666666667,0.1016949153,0.1428571429,0.1752577320,0,0,0,0,0,1,NULL,standard_terms,usable_n_lt_30
768de2a4fc06aacecb9a586ccc30746a,DF,brasilia,8,0,8,0.0000000000,0.0,0 / 8,0,0.0000000000,0.0,-13.0000,NULL,7,0,0.0000000000,1,0,0.0000000000,8,0,0.0000000000,0,0.0000000000,278.20,417.69,0,0,below_floor,393,0.0780768749,0.07638571932468,0.0356083086,0.0666666667,0.1016949153,0.1428571429,0.1752577320,0,0,0,0,0,1,NULL,standard_terms,usable_n_lt_30
7b98de631987e26dd6d803490c43a13c,PR,loanda,8,0,8,0.0000000000,0.0,0 / 8,0,0.0000000000,0.0,-13.0000,NULL,0,0,NULL,8,0,0.0000000000,8,0,0.0000000000,0,0.0000000000,634.20,778.63,0,0,below_floor,393,0.0780768749,0.07638571932468,0.0356083086,0.0666666667,0.1016949153,0.1428571429,0.1752577320,0,0,0,0,0,1,NULL,standard_terms,usable_n_lt_30
81783131d2a97c8d44d406a4be81b5d9,SP,sorocaba,8,0,8,0.0000000000,0.0,0 / 8,1,0.1250000000,12.5,-7.5000,NULL,0,0,NULL,8,0,0.0000000000,7,0,0.0000000000,1,0.1250000000,761.84,874.99,0,0,below_floor,393,0.0780768749,0.07638571932468,0.0356083086,0.0666666667,0.1016949153,0.1428571429,0.1752577320,0,0,0,0,0,1,NULL,standard_terms,usable_n_lt_30
8185694b58b2ba6de20fd41ae608bbea,SP,tabao da serra,8,0,8,0.0000000000,0.0,0 / 8,0,0.0000000000,0.0,-7.0000,NULL,3,0,0.0000000000,5,0,0.0000000000,8,0,0.0000000000,0,0.0000000000,1372.30,1602.57,0,0,below_floor,393,0.0780768749,0.07638571932468,0.0356083086,0.0666666667,0.1016949153,0.1428571429,0.1752577320,0,0,0,0,0,1,NULL,standard_terms,usable_n_lt_30
89de2d6f23e9746ff309705b23581faa,PR,londrina,8,0,8,0.0000000000,0.0,0 / 8,0,0.0000000000,0.0,-14.0000,NULL,0,0,NULL,8,0,0.0000000000,8,0,0.0000000000,0,0.0000000000,340.00,500.08,1,0,below_floor,393,0.0780768749,0.07638571932468,0.0356083086,0.0666666667,0.1016949153,0.1428571429,0.1752577320,0,0,0,0,0,1,NULL,standard_terms,usable_n_lt_30
8a9260f2b0340411d6d2a56bcf4f7378,MG,contagem,8,0,8,0.0000000000,0.0,0 / 8,1,0.1250000000,12.5,-9.5000,NULL,5,0,0.0000000000,3,0,0.0000000000,8,0,0.0000000000,0,0.0000000000,1256.00,1396.94,0,0,below_floor,393,0.0780768749,0.07638571932468,0.0356083086,0.0666666667,0.1016949153,0.1428571429,0.1752577320,0,0,0,0,0,1,NULL,standard_terms,usable_n_lt_30
8c0de775f52fe41590b376a3b7c50f68,SP,sumare,8,0,8,0.0000000000,0.0,0 / 8,0,0.0000000000,0.0,-9.5000,NULL,3,0,0.0000000000,5,0,0.0000000000,8,0,0.0000000000,0,0.0000000000,594.80,707.52,0,0,below_floor,393,0.0780768749,0.07638571932468,0.0356083086,0.0666666667,0.1016949153,0.1428571429,0.1752577320,0,0,0,0,0,1,NULL,standard_terms,usable_n_lt_30
a06c8ff043abea0528ee44171e2140a2,MG,divinopolis,8,0,8,0.0000000000,0.0,0 / 8,0,0.0000000000,0.0,-8.5000,NULL,3,0,0.0000000000,5,0,0.0000000000,8,0,0.0000000000,0,0.0000000000,514.50,606.93,0,0,below_floor,393,0.0780768749,0.07638571932468,0.0356083086,0.0666666667,0.1016949153,0.1428571429,0.1752577320,0,0,0,0,0,1,NULL,standard_terms,usable_n_lt_30
a369d693961cb93b61ca2cc518872a85,SP,sao jose do rio preto,8,0,8,0.0000000000,0.0,0 / 8,0,0.0000000000,0.0,-15.0000,NULL,4,0,0.0000000000,4,0,0.0000000000,8,0,0.0000000000,0,0.0000000000,1740.00,2078.56,0,0,below_floor,393,0.0780768749,0.07638571932468,0.0356083086,0.0666666667,0.1016949153,0.1428571429,0.1752577320,0,0,0,0,0,1,NULL,standard_terms,usable_n_lt_30
b8114f2f589a6804810f04f99b36b498,SP,sao bernardo do campo,8,0,8,0.0000000000,0.0,0 / 8,0,0.0000000000,0.0,-10.0000,NULL,1,0,0.0000000000,7,0,0.0000000000,8,0,0.0000000000,0,0.0000000000,1399.62,1692.03,0,0,below_floor,393,0.0780768749,0.07638571932468,0.0356083086,0.0666666667,0.1016949153,0.1428571429,0.1752577320,0,0,0,0,0,1,NULL,standard_terms,usable_n_lt_30
b81e3a6c866a764974fe849821abeebd,SP,maua,8,0,8,0.0000000000,0.0,0 / 8,0,0.0000000000,0.0,-3.5000,NULL,0,0,NULL,8,0,0.0000000000,8,0,0.0000000000,0,0.0000000000,836.15,1053.01,0,0,below_floor,393,0.0780768749,0.07638571932468,0.0356083086,0.0666666667,0.1016949153,0.1428571429,0.1752577320,0,0,0,0,0,1,NULL,standard_terms,usable_n_lt_30
c0098efcf800861dcae589affca31408,SP,ribeirao preto,8,0,8,0.0000000000,0.0,0 / 8,0,0.0000000000,0.0,-12.0000,NULL,6,0,0.0000000000,2,0,0.0000000000,8,0,0.0000000000,0,0.0000000000,1012.48,1178.21,0,0,below_floor,393,0.0780768749,0.07638571932468,0.0356083086,0.0666666667,0.1016949153,0.1428571429,0.1752577320,0,0,0,0,0,1,NULL,standard_terms,usable_n_lt_30
c33a5c3c983090c8b78a28e65052a20d,SC,criciuma,8,0,8,0.0000000000,0.0,0 / 8,0,0.0000000000,0.0,-13.0000,NULL,5,0,0.0000000000,3,0,0.0000000000,7,0,0.0000000000,1,0.1250000000,559.20,687.33,0,0,below_floor,393,0.0780768749,0.07638571932468,0.0356083086,0.0666666667,0.1016949153,0.1428571429,0.1752577320,0,0,0,0,0,1,NULL,standard_terms,usable_n_lt_30
c8cc60ffd415254af5d9b9f34f32c369,SP,sorocaba,8,0,8,0.0000000000,0.0,0 / 8,0,0.0000000000,0.0,-11.0000,NULL,0,0,NULL,8,0,0.0000000000,8,0,0.0000000000,0,0.0000000000,722.20,916.23,0,0,below_floor,393,0.0780768749,0.07638571932468,0.0356083086,0.0666666667,0.1016949153,0.1428571429,0.1752577320,0,0,0,0,0,1,NULL,standard_terms,usable_n_lt_30
d0d70d21e2234dd7cd3cf63fe414148a,PB,sao bento,8,0,8,0.0000000000,0.0,0 / 8,0,0.0000000000,0.0,-17.5000,NULL,0,0,NULL,8,0,0.0000000000,7,0,0.0000000000,1,0.1250000000,598.40,964.99,0,0,below_floor,393,0.0780768749,0.07638571932468,0.0356083086,0.0666666667,0.1016949153,0.1428571429,0.1752577320,0,0,0,0,0,1,NULL,standard_terms,usable_n_lt_30
dace965ca58120f92f8d742a9fa1864b,SP,sao paulo,8,0,8,0.0000000000,0.0,0 / 8,0,0.0000000000,0.0,-11.5000,NULL,6,0,0.0000000000,2,0,0.0000000000,8,0,0.0000000000,0,0.0000000000,1442.00,1573.77,0,0,below_floor,393,0.0780768749,0.07638571932468,0.0356083086,0.0666666667,0.1016949153,0.1428571429,0.1752577320,0,0,0,0,0,1,NULL,standard_terms,usable_n_lt_30
df56d7b40d437f88407c5f78b63bc328,PR,cascavel,8,0,8,0.0000000000,0.0,0 / 8,0,0.0000000000,0.0,-15.0000,NULL,8,0,0.0000000000,0,0,NULL,8,0,0.0000000000,0,0.0000000000,1048.40,1202.80,0,0,below_floor,393,0.0780768749,0.07638571932468,0.0356083086,0.0666666667,0.1016949153,0.1428571429,0.1752577320,0,0,0,0,0,1,NULL,standard_terms,usable_n_lt_30
e0eabded302882513ced4ea3eb0c7059,SP,campinas,8,0,8,0.0000000000,0.0,0 / 8,0,0.0000000000,0.0,-16.5000,NULL,2,0,0.0000000000,6,0,0.0000000000,8,0,0.0000000000,0,0.0000000000,978.40,1117.19,0,0,below_floor,393,0.0780768749,0.07638571932468,0.0356083086,0.0666666667,0.1016949153,0.1428571429,0.1752577320,0,0,0,0,0,1,NULL,standard_terms,usable_n_lt_30
e250d617a0ad591ba9bd663e584a895d,SP,guarulhos,8,0,8,0.0000000000,0.0,0 / 8,0,0.0000000000,0.0,-12.5000,NULL,3,0,0.0000000000,5,0,0.0000000000,7,0,0.0000000000,1,0.1250000000,904.12,1204.91,0,0,below_floor,393,0.0780768749,0.07638571932468,0.0356083086,0.0666666667,0.1016949153,0.1428571429,0.1752577320,0,0,0,0,0,1,NULL,standard_terms,usable_n_lt_30
eb72802c83dc7547529c9546d1a9b8ef,SP,rio claro,8,0,8,0.0000000000,0.0,0 / 8,0,0.0000000000,0.0,-10.5000,NULL,0,0,NULL,8,0,0.0000000000,8,0,0.0000000000,0,0.0000000000,1063.92,1181.63,0,0,below_floor,393,0.0780768749,0.07638571932468,0.0356083086,0.0666666667,0.1016949153,0.1428571429,0.1752577320,0,0,0,0,0,1,NULL,standard_terms,usable_n_lt_30
f205b1a3ca9a34e0f8a228bae6e4c7b3,RS,cachoeirinha,8,0,8,0.0000000000,0.0,0 / 8,0,0.0000000000,0.0,-10.5000,NULL,0,0,NULL,8,0,0.0000000000,8,0,0.0000000000,0,0.0000000000,1088.00,1484.90,0,0,below_floor,393,0.0780768749,0.07638571932468,0.0356083086,0.0666666667,0.1016949153,0.1428571429,0.1752577320,0,0,0,0,0,1,NULL,standard_terms,usable_n_lt_30
f97e2b0650c2068227e1d366140eb62f,SP,santo antonio de posse,8,0,8,0.0000000000,0.0,0 / 8,0,0.0000000000,0.0,-23.0000,NULL,3,0,0.0000000000,5,0,0.0000000000,8,0,0.0000000000,0,0.0000000000,1983.00,2501.07,0,0,below_floor,393,0.0780768749,0.07638571932468,0.0356083086,0.0666666667,0.1016949153,0.1428571429,0.1752577320,0,0,0,0,0,1,NULL,standard_terms,usable_n_lt_30
fe1b067411b8c5066e962aa146ccee03,SP,presidente prudente,8,0,8,0.0000000000,0.0,0 / 8,0,0.0000000000,0.0,-8.5000,NULL,0,0,NULL,8,0,0.0000000000,8,0,0.0000000000,0,0.0000000000,847.78,990.88,0,0,below_floor,393,0.0780768749,0.07638571932468,0.0356083086,0.0666666667,0.1016949153,0.1428571429,0.1752577320,0,0,0,0,0,1,NULL,standard_terms,usable_n_lt_30
02c988090b766852e088c69d7fb3b551,SP,americana,7,0,7,0.0000000000,0.0,0 / 7,0,0.0000000000,0.0,-13.0000,NULL,3,0,0.0000000000,4,0,0.0000000000,7,0,0.0000000000,0,0.0000000000,1014.30,1119.41,0,0,below_floor,393,0.0780768749,0.07638571932468,0.0356083086,0.0666666667,0.1016949153,0.1428571429,0.1752577320,0,0,0,0,0,1,NULL,standard_terms,usable_n_lt_30
04e38a233f726ef161074ab1c9b0399a,SP,sao paulo,7,0,7,0.0000000000,0.0,0 / 7,0,0.0000000000,0.0,-8.0000,NULL,6,0,0.0000000000,1,0,0.0000000000,7,0,0.0000000000,0,0.0000000000,420.10,558.07,0,0,below_floor,393,0.0780768749,0.07638571932468,0.0356083086,0.0666666667,0.1016949153,0.1428571429,0.1752577320,0,0,0,0,0,1,NULL,standard_terms,usable_n_lt_30
07bf9669d84d1f11be443a9dd938f698,SP,sao paulo,7,0,7,0.0000000000,0.0,0 / 7,0,0.0000000000,0.0,-17.0000,NULL,2,0,0.0000000000,5,0,0.0000000000,7,0,0.0000000000,0,0.0000000000,732.00,1060.15,0,0,below_floor,393,0.0780768749,0.07638571932468,0.0356083086,0.0666666667,0.1016949153,0.1428571429,0.1752577320,0,0,0,0,0,1,NULL,standard_terms,usable_n_lt_30
082e0bf4cb865a6533b1e8e498cc0255,SP,botucatu,7,0,7,0.0000000000,0.0,0 / 7,0,0.0000000000,0.0,-18.0000,NULL,1,0,0.0000000000,6,0,0.0000000000,7,0,0.0000000000,0,0.0000000000,1320.20,1958.27,0,0,below_floor,393,0.0780768749,0.07638571932468,0.0356083086,0.0666666667,0.1016949153,0.1428571429,0.1752577320,0,0,0,0,0,1,NULL,standard_terms,usable_n_lt_30
0951a6e282947e09cd47969f4ed0b47f,SP,taboao da serra,7,0,7,0.0000000000,0.0,0 / 7,0,0.0000000000,0.0,-9.0000,NULL,0,0,NULL,7,0,0.0000000000,7,0,0.0000000000,0,0.0000000000,492.30,580.32,0,0,below_floor,393,0.0780768749,0.07638571932468,0.0356083086,0.0666666667,0.1016949153,0.1428571429,0.1752577320,0,0,0,0,0,1,NULL,standard_terms,usable_n_lt_30
112453736dbe3889cfb74e1aaa0ba0c1,SP,sao paulo,7,0,7,0.0000000000,0.0,0 / 7,0,0.0000000000,0.0,-7.0000,NULL,0,0,NULL,7,0,0.0000000000,7,0,0.0000000000,0,0.0000000000,1890.00,2154.77,0,0,below_floor,393,0.0780768749,0.07638571932468,0.0356083086,0.0666666667,0.1016949153,0.1428571429,0.1752577320,0,0,0,0,0,1,NULL,standard_terms,usable_n_lt_30
1b45169b635ef59425637e9a33eb5fb3,PR,maringa,7,0,7,0.0000000000,0.0,0 / 7,0,0.0000000000,0.0,-21.0000,NULL,2,0,0.0000000000,5,0,0.0000000000,7,0,0.0000000000,0,0.0000000000,308.90,419.35,0,0,below_floor,393,0.0780768749,0.07638571932468,0.0356083086,0.0666666667,0.1016949153,0.1428571429,0.1752577320,0,0,0,0,0,1,NULL,standard_terms,usable_n_lt_30
2b1a40c1daabc6ca280c4b815c101841,MG,divinopolis,7,0,7,0.0000000000,0.0,0 / 7,0,0.0000000000,0.0,-14.0000,NULL,5,0,0.0000000000,2,0,0.0000000000,7,0,0.0000000000,0,0.0000000000,3397.82,3859.86,0,0,below_floor,393,0.0780768749,0.07638571932468,0.0356083086,0.0666666667,0.1016949153,0.1428571429,0.1752577320,0,0,0,0,0,1,NULL,standard_terms,usable_n_lt_30
3076499bbc033a927bf4a8a41bcf7fd4,SP,auriflama,7,0,7,0.0000000000,0.0,0 / 7,0,0.0000000000,0.0,-9.0000,NULL,0,0,NULL,7,0,0.0000000000,6,0,0.0000000000,1,0.1428571429,359.33,483.63,0,0,below_floor,393,0.0780768749,0.07638571932468,0.0356083086,0.0666666667,0.1016949153,0.1428571429,0.1752577320,0,0,0,0,0,1,NULL,standard_terms,usable_n_lt_30
343e716476e3748b069f980efbaa294e,SP,campinas,7,0,7,0.0000000000,0.0,0 / 7,0,0.0000000000,0.0,-13.0000,NULL,5,0,0.0000000000,2,0,0.0000000000,7,0,0.0000000000,0,0.0000000000,515.70,703.64,0,0,below_floor,393,0.0780768749,0.07638571932468,0.0356083086,0.0666666667,0.1016949153,0.1428571429,0.1752577320,0,0,0,0,0,1,NULL,standard_terms,usable_n_lt_30
3969863bb8af7f72580b3b1ffd3a17b3,SP,sao paulo,7,0,7,0.0000000000,0.0,0 / 7,0,0.0000000000,0.0,-13.0000,NULL,3,0,0.0000000000,4,0,0.0000000000,6,0,0.0000000000,1,0.1428571429,388.38,539.98,0,0,below_floor,393,0.0780768749,0.07638571932468,0.0356083086,0.0666666667,0.1016949153,0.1428571429,0.1752577320,0,0,0,0,0,1,NULL,standard_terms,usable_n_lt_30
39d61be7a92eb77b7da367bd4845bc0e,SP,sao paulo,7,0,7,0.0000000000,0.0,0 / 7,0,0.0000000000,0.0,-8.0000,NULL,3,0,0.0000000000,4,0,0.0000000000,7,0,0.0000000000,0,0.0000000000,700.59,909.62,0,0,below_floor,393,0.0780768749,0.07638571932468,0.0356083086,0.0666666667,0.1016949153,0.1428571429,0.1752577320,0,0,0,0,0,1,NULL,standard_terms,usable_n_lt_30
3f9be91358837bff69df67edfa3e42e8,PR,londrina,7,0,7,0.0000000000,0.0,0 / 7,0,0.0000000000,0.0,-18.0000,NULL,4,0,0.0000000000,3,0,0.0000000000,6,0,0.0000000000,1,0.1428571429,569.70,702.06,0,0,below_floor,393,0.0780768749,0.07638571932468,0.0356083086,0.0666666667,0.1016949153,0.1428571429,0.1752577320,0,0,0,0,0,1,NULL,standard_terms,usable_n_lt_30
3f9c56764fabca627406093dcb3ef0b4,RJ,rio de janeiro,7,0,7,0.0000000000,0.0,0 / 7,0,0.0000000000,0.0,-8.0000,NULL,7,0,0.0000000000,0,0,NULL,7,0,0.0000000000,0,0.0000000000,909.30,1014.95,0,0,below_floor,393,0.0780768749,0.07638571932468,0.0356083086,0.0666666667,0.1016949153,0.1428571429,0.1752577320,0,0,0,0,0,1,NULL,standard_terms,usable_n_lt_30
439a47cc365d6e3bd526812ea9de3c29,SP,mogi das cruzes,7,0,7,0.0000000000,0.0,0 / 7,1,0.1428571429,14.3,-13.0000,NULL,4,0,0.0000000000,3,0,0.0000000000,7,0,0.0000000000,0,0.0000000000,1059.00,1266.29,0,0,below_floor,393,0.0780768749,0.07638571932468,0.0356083086,0.0666666667,0.1016949153,0.1428571429,0.1752577320,0,0,0,0,0,1,NULL,standard_terms,usable_n_lt_30
52a52b9f656520e99716f5bc40f661c8,SP,sao carlos,7,0,7,0.0000000000,0.0,0 / 7,0,0.0000000000,0.0,-10.0000,NULL,1,0,0.0000000000,6,0,0.0000000000,7,0,0.0000000000,0,0.0000000000,783.10,931.22,0,0,below_floor,393,0.0780768749,0.07638571932468,0.0356083086,0.0666666667,0.1016949153,0.1428571429,0.1752577320,0,0,0,0,0,1,NULL,standard_terms,usable_n_lt_30
55029529919c0123526150bd26ca8f20,MG,contagem,7,0,7,0.0000000000,0.0,0 / 7,0,0.0000000000,0.0,-13.0000,NULL,0,0,NULL,7,0,0.0000000000,7,0,0.0000000000,0,0.0000000000,453.95,588.83,0,0,below_floor,393,0.0780768749,0.07638571932468,0.0356083086,0.0666666667,0.1016949153,0.1428571429,0.1752577320,0,0,0,0,0,1,NULL,standard_terms,usable_n_lt_30
5882820ef11c4c068eea0677a7a879b4,RS,caxias do sul,7,0,7,0.0000000000,0.0,0 / 7,0,0.0000000000,0.0,-21.0000,NULL,4,0,0.0000000000,3,0,0.0000000000,7,0,0.0000000000,0,0.0000000000,5979.80,6473.64,0,0,below_floor,393,0.0780768749,0.07638571932468,0.0356083086,0.0666666667,0.1016949153,0.1428571429,0.1752577320,0,0,0,0,0,1,NULL,standard_terms,usable_n_lt_30
5c030029b5916fed0986310385ec9009,SC,sao jose,7,0,7,0.0000000000,0.0,0 / 7,0,0.0000000000,0.0,-13.0000,NULL,0,0,NULL,7,0,0.0000000000,7,0,0.0000000000,0,0.0000000000,4164.40,5079.90,1,0,below_floor,393,0.0780768749,0.07638571932468,0.0356083086,0.0666666667,0.1016949153,0.1428571429,0.1752577320,0,0,0,0,0,1,NULL,standard_terms,usable_n_lt_30
651fe66032c9520ee5587f694908040d,RS,alvorada,7,0,7,0.0000000000,0.0,0 / 7,0,0.0000000000,0.0,-7.0000,NULL,0,0,NULL,7,0,0.0000000000,7,0,0.0000000000,0,0.0000000000,464.00,592.73,0,0,below_floor,393,0.0780768749,0.07638571932468,0.0356083086,0.0666666667,0.1016949153,0.1428571429,0.1752577320,0,0,0,0,0,1,NULL,standard_terms,usable_n_lt_30
66e0557ecc2b4dbea057e93f215f68d8,SP,sao paulo,7,0,7,0.0000000000,0.0,0 / 7,0,0.0000000000,0.0,-23.0000,NULL,7,0,0.0000000000,0,0,NULL,7,0,0.0000000000,0,0.0000000000,2814.00,2937.57,0,0,below_floor,393,0.0780768749,0.07638571932468,0.0356083086,0.0666666667,0.1016949153,0.1428571429,0.1752577320,0,0,0,0,0,1,NULL,standard_terms,usable_n_lt_30
670a9dda115b5a88b18cfadee8de2332,SP,ribeirao preto,7,0,7,0.0000000000,0.0,0 / 7,0,0.0000000000,0.0,-19.5000,NULL,3,0,0.0000000000,4,0,0.0000000000,7,0,0.0000000000,0,0.0000000000,579.30,693.73,1,0,below_floor,393,0.0780768749,0.07638571932468,0.0356083086,0.0666666667,0.1016949153,0.1428571429,0.1752577320,0,0,0,0,0,1,NULL,standard_terms,usable_n_lt_30
68f86ba270525243e68ae74044f992b9,RJ,rio de janeiro,7,0,7,0.0000000000,0.0,0 / 7,1,0.1428571429,14.3,-14.0000,NULL,4,0,0.0000000000,3,0,0.0000000000,7,0,0.0000000000,0,0.0000000000,522.50,636.29,0,0,below_floor,393,0.0780768749,0.07638571932468,0.0356083086,0.0666666667,0.1016949153,0.1428571429,0.1752577320,0,0,0,0,0,1,NULL,standard_terms,usable_n_lt_30
6a51fc556dab5f766ced6fbc860bc613,SP,marilia,7,0,7,0.0000000000,0.0,0 / 7,0,0.0000000000,0.0,-12.0000,NULL,5,0,0.0000000000,2,0,0.0000000000,7,0,0.0000000000,0,0.0000000000,2317.58,2547.28,0,0,below_floor,393,0.0780768749,0.07638571932468,0.0356083086,0.0666666667,0.1016949153,0.1428571429,0.1752577320,0,0,0,0,0,1,NULL,standard_terms,usable_n_lt_30
6b803197e03abd5056b4313306b4f29d,SP,sao paulo,7,0,7,0.0000000000,0.0,0 / 7,0,0.0000000000,0.0,-9.0000,NULL,3,0,0.0000000000,4,0,0.0000000000,6,0,0.0000000000,1,0.1428571429,407.00,530.62,0,0,below_floor,393,0.0780768749,0.07638571932468,0.0356083086,0.0666666667,0.1016949153,0.1428571429,0.1752577320,0,0,0,0,0,1,NULL,standard_terms,usable_n_lt_30
6e1862e15f33d9994bc25922a85e1efc,SP,rio claro,7,0,7,0.0000000000,0.0,0 / 7,0,0.0000000000,0.0,-15.0000,NULL,0,0,NULL,7,0,0.0000000000,7,0,0.0000000000,0,0.0000000000,668.49,779.32,0,0,below_floor,393,0.0780768749,0.07638571932468,0.0356083086,0.0666666667,0.1016949153,0.1428571429,0.1752577320,0,0,0,0,0,1,NULL,standard_terms,usable_n_lt_30
70b52a4cfc823994561b00bad161b4ed,SP,sao paulo,7,0,7,0.0000000000,0.0,0 / 7,0,0.0000000000,0.0,-16.0000,NULL,1,0,0.0000000000,6,0,0.0000000000,7,0,0.0000000000,0,0.0000000000,526.50,615.83,0,0,below_floor,393,0.0780768749,0.07638571932468,0.0356083086,0.0666666667,0.1016949153,0.1428571429,0.1752577320,0,0,0,0,0,1,NULL,standard_terms,usable_n_lt_30
70bf57d811208f8923b41bbd499a67a4,SP,franco da rocha,7,0,7,0.0000000000,0.0,0 / 7,0,0.0000000000,0.0,-7.0000,NULL,0,0,NULL,7,0,0.0000000000,7,0,0.0000000000,0,0.0000000000,780.80,869.73,0,0,below_floor,393,0.0780768749,0.07638571932468,0.0356083086,0.0666666667,0.1016949153,0.1428571429,0.1752577320,0,0,0,0,0,1,NULL,standard_terms,usable_n_lt_30
7354220fb240bde543b3c40c060d41e7,DF,brasilia,7,0,7,0.0000000000,0.0,0 / 7,0,0.0000000000,0.0,-15.0000,NULL,4,0,0.0000000000,3,0,0.0000000000,7,0,0.0000000000,0,0.0000000000,672.00,837.13,0,0,below_floor,393,0.0780768749,0.07638571932468,0.0356083086,0.0666666667,0.1016949153,0.1428571429,0.1752577320,0,0,0,0,0,1,NULL,standard_terms,usable_n_lt_30
73b8eb4a9a729d4019b24ed1be748cbf,SP,campinas,7,0,7,0.0000000000,0.0,0 / 7,0,0.0000000000,0.0,-7.0000,NULL,0,0,NULL,7,0,0.0000000000,7,0,0.0000000000,0,0.0000000000,568.90,655.50,0,0,below_floor,393,0.0780768749,0.07638571932468,0.0356083086,0.0666666667,0.1016949153,0.1428571429,0.1752577320,0,0,0,0,0,1,NULL,standard_terms,usable_n_lt_30
86ff3eaef0267069cc891a2ed9d10a17,SC,palhoca,7,0,7,0.0000000000,0.0,0 / 7,0,0.0000000000,0.0,-17.0000,NULL,3,0,0.0000000000,4,0,0.0000000000,7,0,0.0000000000,0,0.0000000000,409.75,550.36,0,0,below_floor,393,0.0780768749,0.07638571932468,0.0356083086,0.0666666667,0.1016949153,0.1428571429,0.1752577320,0,0,0,0,0,1,NULL,standard_terms,usable_n_lt_30
8f580d36c1e9d6fbce95283403c7d447,SP,ribeirao preto,7,0,7,0.0000000000,0.0,0 / 7,0,0.0000000000,0.0,-12.0000,NULL,2,0,0.0000000000,5,0,0.0000000000,7,0,0.0000000000,0,0.0000000000,4187.65,4338.58,0,0,below_floor,393,0.0780768749,0.07638571932468,0.0356083086,0.0666666667,0.1016949153,0.1428571429,0.1752577320,0,0,0,0,0,1,NULL,standard_terms,usable_n_lt_30
8ff1a9df749e454105c55cda13e79143,SP,marilia,7,0,7,0.0000000000,0.0,0 / 7,0,0.0000000000,0.0,-9.0000,NULL,6,0,0.0000000000,1,0,0.0000000000,6,0,0.0000000000,1,0.1428571429,961.20,1137.86,0,0,below_floor,393,0.0780768749,0.07638571932468,0.0356083086,0.0666666667,0.1016949153,0.1428571429,0.1752577320,0,0,0,0,0,1,NULL,standard_terms,usable_n_lt_30
94144541854e298c2d976cb893b81343,RS,viamao,7,0,7,0.0000000000,0.0,0 / 7,0,0.0000000000,0.0,-7.0000,NULL,7,0,0.0000000000,0,0,NULL,7,0,0.0000000000,0,0.0000000000,550.30,656.82,0,0,below_floor,393,0.0780768749,0.07638571932468,0.0356083086,0.0666666667,0.1016949153,0.1428571429,0.1752577320,0,0,0,0,0,1,NULL,standard_terms,usable_n_lt_30
9a03a4e9eb0b947652fae4f6121a3f5e,SP,catanduva,7,0,7,0.0000000000,0.0,0 / 7,1,0.1428571429,14.3,-13.0000,NULL,4,0,0.0000000000,3,0,0.0000000000,6,0,0.0000000000,1,0.1428571429,1497.00,1682.22,0,0,below_floor,393,0.0780768749,0.07638571932468,0.0356083086,0.0666666667,0.1016949153,0.1428571429,0.1752577320,0,0,0,0,0,1,NULL,standard_terms,usable_n_lt_30
9a1aea68d3efa00862ec88c0768037d0,SP,catanduva,7,0,7,0.0000000000,0.0,0 / 7,0,0.0000000000,0.0,-10.0000,NULL,1,0,0.0000000000,6,0,0.0000000000,7,0,0.0000000000,0,0.0000000000,1309.20,1501.71,0,0,below_floor,393,0.0780768749,0.07638571932468,0.0356083086,0.0666666667,0.1016949153,0.1428571429,0.1752577320,0,0,0,0,0,1,NULL,standard_terms,usable_n_lt_30
a414555ce331b8c8aea4a9cb8395194d,SP,sao paulo,7,0,7,0.0000000000,0.0,0 / 7,0,0.0000000000,0.0,-11.0000,NULL,6,0,0.0000000000,1,0,0.0000000000,7,0,0.0000000000,0,0.0000000000,1450.95,1693.59,0,0,below_floor,393,0.0780768749,0.07638571932468,0.0356083086,0.0666666667,0.1016949153,0.1428571429,0.1752577320,0,0,0,0,0,1,NULL,standard_terms,usable_n_lt_30
afa6714acee029b2dfdf357e5579cc03,SP,descalvado,7,0,7,0.0000000000,0.0,0 / 7,0,0.0000000000,0.0,-9.0000,NULL,3,0,0.0000000000,4,0,0.0000000000,7,0,0.0000000000,0,0.0000000000,1537.93,1742.95,0,0,below_floor,393,0.0780768749,0.07638571932468,0.0356083086,0.0666666667,0.1016949153,0.1428571429,0.1752577320,0,0,0,0,0,1,NULL,standard_terms,usable_n_lt_30
b274baf5bbd142410eb2958cf685d684,RS,montenegro,7,0,7,0.0000000000,0.0,0 / 7,0,0.0000000000,0.0,-21.0000,NULL,0,0,NULL,7,0,0.0000000000,7,0,0.0000000000,0,0.0000000000,585.90,734.57,0,0,below_floor,393,0.0780768749,0.07638571932468,0.0356083086,0.0666666667,0.1016949153,0.1428571429,0.1752577320,0,0,0,0,0,1,NULL,standard_terms,usable_n_lt_30
b67d6c666e8dce1d078c882825e12704,SP,sao paulo,7,0,7,0.0000000000,0.0,0 / 7,0,0.0000000000,0.0,-9.0000,NULL,0,0,NULL,7,0,0.0000000000,7,0,0.0000000000,0,0.0000000000,352.84,457.03,0,0,below_floor,393,0.0780768749,0.07638571932468,0.0356083086,0.0666666667,0.1016949153,0.1428571429,0.1752577320,0,0,0,0,0,1,NULL,standard_terms,usable_n_lt_30
bb135baca94c82fcb731335ad5b04a03,SP,sao paulo,7,0,7,0.0000000000,0.0,0 / 7,0,0.0000000000,0.0,-15.0000,NULL,5,0,0.0000000000,2,0,0.0000000000,5,0,0.0000000000,2,0.2857142857,513.40,672.00,0,0,below_floor,393,0.0780768749,0.07638571932468,0.0356083086,0.0666666667,0.1016949153,0.1428571429,0.1752577320,0,0,0,0,0,1,NULL,standard_terms,usable_n_lt_30
bbf9ad41dca6603e614efcdad7aab8c4,CE,fortaleza,7,0,7,0.0000000000,0.0,0 / 7,0,0.0000000000,0.0,-18.0000,NULL,5,0,0.0000000000,2,0,0.0000000000,7,0,0.0000000000,0,0.0000000000,3653.00,4068.89,0,0,below_floor,393,0.0780768749,0.07638571932468,0.0356083086,0.0666666667,0.1016949153,0.1428571429,0.1752577320,0,0,0,0,0,1,NULL,standard_terms,usable_n_lt_30
bd4431c1a8dfa744b59e1e2a8bc99b9e,RJ,rio de janeiro,7,0,7,0.0000000000,0.0,0 / 7,0,0.0000000000,0.0,-12.0000,NULL,3,0,0.0000000000,4,0,0.0000000000,7,0,0.0000000000,0,0.0000000000,809.50,1013.59,1,0,below_floor,393,0.0780768749,0.07638571932468,0.0356083086,0.0666666667,0.1016949153,0.1428571429,0.1752577320,0,0,0,0,0,1,NULL,standard_terms,usable_n_lt_30
c54679b132454625907c773d273d4126,SP,guaruja,7,0,7,0.0000000000,0.0,0 / 7,0,0.0000000000,0.0,-8.0000,NULL,2,0,0.0000000000,5,0,0.0000000000,6,0,0.0000000000,1,0.1428571429,1032.00,1139.93,0,0,below_floor,393,0.0780768749,0.07638571932468,0.0356083086,0.0666666667,0.1016949153,0.1428571429,0.1752577320,0,0,0,0,0,1,NULL,standard_terms,usable_n_lt_30
c731d18cea9bf687ffee82a241c25b11,SC,concordia,7,0,7,0.0000000000,0.0,0 / 7,0,0.0000000000,0.0,-16.0000,NULL,4,0,0.0000000000,3,0,0.0000000000,6,0,0.0000000000,1,0.1428571429,1262.00,1513.32,0,0,below_floor,393,0.0780768749,0.07638571932468,0.0356083086,0.0666666667,0.1016949153,0.1428571429,0.1752577320,0,0,0,0,0,1,NULL,standard_terms,usable_n_lt_30
c840d3fdbba0790404fdae73d253b253,PR,curitiba,7,0,7,0.0000000000,0.0,0 / 7,0,0.0000000000,0.0,-12.0000,NULL,5,0,0.0000000000,2,0,0.0000000000,7,0,0.0000000000,0,0.0000000000,2833.30,3121.73,0,0,below_floor,393,0.0780768749,0.07638571932468,0.0356083086,0.0666666667,0.1016949153,0.1428571429,0.1752577320,0,0,0,0,0,1,NULL,standard_terms,usable_n_lt_30
c8c1bea22194a4eefa2dc9a9fa89f536,SC,porto belo,7,0,7,0.0000000000,0.0,0 / 7,0,0.0000000000,0.0,-29.0000,NULL,0,0,NULL,7,0,0.0000000000,7,0,0.0000000000,0,0.0000000000,1266.00,1558.73,0,0,below_floor,393,0.0780768749,0.07638571932468,0.0356083086,0.0666666667,0.1016949153,0.1428571429,0.1752577320,0,0,0,0,0,1,NULL,standard_terms,usable_n_lt_30
d1582f4043306e6b91afa6a8a884f898,SP,sao paulo,7,0,7,0.0000000000,0.0,0 / 7,0,0.0000000000,0.0,-17.0000,NULL,7,0,0.0000000000,0,0,NULL,7,0,0.0000000000,0,0.0000000000,770.00,871.88,0,0,below_floor,393,0.0780768749,0.07638571932468,0.0356083086,0.0666666667,0.1016949153,0.1428571429,0.1752577320,0,0,0,0,0,1,NULL,standard_terms,usable_n_lt_30
d594982fd877af63ace38ea1fca27c76,SP,sao paulo,7,0,7,0.0000000000,0.0,0 / 7,0,0.0000000000,0.0,-13.0000,NULL,0,0,NULL,7,0,0.0000000000,7,0,0.0000000000,0,0.0000000000,217.04,309.70,0,0,below_floor,393,0.0780768749,0.07638571932468,0.0356083086,0.0666666667,0.1016949153,0.1428571429,0.1752577320,0,0,0,0,0,1,NULL,standard_terms,usable_n_lt_30
d9e8c084b68fe958861d8f2c21202e6b,SP,sao paulo,7,0,7,0.0000000000,0.0,0 / 7,0,0.0000000000,0.0,-10.0000,NULL,3,0,0.0000000000,4,0,0.0000000000,7,0,0.0000000000,0,0.0000000000,315.00,428.26,0,0,below_floor,393,0.0780768749,0.07638571932468,0.0356083086,0.0666666667,0.1016949153,0.1428571429,0.1752577320,0,0,0,0,0,1,NULL,standard_terms,usable_n_lt_30
dc7192adf8ba09569261f4a8d576afe0,SP,itapeva,7,0,7,0.0000000000,0.0,0 / 7,0,0.0000000000,0.0,-10.0000,NULL,0,0,NULL,7,0,0.0000000000,6,0,0.0000000000,1,0.1428571429,917.00,1078.43,0,0,below_floor,393,0.0780768749,0.07638571932468,0.0356083086,0.0666666667,0.1016949153,0.1428571429,0.1752577320,0,0,0,0,0,1,NULL,standard_terms,usable_n_lt_30
e48cc16ab70bfa09e1401740dce0b3d7,SP,aracatuba,7,0,7,0.0000000000,0.0,0 / 7,1,0.1428571429,14.3,-6.0000,NULL,5,0,0.0000000000,2,0,0.0000000000,6,0,0.0000000000,1,0.1428571429,659.91,849.25,0,0,below_floor,393,0.0780768749,0.07638571932468,0.0356083086,0.0666666667,0.1016949153,0.1428571429,0.1752577320,0,0,0,0,0,1,NULL,standard_terms,usable_n_lt_30
e58a5b390e28abc0b216cfb0e07d27d7,RJ,rio de janeiro,7,0,7,0.0000000000,0.0,0 / 7,0,0.0000000000,0.0,-16.0000,NULL,3,0,0.0000000000,4,0,0.0000000000,7,0,0.0000000000,0,0.0000000000,1022.60,1167.23,0,0,below_floor,393,0.0780768749,0.07638571932468,0.0356083086,0.0666666667,0.1016949153,0.1428571429,0.1752577320,0,0,0,0,0,1,NULL,standard_terms,usable_n_lt_30
e644cbadf7eeb30d0d29f335ce7d52ec,SP,sao paulo,7,0,7,0.0000000000,0.0,0 / 7,0,0.0000000000,0.0,-8.0000,NULL,0,0,NULL,7,0,0.0000000000,7,0,0.0000000000,0,0.0000000000,768.91,930.03,0,0,below_floor,393,0.0780768749,0.07638571932468,0.0356083086,0.0666666667,0.1016949153,0.1428571429,0.1752577320,0,0,0,0,0,1,NULL,standard_terms,usable_n_lt_30
e70053bf73d1b5863932e53a9fa47496,SP,sao paulo,7,0,7,0.0000000000,0.0,0 / 7,0,0.0000000000,0.0,-7.0000,NULL,4,0,0.0000000000,3,0,0.0000000000,7,0,0.0000000000,0,0.0000000000,4025.00,4158.58,0,0,below_floor,393,0.0780768749,0.07638571932468,0.0356083086,0.0666666667,0.1016949153,0.1428571429,0.1752577320,0,0,0,0,0,1,NULL,standard_terms,usable_n_lt_30
ead2bab70821ea148476ae9bc08548ac,MG,belo horizonte,7,0,7,0.0000000000,0.0,0 / 7,0,0.0000000000,0.0,-21.0000,NULL,2,0,0.0000000000,5,0,0.0000000000,5,0,0.0000000000,2,0.2857142857,372.30,474.74,0,0,below_floor,393,0.0780768749,0.07638571932468,0.0356083086,0.0666666667,0.1016949153,0.1428571429,0.1752577320,0,0,0,0,0,1,NULL,standard_terms,usable_n_lt_30
f326006815956455b2859abd58fe7e39,SP,fernandopolis,7,0,7,0.0000000000,0.0,0 / 7,0,0.0000000000,0.0,-13.0000,NULL,3,0,0.0000000000,4,0,0.0000000000,7,0,0.0000000000,0,0.0000000000,1795.32,2182.18,0,0,below_floor,393,0.0780768749,0.07638571932468,0.0356083086,0.0666666667,0.1016949153,0.1428571429,0.1752577320,0,0,0,0,0,1,NULL,standard_terms,usable_n_lt_30
fadb07c842a2aef5d5a676b85f220e71,SP,sao jose do rio preto,7,0,7,0.0000000000,0.0,0 / 7,0,0.0000000000,0.0,-10.0000,NULL,0,0,NULL,7,0,0.0000000000,7,0,0.0000000000,0,0.0000000000,398.75,570.37,0,0,below_floor,393,0.0780768749,0.07638571932468,0.0356083086,0.0666666667,0.1016949153,0.1428571429,0.1752577320,0,0,0,0,0,1,NULL,standard_terms,usable_n_lt_30
ff1e15b778c700abdd4d239b81ac466d,PR,curitiba,7,0,7,0.0000000000,0.0,0 / 7,0,0.0000000000,0.0,-6.0000,NULL,0,0,NULL,7,0,0.0000000000,7,0,0.0000000000,0,0.0000000000,414.30,529.16,0,0,below_floor,393,0.0780768749,0.07638571932468,0.0356083086,0.0666666667,0.1016949153,0.1428571429,0.1752577320,0,0,0,0,0,1,NULL,standard_terms,usable_n_lt_30
0570350b23eda5444f8d1d9544932058,SP,sao paulo,6,0,6,0.0000000000,0.0,0 / 6,0,0.0000000000,0.0,-15.5000,NULL,3,0,0.0000000000,3,0,0.0000000000,6,0,0.0000000000,0,0.0000000000,626.90,751.76,0,0,below_floor,393,0.0780768749,0.07638571932468,0.0356083086,0.0666666667,0.1016949153,0.1428571429,0.1752577320,0,0,0,0,0,1,NULL,standard_terms,usable_n_lt_30
085f6f7e049c996695fb2074fe38d45e,SP,taubate,6,0,6,0.0000000000,0.0,0 / 6,0,0.0000000000,0.0,-12.5000,NULL,5,0,0.0000000000,1,0,0.0000000000,6,0,0.0000000000,0,0.0000000000,305.40,435.96,0,0,below_floor,393,0.0780768749,0.07638571932468,0.0356083086,0.0666666667,0.1016949153,0.1428571429,0.1752577320,0,0,0,0,0,1,NULL,standard_terms,usable_n_lt_30
08ad4ac1388e4420ca531c3edfc46198,SP,itapevi,6,0,6,0.0000000000,0.0,0 / 6,0,0.0000000000,0.0,-7.0000,NULL,0,0,NULL,6,0,0.0000000000,5,0,0.0000000000,1,0.1666666667,221.62,310.67,0,0,below_floor,393,0.0780768749,0.07638571932468,0.0356083086,0.0666666667,0.1016949153,0.1428571429,0.1752577320,0,0,0,0,0,1,NULL,standard_terms,usable_n_lt_30
128f9bfbe4c7d5185033914b1de3d39a,SP,atibaia,6,0,6,0.0000000000,0.0,0 / 6,0,0.0000000000,0.0,-16.0000,NULL,4,0,0.0000000000,2,0,0.0000000000,6,0,0.0000000000,0,0.0000000000,408.39,534.82,0,0,below_floor,393,0.0780768749,0.07638571932468,0.0356083086,0.0666666667,0.1016949153,0.1428571429,0.1752577320,0,0,0,0,0,1,NULL,standard_terms,usable_n_lt_30
13511db12ac61e2f89c53b72a944a60b,RS,caxias do sul,6,0,6,0.0000000000,0.0,0 / 6,1,0.1666666667,16.7,-9.0000,NULL,1,0,0.0000000000,5,0,0.0000000000,6,0,0.0000000000,0,0.0000000000,798.00,1063.97,0,0,below_floor,393,0.0780768749,0.07638571932468,0.0356083086,0.0666666667,0.1016949153,0.1428571429,0.1752577320,0,0,0,0,0,1,NULL,standard_terms,usable_n_lt_30
1660ad786c27fd935378b6192a90b417,SP,sao bernardo do campo,6,0,6,0.0000000000,0.0,0 / 6,0,0.0000000000,0.0,-13.0000,NULL,2,0,0.0000000000,4,0,0.0000000000,5,0,0.0000000000,1,0.1666666667,830.00,959.06,0,0,below_floor,393,0.0780768749,0.07638571932468,0.0356083086,0.0666666667,0.1016949153,0.1428571429,0.1752577320,0,0,0,0,0,1,NULL,standard_terms,usable_n_lt_30
186cdd1b2df32caa72cfb410bba768d3,SC,rio negrinho,6,0,6,0.0000000000,0.0,0 / 6,0,0.0000000000,0.0,-29.5000,NULL,0,0,NULL,6,0,0.0000000000,6,0,0.0000000000,0,0.0000000000,1341.45,1609.73,0,0,below_floor,393,0.0780768749,0.07638571932468,0.0356083086,0.0666666667,0.1016949153,0.1428571429,0.1752577320,0,0,0,0,0,1,NULL,standard_terms,usable_n_lt_30
1bb3812d5f0747a3ab7348f199001a10,SP,sao paulo,6,0,6,0.0000000000,0.0,0 / 6,0,0.0000000000,0.0,-13.0000,NULL,2,0,0.0000000000,4,0,0.0000000000,6,0,0.0000000000,0,0.0000000000,463.70,621.94,0,0,below_floor,393,0.0780768749,0.07638571932468,0.0356083086,0.0666666667,0.1016949153,0.1428571429,0.1752577320,0,0,0,0,0,1,NULL,standard_terms,usable_n_lt_30
28405831a29823802aa22c084cfd0649,SP,sao paulo,6,0,6,0.0000000000,0.0,0 / 6,0,0.0000000000,0.0,-3.5000,NULL,0,0,NULL,6,0,0.0000000000,6,0,0.0000000000,0,0.0000000000,210.00,282.83,0,0,below_floor,393,0.0780768749,0.07638571932468,0.0356083086,0.0666666667,0.1016949153,0.1428571429,0.1752577320,0,0,0,0,0,1,NULL,standard_terms,usable_n_lt_30
293dee954235e4e4e43f129313625ebe,DF,brasilia,6,0,6,0.0000000000,0.0,0 / 6,0,0.0000000000,0.0,-20.0000,NULL,6,0,0.0000000000,0,0,NULL,6,0,0.0000000000,0,0.0000000000,1589.94,1786.06,0,0,below_floor,393,0.0780768749,0.07638571932468,0.0356083086,0.0666666667,0.1016949153,0.1428571429,0.1752577320,0,0,0,0,0,1,NULL,standard_terms,usable_n_lt_30
2cb6eb1b7185064167657fa09f541105,MG,sabara,6,0,6,0.0000000000,0.0,0 / 6,0,0.0000000000,0.0,-15.0000,NULL,3,0,0.0000000000,3,0,0.0000000000,6,0,0.0000000000,0,0.0000000000,1217.90,1382.68,0,0,below_floor,393,0.0780768749,0.07638571932468,0.0356083086,0.0666666667,0.1016949153,0.1428571429,0.1752577320,0,0,0,0,0,1,NULL,standard_terms,usable_n_lt_30
2ea0861cc19e94cad86438c984c52da4,SP,sao paulo,6,0,6,0.0000000000,0.0,0 / 6,0,0.0000000000,0.0,-6.5000,NULL,0,0,NULL,6,0,0.0000000000,5,0,0.0000000000,1,0.1666666667,165.60,228.05,0,0,below_floor,393,0.0780768749,0.07638571932468,0.0356083086,0.0666666667,0.1016949153,0.1428571429,0.1752577320,0,0,0,0,0,1,NULL,standard_terms,usable_n_lt_30
2ff6b7bff164ef05590a52734e1296da,PR,londrina,6,0,6,0.0000000000,0.0,0 / 6,0,0.0000000000,0.0,-16.5000,NULL,5,0,0.0000000000,1,0,0.0000000000,6,0,0.0000000000,0,0.0000000000,1233.69,1358.36,0,0,below_floor,393,0.0780768749,0.07638571932468,0.0356083086,0.0666666667,0.1016949153,0.1428571429,0.1752577320,0,0,0,0,0,1,NULL,standard_terms,usable_n_lt_30
365e4bce19bda0082c3d15d83fdb8bcd,SP,sao caetano do sul,6,0,6,0.0000000000,0.0,0 / 6,0,0.0000000000,0.0,-11.5000,NULL,4,0,0.0000000000,2,0,0.0000000000,6,0,0.0000000000,0,0.0000000000,796.40,895.02,0,0,below_floor,393,0.0780768749,0.07638571932468,0.0356083086,0.0666666667,0.1016949153,0.1428571429,0.1752577320,0,0,0,0,0,1,NULL,standard_terms,usable_n_lt_30
3afc536624bc2e65bddfb5db33cc01f3,MG,belo horizonte,6,0,6,0.0000000000,0.0,0 / 6,1,0.1666666667,16.7,-11.0000,NULL,4,0,0.0000000000,2,0,0.0000000000,6,0,0.0000000000,0,0.0000000000,312.00,419.07,0,0,below_floor,393,0.0780768749,0.07638571932468,0.0356083086,0.0666666667,0.1016949153,0.1428571429,0.1752577320,0,0,0,0,0,1,NULL,standard_terms,usable_n_lt_30
4324dd16853115efb0fd9d0d131ba6f4,SP,sao jose do rio pardo,6,0,6,0.0000000000,0.0,0 / 6,0,0.0000000000,0.0,-15.5000,NULL,6,0,0.0000000000,0,0,NULL,6,0,0.0000000000,0,0.0000000000,501.30,677.89,0,0,below_floor,393,0.0780768749,0.07638571932468,0.0356083086,0.0666666667,0.1016949153,0.1428571429,0.1752577320,0,0,0,0,0,1,NULL,standard_terms,usable_n_lt_30
55c26bcb609f480eb7868594245febb5,SP,tabatinga,6,0,6,0.0000000000,0.0,0 / 6,0,0.0000000000,0.0,-10.0000,NULL,3,0,0.0000000000,3,0,0.0000000000,5,0,0.0000000000,1,0.1666666667,664.40,826.23,0,0,below_floor,393,0.0780768749,0.07638571932468,0.0356083086,0.0666666667,0.1016949153,0.1428571429,0.1752577320,0,0,0,0,0,1,NULL,standard_terms,usable_n_lt_30
562f8cfc51f265411f487d07e9c40e7f,MG,belo horizonte,6,0,6,0.0000000000,0.0,0 / 6,1,0.1666666667,16.7,-8.0000,NULL,4,0,0.0000000000,2,0,0.0000000000,6,0,0.0000000000,0,0.0000000000,349.40,446.77,0,0,below_floor,393,0.0780768749,0.07638571932468,0.0356083086,0.0666666667,0.1016949153,0.1428571429,0.1752577320,0,0,0,0,0,1,NULL,standard_terms,usable_n_lt_30
5795aebfe331fbcd02a2c4b679fb7952,SC,palhoca,6,0,6,0.0000000000,0.0,0 / 6,0,0.0000000000,0.0,-15.0000,NULL,1,0,0.0000000000,5,0,0.0000000000,5,0,0.0000000000,1,0.1666666667,1280.00,1436.09,0,0,below_floor,393,0.0780768749,0.07638571932468,0.0356083086,0.0666666667,0.1016949153,0.1428571429,0.1752577320,0,0,0,0,0,1,NULL,standard_terms,usable_n_lt_30
5d76d80a2f5f39c891b996a1bf4c9853,SP,sao paulo,6,0,6,0.0000000000,0.0,0 / 6,0,0.0000000000,0.0,-11.5000,NULL,0,0,NULL,6,0,0.0000000000,5,0,0.0000000000,1,0.1666666667,1238.50,1409.75,0,0,below_floor,393,0.0780768749,0.07638571932468,0.0356083086,0.0666666667,0.1016949153,0.1428571429,0.1752577320,0,0,0,0,0,1,NULL,standard_terms,usable_n_lt_30
659e8466eb3ff1b0e8740d74fb7bbedd,BA,eunapolis,6,0,6,0.0000000000,0.0,0 / 6,0,0.0000000000,0.0,-20.5000,NULL,4,0,0.0000000000,2,0,0.0000000000,6,0,0.0000000000,0,0.0000000000,606.00,798.33,0,0,below_floor,393,0.0780768749,0.07638571932468,0.0356083086,0.0666666667,0.1016949153,0.1428571429,0.1752577320,0,0,0,0,0,1,NULL,standard_terms,usable_n_lt_30
6824a69c9ea0313eba299dd4a2dba09a,MG,formiga,6,0,6,0.0000000000,0.0,0 / 6,0,0.0000000000,0.0,-10.5000,NULL,0,0,NULL,6,0,0.0000000000,6,0,0.0000000000,0,0.0000000000,666.90,784.08,0,0,below_floor,393,0.0780768749,0.07638571932468,0.0356083086,0.0666666667,0.1016949153,0.1428571429,0.1752577320,0,0,0,0,0,1,NULL,standard_terms,usable_n_lt_30
6879c4d287a8dd06b11f54ea8f78e4da,SP,osasco,6,0,6,0.0000000000,0.0,0 / 6,0,0.0000000000,0.0,-9.5000,NULL,0,0,NULL,6,0,0.0000000000,5,0,0.0000000000,1,0.1666666667,527.67,677.13,0,0,below_floor,393,0.0780768749,0.07638571932468,0.0356083086,0.0666666667,0.1016949153,0.1428571429,0.1752577320,0,0,0,0,0,1,NULL,standard_terms,usable_n_lt_30
6bbcb8924baf70b7fe2fe2097e8cd407,SC,blumenau,6,0,6,0.0000000000,0.0,0 / 6,0,0.0000000000,0.0,-16.5000,NULL,4,0,0.0000000000,2,0,0.0000000000,6,0,0.0000000000,0,0.0000000000,1038.50,1220.18,0,0,below_floor,393,0.0780768749,0.07638571932468,0.0356083086,0.0666666667,0.1016949153,0.1428571429,0.1752577320,0,0,0,0,0,1,NULL,standard_terms,usable_n_lt_30
71592660bbcb6a4664e97b6f8b68babc,SP,sao jose do rio preto,6,0,6,0.0000000000,0.0,0 / 6,0,0.0000000000,0.0,-11.5000,NULL,4,0,0.0000000000,2,0,0.0000000000,6,0,0.0000000000,0,0.0000000000,2027.18,2200.55,0,0,below_floor,393,0.0780768749,0.07638571932468,0.0356083086,0.0666666667,0.1016949153,0.1428571429,0.1752577320,0,0,0,0,0,1,NULL,standard_terms,usable_n_lt_30
72bc2cce903c872fe376a8faaa81d237,SP,sao paulo,6,0,6,0.0000000000,0.0,0 / 6,0,0.0000000000,0.0,-5.0000,NULL,2,0,0.0000000000,4,0,0.0000000000,6,0,0.0000000000,0,0.0000000000,374.50,445.97,0,0,below_floor,393,0.0780768749,0.07638571932468,0.0356083086,0.0666666667,0.1016949153,0.1428571429,0.1752577320,0,0,0,0,0,1,NULL,standard_terms,usable_n_lt_30
74871d19219c7d518d0090283e03c137,SP,sao paulo,6,0,6,0.0000000000,0.0,0 / 6,0,0.0000000000,0.0,-7.5000,NULL,1,0,0.0000000000,5,0,0.0000000000,6,0,0.0000000000,0,0.0000000000,550.04,637.91,0,0,below_floor,393,0.0780768749,0.07638571932468,0.0356083086,0.0666666667,0.1016949153,0.1428571429,0.1752577320,0,0,0,0,0,1,NULL,standard_terms,usable_n_lt_30
777a0c55737f34ffeb78010f7542ab41,SP,sao paulo,6,0,6,0.0000000000,0.0,0 / 6,0,0.0000000000,0.0,-11.5000,NULL,0,0,NULL,6,0,0.0000000000,6,0,0.0000000000,0,0.0000000000,452.50,528.33,0,0,below_floor,393,0.0780768749,0.07638571932468,0.0356083086,0.0666666667,0.1016949153,0.1428571429,0.1752577320,0,0,0,0,0,1,NULL,standard_terms,usable_n_lt_30
7ecef8194babfec876ca720714327841,SP,campinas,6,0,6,0.0000000000,0.0,0 / 6,1,0.1666666667,16.7,-8.0000,NULL,3,0,0.0000000000,3,0,0.0000000000,6,0,0.0000000000,0,0.0000000000,860.60,938.99,0,0,below_floor,393,0.0780768749,0.07638571932468,0.0356083086,0.0666666667,0.1016949153,0.1428571429,0.1752577320,0,0,0,0,0,1,NULL,standard_terms,usable_n_lt_30
7f40d06aa0b5f1aa4f41af8c0480e2ef,SP,rio claro,6,0,6,0.0000000000,0.0,0 / 6,1,0.1666666667,16.7,-10.5000,NULL,0,0,NULL,6,0,0.0000000000,6,0,0.0000000000,0,0.0000000000,1309.94,1435.62,0,0,below_floor,393,0.0780768749,0.07638571932468,0.0356083086,0.0666666667,0.1016949153,0.1428571429,0.1752577320,0,0,0,0,0,1,NULL,standard_terms,usable_n_lt_30
89ad3263c0931c47f976d7c5778e60f6,SP,sao paulo,6,0,6,0.0000000000,0.0,0 / 6,0,0.0000000000,0.0,-12.5000,NULL,0,0,NULL,6,0,0.0000000000,5,0,0.0000000000,1,0.1666666667,568.20,699.74,0,0,below_floor,393,0.0780768749,0.07638571932468,0.0356083086,0.0666666667,0.1016949153,0.1428571429,0.1752577320,0,0,0,0,0,1,NULL,standard_terms,usable_n_lt_30
8b2d4ab22f42c5cfc338b846decfda60,PR,fazenda rio grande,6,0,6,0.0000000000,0.0,0 / 6,0,0.0000000000,0.0,-12.5000,NULL,1,0,0.0000000000,5,0,0.0000000000,6,0,0.0000000000,0,0.0000000000,458.00,643.32,0,0,below_floor,393,0.0780768749,0.07638571932468,0.0356083086,0.0666666667,0.1016949153,0.1428571429,0.1752577320,0,0,0,0,0,1,NULL,standard_terms,usable_n_lt_30
8e6cc767478edae941d9bd9eb778d77a,MG,araguari,6,0,6,0.0000000000,0.0,0 / 6,0,0.0000000000,0.0,-27.0000,NULL,5,0,0.0000000000,1,0,0.0000000000,6,0,0.0000000000,0,0.0000000000,705.35,856.05,0,0,below_floor,393,0.0780768749,0.07638571932468,0.0356083086,0.0666666667,0.1016949153,0.1428571429,0.1752577320,0,0,0,0,0,1,NULL,standard_terms,usable_n_lt_30
8fbd63429be6d3e5e6d1a709b6464802,SP,santo andre,6,0,6,0.0000000000,0.0,0 / 6,0,0.0000000000,0.0,-19.0000,NULL,2,0,0.0000000000,4,0,0.0000000000,6,0,0.0000000000,0,0.0000000000,1061.40,1240.97,0,0,below_floor,393,0.0780768749,0.07638571932468,0.0356083086,0.0666666667,0.1016949153,0.1428571429,0.1752577320,0,0,0,0,0,1,NULL,standard_terms,usable_n_lt_30
9140bd1d9de28b197dce077bdd687438,SP,amparo,6,0,6,0.0000000000,0.0,0 / 6,0,0.0000000000,0.0,-7.5000,NULL,0,0,NULL,6,0,0.0000000000,6,0,0.0000000000,0,0.0000000000,1258.87,1442.93,0,0,below_floor,393,0.0780768749,0.07638571932468,0.0356083086,0.0666666667,0.1016949153,0.1428571429,0.1752577320,0,0,0,0,0,1,NULL,standard_terms,usable_n_lt_30
9261d76c62caaf0b24677c2ceb7f8f20,SC,palhoca,6,0,6,0.0000000000,0.0,0 / 6,0,0.0000000000,0.0,-17.5000,NULL,0,0,NULL,6,0,0.0000000000,6,0,0.0000000000,0,0.0000000000,968.70,1216.24,0,0,below_floor,393,0.0780768749,0.07638571932468,0.0356083086,0.0666666667,0.1016949153,0.1428571429,0.1752577320,0,0,0,0,0,1,NULL,standard_terms,usable_n_lt_30
9aa388272ee334b6ae07bc73706e254a,MG,muriae,6,0,6,0.0000000000,0.0,0 / 6,0,0.0000000000,0.0,-13.5000,NULL,1,0,0.0000000000,5,0,0.0000000000,4,0,0.0000000000,2,0.3333333333,678.00,861.46,0,0,below_floor,393,0.0780768749,0.07638571932468,0.0356083086,0.0666666667,0.1016949153,0.1428571429,0.1752577320,0,0,0,0,0,1,NULL,standard_terms,usable_n_lt_30
9bc484c87d79cd4874e05ca182658045,SP,sao paulo,6,0,6,0.0000000000,0.0,0 / 6,1,0.1666666667,16.7,-8.5000,NULL,5,0,0.0000000000,1,0,0.0000000000,6,0,0.0000000000,0,0.0000000000,530.50,603.03,0,0,below_floor,393,0.0780768749,0.07638571932468,0.0356083086,0.0666666667,0.1016949153,0.1428571429,0.1752577320,0,0,0,0,0,1,NULL,standard_terms,usable_n_lt_30
9c1c0c36cd23c20897e473901a8fb149,SP,praia grande,6,0,6,0.0000000000,0.0,0 / 6,0,0.0000000000,0.0,-5.5000,NULL,0,0,NULL,6,0,0.0000000000,6,0,0.0000000000,0,0.0000000000,544.97,717.04,0,0,below_floor,393,0.0780768749,0.07638571932468,0.0356083086,0.0666666667,0.1016949153,0.1428571429,0.1752577320,0,0,0,0,0,1,NULL,standard_terms,usable_n_lt_30
9dda5bbacd45e18d6485fee649205d09,MG,santa rita do sapucai,6,0,6,0.0000000000,0.0,0 / 6,0,0.0000000000,0.0,-9.0000,NULL,4,0,0.0000000000,2,0,0.0000000000,5,0,0.0000000000,1,0.1666666667,876.40,1081.23,0,0,below_floor,393,0.0780768749,0.07638571932468,0.0356083086,0.0666666667,0.1016949153,0.1428571429,0.1752577320,0,0,0,0,0,1,NULL,standard_terms,usable_n_lt_30
9df5750209b83567ec144eb299d7d634,RS,sao leopoldo,6,0,6,0.0000000000,0.0,0 / 6,0,0.0000000000,0.0,-20.0000,NULL,4,0,0.0000000000,2,0,0.0000000000,6,0,0.0000000000,0,0.0000000000,2963.00,3100.30,0,0,below_floor,393,0.0780768749,0.07638571932468,0.0356083086,0.0666666667,0.1016949153,0.1428571429,0.1752577320,0,0,0,0,0,1,NULL,standard_terms,usable_n_lt_30
a63bfbaa882c8f4542891b4e2246cc7f,RJ,niteroi,6,0,6,0.0000000000,0.0,0 / 6,1,0.1666666667,16.7,-11.5000,NULL,0,0,NULL,6,0,0.0000000000,6,0,0.0000000000,0,0.0000000000,5682.00,5925.99,0,0,below_floor,393,0.0780768749,0.07638571932468,0.0356083086,0.0666666667,0.1016949153,0.1428571429,0.1752577320,0,0,0,0,0,1,NULL,standard_terms,usable_n_lt_30
a64e44665225d19dfc0277eeeaaccc57,SP,sao paulo,6,0,6,0.0000000000,0.0,0 / 6,1,0.1666666667,16.7,-4.5000,NULL,0,0,NULL,6,0,0.0000000000,5,0,0.0000000000,1,0.1666666667,335.00,426.76,0,0,below_floor,393,0.0780768749,0.07638571932468,0.0356083086,0.0666666667,0.1016949153,0.1428571429,0.1752577320,0,0,0,0,0,1,NULL,standard_terms,usable_n_lt_30
abbf6046bbdf1028606a5bc7f00c99e7,SC,xanxere,6,0,6,0.0000000000,0.0,0 / 6,0,0.0000000000,0.0,-16.0000,NULL,5,0,0.0000000000,1,0,0.0000000000,6,0,0.0000000000,0,0.0000000000,1867.25,1994.26,0,0,below_floor,393,0.0780768749,0.07638571932468,0.0356083086,0.0666666667,0.1016949153,0.1428571429,0.1752577320,0,0,0,0,0,1,NULL,standard_terms,usable_n_lt_30
ae7ab174effdead6c241e547e4ca13f0,PR,arapongas,6,0,6,0.0000000000,0.0,0 / 6,0,0.0000000000,0.0,-10.5000,NULL,0,0,NULL,6,0,0.0000000000,5,0,0.0000000000,1,0.1666666667,2778.60,3574.06,0,0,below_floor,393,0.0780768749,0.07638571932468,0.0356083086,0.0666666667,0.1016949153,0.1428571429,0.1752577320,0,0,0,0,0,1,NULL,standard_terms,usable_n_lt_30
b080809eaacb49e5ca07290981472431,MG,belo horizonte,6,0,6,0.0000000000,0.0,0 / 6,0,0.0000000000,0.0,-8.0000,NULL,5,0,0.0000000000,1,0,0.0000000000,6,0,0.0000000000,0,0.0000000000,218.00,294.19,0,0,below_floor,393,0.0780768749,0.07638571932468,0.0356083086,0.0666666667,0.1016949153,0.1428571429,0.1752577320,0,0,0,0,0,1,NULL,standard_terms,usable_n_lt_30
b0f2a6122a90a93eb03e68653dd960e3,PR,curitiba,6,0,6,0.0000000000,0.0,0 / 6,0,0.0000000000,0.0,-16.0000,NULL,1,0,0.0000000000,5,0,0.0000000000,6,0,0.0000000000,0,0.0000000000,1620.30,1758.28,0,0,below_floor,393,0.0780768749,0.07638571932468,0.0356083086,0.0666666667,0.1016949153,0.1428571429,0.1752577320,0,0,0,0,0,1,NULL,standard_terms,usable_n_lt_30
b29d3380981c51df13fc6fbe87e1763d,SP,ribeirao preto,6,0,6,0.0000000000,0.0,0 / 6,0,0.0000000000,0.0,-10.0000,NULL,1,0,0.0000000000,5,0,0.0000000000,6,0,0.0000000000,0,0.0000000000,435.30,533.88,0,0,below_floor,393,0.0780768749,0.07638571932468,0.0356083086,0.0666666667,0.1016949153,0.1428571429,0.1752577320,0,0,0,0,0,1,NULL,standard_terms,usable_n_lt_30
b586cd24c010a13916af621b0325fbba,SC,rio do sul,6,0,6,0.0000000000,0.0,0 / 6,0,0.0000000000,0.0,-15.0000,NULL,0,0,NULL,6,0,0.0000000000,6,0,0.0000000000,0,0.0000000000,1108.94,1372.93,0,0,below_floor,393,0.0780768749,0.07638571932468,0.0356083086,0.0666666667,0.1016949153,0.1428571429,0.1752577320,0,0,0,0,0,1,NULL,standard_terms,usable_n_lt_30
b8a0adc91af209270c2c725168eb00fd,SP,ibitinga,6,0,6,0.0000000000,0.0,0 / 6,0,0.0000000000,0.0,-12.5000,NULL,2,0,0.0000000000,4,0,0.0000000000,5,0,0.0000000000,1,0.1666666667,281.40,388.49,0,0,below_floor,393,0.0780768749,0.07638571932468,0.0356083086,0.0666666667,0.1016949153,0.1428571429,0.1752577320,0,0,0,0,0,1,NULL,standard_terms,usable_n_lt_30
ba6ce6de456f6c11d08c17701ba5c26f,SP,sorocaba,6,0,6,0.0000000000,0.0,0 / 6,1,0.1666666667,16.7,-3.5000,NULL,3,0,0.0000000000,3,0,0.0000000000,6,0,0.0000000000,0,0.0000000000,744.35,874.51,0,0,below_floor,393,0.0780768749,0.07638571932468,0.0356083086,0.0666666667,0.1016949153,0.1428571429,0.1752577320,0,0,0,0,0,1,NULL,standard_terms,usable_n_lt_30
bdae679a9b282249bc23b9b69dae9a99,DF,brasilia,6,0,6,0.0000000000,0.0,0 / 6,0,0.0000000000,0.0,-18.0000,NULL,1,0,0.0000000000,5,0,0.0000000000,4,0,0.0000000000,2,0.3333333333,663.15,851.98,0,0,below_floor,393,0.0780768749,0.07638571932468,0.0356083086,0.0666666667,0.1016949153,0.1428571429,0.1752577320,0,0,0,0,0,1,NULL,standard_terms,usable_n_lt_30
c3aad7dc65449ae90a5e9c3c6c1e78e0,SP,auriflama/sp,6,0,6,0.0000000000,0.0,0 / 6,0,0.0000000000,0.0,-14.5000,NULL,0,0,NULL,6,0,0.0000000000,6,0,0.0000000000,0,0.0000000000,510.00,640.36,0,0,below_floor,393,0.0780768749,0.07638571932468,0.0356083086,0.0666666667,0.1016949153,0.1428571429,0.1752577320,0,0,0,0,0,1,NULL,standard_terms,usable_n_lt_30
c5e60e39c0f42b8e827daa13cff74afa,SP,sao paulo,6,0,6,0.0000000000,0.0,0 / 6,1,0.1666666667,16.7,-4.0000,NULL,0,0,NULL,6,0,0.0000000000,4,0,0.0000000000,2,0.3333333333,134.00,223.10,0,0,below_floor,393,0.0780768749,0.07638571932468,0.0356083086,0.0666666667,0.1016949153,0.1428571429,0.1752577320,0,0,0,0,0,1,NULL,standard_terms,usable_n_lt_30
c70a353f02429c00775a46a75fb787da,SP,sao paulo,6,0,6,0.0000000000,0.0,0 / 6,0,0.0000000000,0.0,-9.5000,NULL,0,0,NULL,6,0,0.0000000000,6,0,0.0000000000,0,0.0000000000,242.00,336.94,0,0,below_floor,393,0.0780768749,0.07638571932468,0.0356083086,0.0666666667,0.1016949153,0.1428571429,0.1752577320,0,0,0,0,0,1,NULL,standard_terms,usable_n_lt_30
ca77545ca4d2dfd1431bf61334e2fa3c,PR,maringa,6,0,6,0.0000000000,0.0,0 / 6,0,0.0000000000,0.0,-15.0000,NULL,6,0,0.0000000000,0,0,NULL,6,0,0.0000000000,0,0.0000000000,760.00,973.71,0,0,below_floor,393,0.0780768749,0.07638571932468,0.0356083086,0.0666666667,0.1016949153,0.1428571429,0.1752577320,0,0,0,0,0,1,NULL,standard_terms,usable_n_lt_30
ca7c6bd577e559472af1c699de9e764e,SP,sao bernardo do campo,6,0,6,0.0000000000,0.0,0 / 6,0,0.0000000000,0.0,-9.0000,NULL,6,0,0.0000000000,0,0,NULL,6,0,0.0000000000,0,0.0000000000,148.00,218.82,0,0,below_floor,393,0.0780768749,0.07638571932468,0.0356083086,0.0666666667,0.1016949153,0.1428571429,0.1752577320,0,0,0,0,0,1,NULL,standard_terms,usable_n_lt_30
d197aa8fbc64087f61984deef05f6227,SP,sao jose dos campos,6,0,6,0.0000000000,0.0,0 / 6,0,0.0000000000,0.0,-10.0000,NULL,0,0,NULL,6,0,0.0000000000,6,0,0.0000000000,0,0.0000000000,519.09,630.65,0,0,below_floor,393,0.0780768749,0.07638571932468,0.0356083086,0.0666666667,0.1016949153,0.1428571429,0.1752577320,0,0,0,0,0,1,NULL,standard_terms,usable_n_lt_30
d8cf3b6a2151949f930d0252b180ec42,PR,mandaguacu,6,0,6,0.0000000000,0.0,0 / 6,0,0.0000000000,0.0,-14.0000,NULL,3,0,0.0000000000,3,0,0.0000000000,5,0,0.0000000000,1,0.1666666667,623.70,1030.18,0,0,below_floor,393,0.0780768749,0.07638571932468,0.0356083086,0.0666666667,0.1016949153,0.1428571429,0.1752577320,0,0,0,0,0,1,NULL,standard_terms,usable_n_lt_30
e439f7176d763f92de325271111b2fd5,SC,joinville,6,0,6,0.0000000000,0.0,0 / 6,0,0.0000000000,0.0,-9.0000,NULL,0,0,NULL,6,0,0.0000000000,6,0,0.0000000000,0,0.0000000000,1320.90,1547.70,0,0,below_floor,393,0.0780768749,0.07638571932468,0.0356083086,0.0666666667,0.1016949153,0.1428571429,0.1752577320,0,0,0,0,0,1,NULL,standard_terms,usable_n_lt_30
e45edf75f568ed2f93f78d060e246e25,RJ,rio de janeiro,6,0,6,0.0000000000,0.0,0 / 6,1,0.1666666667,16.7,-8.5000,NULL,0,0,NULL,6,0,0.0000000000,6,0,0.0000000000,0,0.0000000000,164.30,278.22,0,0,below_floor,393,0.0780768749,0.07638571932468,0.0356083086,0.0666666667,0.1016949153,0.1428571429,0.1752577320,0,0,0,0,0,1,NULL,standard_terms,usable_n_lt_30
edc518ba25576a0188a0e8f2c3af186f,SP,guarulhos,6,0,6,0.0000000000,0.0,0 / 6,0,0.0000000000,0.0,-8.0000,NULL,0,0,NULL,6,0,0.0000000000,5,0,0.0000000000,1,0.1666666667,1647.39,1909.55,0,0,below_floor,393,0.0780768749,0.07638571932468,0.0356083086,0.0666666667,0.1016949153,0.1428571429,0.1752577320,0,0,0,0,0,1,NULL,standard_terms,usable_n_lt_30
01cf7e3d21494c41fb86034f2e714fa1,PR,francisco beltrao,5,0,5,0.0000000000,0.0,0 / 5,0,0.0000000000,0.0,-16.0000,NULL,5,0,0.0000000000,0,0,NULL,5,0,0.0000000000,0,0.0000000000,1045.90,1342.73,0,0,below_floor,393,0.0780768749,0.07638571932468,0.0356083086,0.0666666667,0.1016949153,0.1428571429,0.1752577320,0,0,0,0,0,1,NULL,standard_terms,usable_n_lt_30
0791d9fc1e30678ecf03d3e55fa108d3,MG,belo horizonte,5,0,5,0.0000000000,0.0,0 / 5,0,0.0000000000,0.0,-16.0000,NULL,0,0,NULL,5,0,0.0000000000,5,0,0.0000000000,0,0.0000000000,842.00,1028.99,0,0,below_floor,393,0.0780768749,0.07638571932468,0.0356083086,0.0666666667,0.1016949153,0.1428571429,0.1752577320,0,0,0,0,0,1,NULL,standard_terms,usable_n_lt_30
079d295dcbf06ee8bb1b65ba964eb2b6,SP,sao paulo,5,0,5,0.0000000000,0.0,0 / 5,0,0.0000000000,0.0,-14.0000,NULL,0,0,NULL,5,0,0.0000000000,5,0,0.0000000000,0,0.0000000000,349.30,540.09,0,0,below_floor,393,0.0780768749,0.07638571932468,0.0356083086,0.0666666667,0.1016949153,0.1428571429,0.1752577320,0,0,0,0,0,1,NULL,standard_terms,usable_n_lt_30
09bad886111255c5b5030314fc7f1a4a,SP,sao paulo,5,0,5,0.0000000000,0.0,0 / 5,0,0.0000000000,0.0,-2.0000,NULL,0,0,NULL,5,0,0.0000000000,5,0,0.0000000000,0,0.0000000000,487.50,560.36,0,0,below_floor,393,0.0780768749,0.07638571932468,0.0356083086,0.0666666667,0.1016949153,0.1428571429,0.1752577320,0,0,0,0,0,1,NULL,standard_terms,usable_n_lt_30
0e982cff76cc0579f632cea8a0e38c9d,SC,itajai,5,0,5,0.0000000000,0.0,0 / 5,0,0.0000000000,0.0,-14.0000,NULL,5,0,0.0000000000,0,0,NULL,4,0,0.0000000000,1,0.2000000000,651.90,749.50,0,0,below_floor,393,0.0780768749,0.07638571932468,0.0356083086,0.0666666667,0.1016949153,0.1428571429,0.1752577320,0,0,0,0,0,1,NULL,standard_terms,usable_n_lt_30
101a3a003516bc11253298b2fad3cb65,SP,rio claro,5,0,5,0.0000000000,0.0,0 / 5,0,0.0000000000,0.0,-4.0000,NULL,0,0,NULL,5,0,0.0000000000,5,0,0.0000000000,0,0.0000000000,450.00,524.00,0,0,below_floor,393,0.0780768749,0.07638571932468,0.0356083086,0.0666666667,0.1016949153,0.1428571429,0.1752577320,0,0,0,0,0,1,NULL,standard_terms,usable_n_lt_30
117cfc326c6d50da67ca858ff5c0c852,RJ,sao joao de meriti,5,0,5,0.0000000000,0.0,0 / 5,0,0.0000000000,0.0,-10.0000,NULL,0,0,NULL,5,0,0.0000000000,5,0,0.0000000000,0,0.0000000000,454.60,536.08,0,0,below_floor,393,0.0780768749,0.07638571932468,0.0356083086,0.0666666667,0.1016949153,0.1428571429,0.1752577320,0,0,0,0,0,1,NULL,standard_terms,usable_n_lt_30
1b65c144b17e607c0f37f10bb7dfec8d,SC,rio do sul,5,0,5,0.0000000000,0.0,0 / 5,0,0.0000000000,0.0,-28.0000,NULL,2,0,0.0000000000,3,0,0.0000000000,4,0,0.0000000000,1,0.2000000000,1109.50,1254.35,0,0,below_floor,393,0.0780768749,0.07638571932468,0.0356083086,0.0666666667,0.1016949153,0.1428571429,0.1752577320,0,0,0,0,0,1,NULL,standard_terms,usable_n_lt_30
1cd9e0cc1839d55516843def5600816d,SP,sao paulo,5,0,5,0.0000000000,0.0,0 / 5,0,0.0000000000,0.0,-8.0000,NULL,0,0,NULL,5,0,0.0000000000,5,0,0.0000000000,0,0.0000000000,825.00,926.72,0,0,below_floor,393,0.0780768749,0.07638571932468,0.0356083086,0.0666666667,0.1016949153,0.1428571429,0.1752577320,0,0,0,0,0,1,NULL,standard_terms,usable_n_lt_30
1e8c6a4c538f286aee9573239740a4b4,SP,itatiba,5,0,5,0.0000000000,0.0,0 / 5,0,0.0000000000,0.0,-9.0000,NULL,2,0,0.0000000000,3,0,0.0000000000,4,0,0.0000000000,1,0.2000000000,359.70,446.82,0,0,below_floor,393,0.0780768749,0.07638571932468,0.0356083086,0.0666666667,0.1016949153,0.1428571429,0.1752577320,0,0,0,0,0,1,NULL,standard_terms,usable_n_lt_30
1f867308a0ce13133a4e639ff4de0c02,PR,curitiba,5,0,5,0.0000000000,0.0,0 / 5,0,0.0000000000,0.0,-11.0000,NULL,4,0,0.0000000000,1,0,0.0000000000,4,0,0.0000000000,1,0.2000000000,606.48,741.47,0,0,below_floor,393,0.0780768749,0.07638571932468,0.0356083086,0.0666666667,0.1016949153,0.1428571429,0.1752577320,0,0,0,0,0,1,NULL,standard_terms,usable_n_lt_30
228e4c1a0be164f613d41c24345f9d2c,PR,bandeirantes,5,0,5,0.0000000000,0.0,0 / 5,0,0.0000000000,0.0,-21.0000,NULL,0,0,NULL,5,0,0.0000000000,5,0,0.0000000000,0,0.0000000000,539.70,769.44,0,0,below_floor,393,0.0780768749,0.07638571932468,0.0356083086,0.0666666667,0.1016949153,0.1428571429,0.1752577320,0,0,0,0,0,1,NULL,standard_terms,usable_n_lt_30
253f95b3a0e6983ae18aed49fbc2b845,SP,sao paulo,5,0,5,0.0000000000,0.0,0 / 5,0,0.0000000000,0.0,-13.0000,NULL,4,0,0.0000000000,1,0,0.0000000000,5,0,0.0000000000,0,0.0000000000,799.50,890.94,0,0,below_floor,393,0.0780768749,0.07638571932468,0.0356083086,0.0666666667,0.1016949153,0.1428571429,0.1752577320,0,0,0,0,0,1,NULL,standard_terms,usable_n_lt_30
26bad72add1f86e08a776ce4ffdaf1ca,SP,pedregulho,5,0,5,0.0000000000,0.0,0 / 5,0,0.0000000000,0.0,-14.0000,NULL,3,0,0.0000000000,2,0,0.0000000000,5,0,0.0000000000,0,0.0000000000,541.00,636.86,0,0,below_floor,393,0.0780768749,0.07638571932468,0.0356083086,0.0666666667,0.1016949153,0.1428571429,0.1752577320,0,0,0,0,0,1,NULL,standard_terms,usable_n_lt_30
2709af9587499e95e803a6498a5a56e9,SP,sao paulo,5,0,5,0.0000000000,0.0,0 / 5,0,0.0000000000,0.0,-10.0000,NULL,2,0,0.0000000000,3,0,0.0000000000,5,0,0.0000000000,0,0.0000000000,173.98,267.65,0,0,below_floor,393,0.0780768749,0.07638571932468,0.0356083086,0.0666666667,0.1016949153,0.1428571429,0.1752577320,0,0,0,0,0,1,NULL,standard_terms,usable_n_lt_30
2b3b9ce054da76a7428df143a567b156,SP,sao paulo,5,0,5,0.0000000000,0.0,0 / 5,0,0.0000000000,0.0,-16.0000,NULL,0,0,NULL,5,0,0.0000000000,3,0,0.0000000000,2,0.4000000000,301.00,363.28,0,0,below_floor,393,0.0780768749,0.07638571932468,0.0356083086,0.0666666667,0.1016949153,0.1428571429,0.1752577320,0,0,0,0,0,1,NULL,standard_terms,usable_n_lt_30
2e3be8a987a30d7544dbbda6861cc14e,MG,belo horizonte,5,0,5,0.0000000000,0.0,0 / 5,0,0.0000000000,0.0,-13.0000,NULL,2,0,0.0000000000,3,0,0.0000000000,5,0,0.0000000000,0,0.0000000000,1153.94,1261.55,0,0,below_floor,393,0.0780768749,0.07638571932468,0.0356083086,0.0666666667,0.1016949153,0.1428571429,0.1752577320,0,0,0,0,0,1,NULL,standard_terms,usable_n_lt_30
31eec405c9bb71dec8e2629a92e764fa,ES,cachoeiro de itapemirim,5,0,5,0.0000000000,0.0,0 / 5,0,0.0000000000,0.0,-15.0000,NULL,0,0,NULL,5,0,0.0000000000,5,0,0.0000000000,0,0.0000000000,256.89,427.13,0,0,below_floor,393,0.0780768749,0.07638571932468,0.0356083086,0.0666666667,0.1016949153,0.1428571429,0.1752577320,0,0,0,0,0,1,NULL,standard_terms,usable_n_lt_30
33dd941c27854f7625b968cc6195a552,ES,vila velha,5,0,5,0.0000000000,0.0,0 / 5,0,0.0000000000,0.0,-22.0000,NULL,0,0,NULL,5,0,0.0000000000,5,0,0.0000000000,0,0.0000000000,6787.50,7168.41,0,0,below_floor,393,0.0780768749,0.07638571932468,0.0356083086,0.0666666667,0.1016949153,0.1428571429,0.1752577320,0,0,0,0,0,1,NULL,standard_terms,usable_n_lt_30
392353362d22cc2c236e1ee81ff19890,SC,blumenau,5,0,5,0.0000000000,0.0,0 / 5,0,0.0000000000,0.0,-18.0000,NULL,1,0,0.0000000000,4,0,0.0000000000,4,0,0.0000000000,1,0.2000000000,288.70,480.67,0,0,below_floor,393,0.0780768749,0.07638571932468,0.0356083086,0.0666666667,0.1016949153,0.1428571429,0.1752577320,0,0,0,0,0,1,NULL,standard_terms,usable_n_lt_30
3a4127e1ba7208ea37044c5092aae170,SP,sao paulo,5,0,5,0.0000000000,0.0,0 / 5,0,0.0000000000,0.0,-11.0000,NULL,2,0,0.0000000000,3,0,0.0000000000,5,0,0.0000000000,0,0.0000000000,1842.70,1924.15,0,0,below_floor,393,0.0780768749,0.07638571932468,0.0356083086,0.0666666667,0.1016949153,0.1428571429,0.1752577320,0,0,0,0,0,1,NULL,standard_terms,usable_n_lt_30
3cfa1358a6caa965278721344c8d76f2,SP,sao bernardo do campo,5,0,5,0.0000000000,0.0,0 / 5,0,0.0000000000,0.0,-14.0000,NULL,2,0,0.0000000000,3,0,0.0000000000,5,0,0.0000000000,0,0.0000000000,3140.28,3221.53,0,0,below_floor,393,0.0780768749,0.07638571932468,0.0356083086,0.0666666667,0.1016949153,0.1428571429,0.1752577320,0,0,0,0,0,1,NULL,standard_terms,usable_n_lt_30
3d0cd21d41671c46f82cd11176bf7277,SC,joinville,5,0,5,0.0000000000,0.0,0 / 5,0,0.0000000000,0.0,-13.0000,NULL,2,0,0.0000000000,3,0,0.0000000000,5,0,0.0000000000,0,0.0000000000,192.50,281.05,0,0,below_floor,393,0.0780768749,0.07638571932468,0.0356083086,0.0666666667,0.1016949153,0.1428571429,0.1752577320,0,0,0,0,0,1,NULL,standard_terms,usable_n_lt_30
41e0fa5761c886a630994a55c12087e7,SP,guaruja,5,0,5,0.0000000000,0.0,0 / 5,0,0.0000000000,0.0,-16.0000,NULL,3,0,0.0000000000,2,0,0.0000000000,5,0,0.0000000000,0,0.0000000000,423.60,491.91,0,0,below_floor,393,0.0780768749,0.07638571932468,0.0356083086,0.0666666667,0.1016949153,0.1428571429,0.1752577320,0,0,0,0,0,1,NULL,standard_terms,usable_n_lt_30
4221a7df464f1fe2955934e30ff3a5a1,BA,bahia,5,0,5,0.0000000000,0.0,0 / 5,0,0.0000000000,0.0,-13.0000,NULL,0,0,NULL,5,0,0.0000000000,5,0,0.0000000000,0,0.0000000000,849.50,1089.04,0,0,below_floor,393,0.0780768749,0.07638571932468,0.0356083086,0.0666666667,0.1016949153,0.1428571429,0.1752577320,0,0,0,0,0,1,NULL,standard_terms,usable_n_lt_30
4305fe92735c8a43d154ff6dd2b8d927,MG,coronel fabriciano,5,0,5,0.0000000000,0.0,0 / 5,0,0.0000000000,0.0,-6.0000,NULL,0,0,NULL,5,0,0.0000000000,5,0,0.0000000000,0,0.0000000000,839.40,985.57,0,0,below_floor,393,0.0780768749,0.07638571932468,0.0356083086,0.0666666667,0.1016949153,0.1428571429,0.1752577320,0,0,0,0,0,1,NULL,standard_terms,usable_n_lt_30
43f8c9950d11ecd03a0304a49e010da6,SP,carapicuiba,5,0,5,0.0000000000,0.0,0 / 5,1,0.2000000000,20.0,-9.0000,NULL,4,0,0.0000000000,1,0,0.0000000000,5,0,0.0000000000,0,0.0000000000,495.95,556.30,0,0,below_floor,393,0.0780768749,0.07638571932468,0.0356083086,0.0666666667,0.1016949153,0.1428571429,0.1752577320,0,0,0,0,0,1,NULL,standard_terms,usable_n_lt_30
499ec63c58e51296c9cf57edcfe1c8a8,SP,sao paulo,5,0,5,0.0000000000,0.0,0 / 5,0,0.0000000000,0.0,-12.0000,NULL,1,0,0.0000000000,4,0,0.0000000000,5,0,0.0000000000,0,0.0000000000,365.00,412.93,0,0,below_floor,393,0.0780768749,0.07638571932468,0.0356083086,0.0666666667,0.1016949153,0.1428571429,0.1752577320,0,0,0,0,0,1,NULL,standard_terms,usable_n_lt_30
49cdc90518a4f82676b38b3c1aa43ff6,SP,sao paulo,5,0,5,0.0000000000,0.0,0 / 5,0,0.0000000000,0.0,-14.0000,NULL,0,0,NULL,5,0,0.0000000000,5,0,0.0000000000,0,0.0000000000,1539.50,1622.11,0,0,below_floor,393,0.0780768749,0.07638571932468,0.0356083086,0.0666666667,0.1016949153,0.1428571429,0.1752577320,0,0,0,0,0,1,NULL,standard_terms,usable_n_lt_30
4bcec44888b30ba9001234c534716d3f,SP,santo andre,5,0,5,0.0000000000,0.0,0 / 5,0,0.0000000000,0.0,-9.0000,NULL,2,0,0.0000000000,3,0,0.0000000000,5,0,0.0000000000,0,0.0000000000,146.00,209.23,0,0,below_floor,393,0.0780768749,0.07638571932468,0.0356083086,0.0666666667,0.1016949153,0.1428571429,0.1752577320,0,0,0,0,0,1,NULL,standard_terms,usable_n_lt_30
4c1c7281388a33dd06daac44f9fadbd1,SP,marilia,5,0,5,0.0000000000,0.0,0 / 5,0,0.0000000000,0.0,-17.0000,NULL,3,0,0.0000000000,2,0,0.0000000000,5,0,0.0000000000,0,0.0000000000,188.32,269.91,0,0,below_floor,393,0.0780768749,0.07638571932468,0.0356083086,0.0666666667,0.1016949153,0.1428571429,0.1752577320,0,0,0,0,0,1,NULL,standard_terms,usable_n_lt_30
4d232b78ab7ef10393dc3807d827bc0d,MG,belo horizonte,5,0,5,0.0000000000,0.0,0 / 5,0,0.0000000000,0.0,-13.0000,NULL,0,0,NULL,5,0,0.0000000000,5,0,0.0000000000,0,0.0000000000,1475.00,1689.99,0,0,below_floor,393,0.0780768749,0.07638571932468,0.0356083086,0.0666666667,0.1016949153,0.1428571429,0.1752577320,0,0,0,0,0,1,NULL,standard_terms,usable_n_lt_30
50770d25768b0486d89be26afca3108f,SP,santo andre,5,0,5,0.0000000000,0.0,0 / 5,0,0.0000000000,0.0,-7.0000,NULL,3,0,0.0000000000,2,0,0.0000000000,5,0,0.0000000000,0,0.0000000000,141.77,203.76,0,0,below_floor,393,0.0780768749,0.07638571932468,0.0356083086,0.0666666667,0.1016949153,0.1428571429,0.1752577320,0,0,0,0,0,1,NULL,standard_terms,usable_n_lt_30
52562a9f449c3dc3d53f5f5b9ed74903,RN,parnamirim,5,0,5,0.0000000000,0.0,0 / 5,0,0.0000000000,0.0,-22.0000,NULL,5,0,0.0000000000,0,0,NULL,5,0,0.0000000000,0,0.0000000000,452.50,599.29,0,0,below_floor,393,0.0780768749,0.07638571932468,0.0356083086,0.0666666667,0.1016949153,0.1428571429,0.1752577320,0,0,0,0,0,1,NULL,standard_terms,usable_n_lt_30
57df9869a600bd6b7c405f2a862eccfb,MG,santa rita do sapucai,5,0,5,0.0000000000,0.0,0 / 5,0,0.0000000000,0.0,-18.0000,NULL,1,0,0.0000000000,4,0,0.0000000000,5,0,0.0000000000,0,0.0000000000,125.00,197.21,0,0,below_floor,393,0.0780768749,0.07638571932468,0.0356083086,0.0666666667,0.1016949153,0.1428571429,0.1752577320,0,0,0,0,0,1,NULL,standard_terms,usable_n_lt_30
5ab05b6d86d417796c69ffd6774ec832,SP,assis,5,0,5,0.0000000000,0.0,0 / 5,0,0.0000000000,0.0,-12.0000,NULL,2,0,0.0000000000,3,0,0.0000000000,5,0,0.0000000000,0,0.0000000000,1038.50,1176.98,0,0,below_floor,393,0.0780768749,0.07638571932468,0.0356083086,0.0666666667,0.1016949153,0.1428571429,0.1752577320,0,0,0,0,0,1,NULL,standard_terms,usable_n_lt_30
5dc203c7b84a0e71e878a179de05fb9a,SP,pompeia,5,0,5,0.0000000000,0.0,0 / 5,0,0.0000000000,0.0,-12.0000,NULL,0,0,NULL,5,0,0.0000000000,5,0,0.0000000000,0,0.0000000000,421.90,550.05,0,0,below_floor,393,0.0780768749,0.07638571932468,0.0356083086,0.0666666667,0.1016949153,0.1428571429,0.1752577320,0,0,0,0,0,1,NULL,standard_terms,usable_n_lt_30
5def4c3732941a971cba8fdee992ede1,SP,sao paulo,5,0,5,0.0000000000,0.0,0 / 5,0,0.0000000000,0.0,-5.0000,NULL,0,0,NULL,5,0,0.0000000000,5,0,0.0000000000,0,0.0000000000,134.80,201.04,0,0,below_floor,393,0.0780768749,0.07638571932468,0.0356083086,0.0666666667,0.1016949153,0.1428571429,0.1752577320,0,0,0,0,0,1,NULL,standard_terms,usable_n_lt_30
606ce7768feac12c5e8bd58db8b08f0f,SP,campinas,5,0,5,0.0000000000,0.0,0 / 5,0,0.0000000000,0.0,-9.0000,NULL,1,0,0.0000000000,4,0,0.0000000000,4,0,0.0000000000,1,0.2000000000,2916.60,3018.86,0,0,below_floor,393,0.0780768749,0.07638571932468,0.0356083086,0.0666666667,0.1016949153,0.1428571429,0.1752577320,0,0,0,0,0,1,NULL,standard_terms,usable_n_lt_30
68ca56ce86830f3d31b1b7ec6a54da3e,PR,guaratuba,5,0,5,0.0000000000,0.0,0 / 5,0,0.0000000000,0.0,-20.0000,NULL,0,0,NULL,5,0,0.0000000000,3,0,0.0000000000,2,0.4000000000,599.69,723.03,0,0,below_floor,393,0.0780768749,0.07638571932468,0.0356083086,0.0666666667,0.1016949153,0.1428571429,0.1752577320,0,0,0,0,0,1,NULL,standard_terms,usable_n_lt_30
6c12e40690c335dbc2f68a4134d30dc1,PR,castro,5,0,5,0.0000000000,0.0,0 / 5,0,0.0000000000,0.0,-15.0000,NULL,3,0,0.0000000000,2,0,0.0000000000,5,0,0.0000000000,0,0.0000000000,1634.70,1787.53,0,0,below_floor,393,0.0780768749,0.07638571932468,0.0356083086,0.0666666667,0.1016949153,0.1428571429,0.1752577320,0,0,0,0,0,1,NULL,standard_terms,usable_n_lt_30
6c6e3d67f969468f3bfd33f827a31222,PR,maringa,5,0,5,0.0000000000,0.0,0 / 5,0,0.0000000000,0.0,-10.0000,NULL,2,0,0.0000000000,3,0,0.0000000000,5,0,0.0000000000,0,0.0000000000,224.00,316.41,0,0,below_floor,393,0.0780768749,0.07638571932468,0.0356083086,0.0666666667,0.1016949153,0.1428571429,0.1752577320,0,0,0,0,0,1,NULL,standard_terms,usable_n_lt_30
6e13dd869aa7185f601c941423abcc8f,SP,sao paulo,5,0,5,0.0000000000,0.0,0 / 5,0,0.0000000000,0.0,-12.0000,NULL,1,0,0.0000000000,4,0,0.0000000000,5,0,0.0000000000,0,0.0000000000,522.00,598.08,0,0,below_floor,393,0.0780768749,0.07638571932468,0.0356083086,0.0666666667,0.1016949153,0.1428571429,0.1752577320,0,0,0,0,0,1,NULL,standard_terms,usable_n_lt_30
6e4f5ff6b086632ba8dcb558fb10249e,RS,flores da cunha,5,0,5,0.0000000000,0.0,0 / 5,0,0.0000000000,0.0,-16.0000,NULL,3,0,0.0000000000,2,0,0.0000000000,5,0,0.0000000000,0,0.0000000000,838.90,1053.25,0,0,below_floor,393,0.0780768749,0.07638571932468,0.0356083086,0.0666666667,0.1016949153,0.1428571429,0.1752577320,0,0,0,0,0,1,NULL,standard_terms,usable_n_lt_30
70125af26c2d6d4ef401a1d02ae7701f,GO,goiania,5,0,5,0.0000000000,0.0,0 / 5,2,0.4000000000,40.0,-2.0000,NULL,0,0,NULL,5,0,0.0000000000,5,0,0.0000000000,0,0.0000000000,371.20,629.62,0,0,below_floor,393,0.0780768749,0.07638571932468,0.0356083086,0.0666666667,0.1016949153,0.1428571429,0.1752577320,0,0,0,0,0,1,NULL,standard_terms,usable_n_lt_30
762fafdaa57a532ee0119731697579dd,SP,itu,5,0,5,0.0000000000,0.0,0 / 5,0,0.0000000000,0.0,-11.0000,NULL,0,0,NULL,5,0,0.0000000000,4,0,0.0000000000,1,0.2000000000,206.70,260.87,0,0,below_floor,393,0.0780768749,0.07638571932468,0.0356083086,0.0666666667,0.1016949153,0.1428571429,0.1752577320,0,0,0,0,0,1,NULL,standard_terms,usable_n_lt_30
7994b065a7ffb14e71c6312cf87b9de2,ES,cariacica / es,5,0,5,0.0000000000,0.0,0 / 5,0,0.0000000000,0.0,-27.0000,NULL,0,0,NULL,5,0,0.0000000000,5,0,0.0000000000,0,0.0000000000,453.00,597.34,0,0,below_floor,393,0.0780768749,0.07638571932468,0.0356083086,0.0666666667,0.1016949153,0.1428571429,0.1752577320,0,0,0,0,0,1,NULL,standard_terms,usable_n_lt_30
7aa538dd6e114e503a2e6154ea352253,SP,catanduva,5,0,5,0.0000000000,0.0,0 / 5,0,0.0000000000,0.0,-12.0000,NULL,1,0,0.0000000000,4,0,0.0000000000,5,0,0.0000000000,0,0.0000000000,1016.68,1118.60,0,0,below_floor,393,0.0780768749,0.07638571932468,0.0356083086,0.0666666667,0.1016949153,0.1428571429,0.1752577320,0,0,0,0,0,1,NULL,standard_terms,usable_n_lt_30
7b7ed56ae755e2880f2b69632e839c1e,GO,goiania,5,0,5,0.0000000000,0.0,0 / 5,1,0.2000000000,20.0,-6.0000,NULL,0,0,NULL,5,0,0.0000000000,5,0,0.0000000000,0,0.0000000000,321.50,456.60,0,0,below_floor,393,0.0780768749,0.07638571932468,0.0356083086,0.0666666667,0.1016949153,0.1428571429,0.1752577320,0,0,0,0,0,1,NULL,standard_terms,usable_n_lt_30
7d294cf9a6a69dc6a0c3e540fff0e039,SC,barra velha,5,0,5,0.0000000000,0.0,0 / 5,0,0.0000000000,0.0,-18.0000,NULL,0,0,NULL,5,0,0.0000000000,5,0,0.0000000000,0,0.0000000000,257.25,451.38,0,0,below_floor,393,0.0780768749,0.07638571932468,0.0356083086,0.0666666667,0.1016949153,0.1428571429,0.1752577320,0,0,0,0,0,1,NULL,standard_terms,usable_n_lt_30
7d7866a99a8656a42c7ff6352a433410,SP,sao paulo,5,0,5,0.0000000000,0.0,0 / 5,0,0.0000000000,0.0,-6.0000,NULL,0,0,NULL,5,0,0.0000000000,5,0,0.0000000000,0,0.0000000000,147.89,207.38,0,0,below_floor,393,0.0780768749,0.07638571932468,0.0356083086,0.0666666667,0.1016949153,0.1428571429,0.1752577320,0,0,0,0,0,1,NULL,standard_terms,usable_n_lt_30
7df1fc11cc5cbc518b39faa60cf5d67c,MS,campo grande,5,0,5,0.0000000000,0.0,0 / 5,0,0.0000000000,0.0,-14.0000,NULL,1,0,0.0000000000,4,0,0.0000000000,5,0,0.0000000000,0,0.0000000000,1037.60,1171.96,0,0,below_floor,393,0.0780768749,0.07638571932468,0.0356083086,0.0666666667,0.1016949153,0.1428571429,0.1752577320,0,0,0,0,0,1,NULL,standard_terms,usable_n_lt_30
7f35f9daf223da737b78738fbae4d977,SP,valinhos,5,0,5,0.0000000000,0.0,0 / 5,0,0.0000000000,0.0,-21.0000,NULL,0,0,NULL,5,0,0.0000000000,5,0,0.0000000000,0,0.0000000000,252.00,353.01,0,0,below_floor,393,0.0780768749,0.07638571932468,0.0356083086,0.0666666667,0.1016949153,0.1428571429,0.1752577320,0,0,0,0,0,1,NULL,standard_terms,usable_n_lt_30
8060d731897e33b5c5ae575ce1e209e1,SP,blumenau,5,0,5,0.0000000000,0.0,0 / 5,0,0.0000000000,0.0,-17.5000,NULL,0,0,NULL,5,0,0.0000000000,5,0,0.0000000000,0,0.0000000000,199.50,290.95,1,0,below_floor,393,0.0780768749,0.07638571932468,0.0356083086,0.0666666667,0.1016949153,0.1428571429,0.1752577320,0,0,0,0,0,1,NULL,standard_terms,usable_n_lt_30
8b655f0855926bcb49f5835d38dfddf6,SP,osasco,5,0,5,0.0000000000,0.0,0 / 5,1,0.2000000000,20.0,-5.0000,NULL,0,0,NULL,5,0,0.0000000000,5,0,0.0000000000,0,0.0000000000,1089.50,1162.81,0,0,below_floor,393,0.0780768749,0.07638571932468,0.0356083086,0.0666666667,0.1016949153,0.1428571429,0.1752577320,0,0,0,0,0,1,NULL,standard_terms,usable_n_lt_30
8f78f0903005064036736c7173a5c2ed,MG,tiradentes,5,0,5,0.0000000000,0.0,0 / 5,0,0.0000000000,0.0,-9.0000,NULL,4,0,0.0000000000,1,0,0.0000000000,5,0,0.0000000000,0,0.0000000000,609.20,792.60,0,0,below_floor,393,0.0780768749,0.07638571932468,0.0356083086,0.0666666667,0.1016949153,0.1428571429,0.1752577320,0,0,0,0,0,1,NULL,standard_terms,usable_n_lt_30
8fb791022c1fc8909664f48ab7dc636d,SP,sao paulo,5,0,5,0.0000000000,0.0,0 / 5,0,0.0000000000,0.0,-16.0000,NULL,0,0,NULL,5,0,0.0000000000,5,0,0.0000000000,0,0.0000000000,8119.95,8483.35,0,0,below_floor,393,0.0780768749,0.07638571932468,0.0356083086,0.0666666667,0.1016949153,0.1428571429,0.1752577320,0,0,0,0,0,1,NULL,standard_terms,usable_n_lt_30
9198786624eaeb375793215cad26cfa6,SC,rodeio,5,0,5,0.0000000000,0.0,0 / 5,0,0.0000000000,0.0,-17.0000,NULL,5,0,0.0000000000,0,0,NULL,5,0,0.0000000000,0,0.0000000000,550.80,665.03,0,0,below_floor,393,0.0780768749,0.07638571932468,0.0356083086,0.0666666667,0.1016949153,0.1428571429,0.1752577320,0,0,0,0,0,1,NULL,standard_terms,usable_n_lt_30
97e4a63591ca439a2b8b7efd20e6e19e,RJ,rio de janeiro,5,0,5,0.0000000000,0.0,0 / 5,0,0.0000000000,0.0,-11.0000,NULL,1,0,0.0000000000,4,0,0.0000000000,5,0,0.0000000000,0,0.0000000000,349.95,428.50,0,0,below_floor,393,0.0780768749,0.07638571932468,0.0356083086,0.0666666667,0.1016949153,0.1428571429,0.1752577320,0,0,0,0,0,1,NULL,standard_terms,usable_n_lt_30
9ac4f14370b1e24ddc58be041b7f99df,GO,jaragua,5,0,5,0.0000000000,0.0,0 / 5,0,0.0000000000,0.0,-14.0000,NULL,3,0,0.0000000000,2,0,0.0000000000,5,0,0.0000000000,0,0.0000000000,314.51,436.65,0,0,below_floor,393,0.0780768749,0.07638571932468,0.0356083086,0.0666666667,0.1016949153,0.1428571429,0.1752577320,0,0,0,0,0,1,NULL,standard_terms,usable_n_lt_30
9ed65337433adfbedefd23dd76eaa494,SP,sao paulo,5,0,5,0.0000000000,0.0,0 / 5,0,0.0000000000,0.0,-8.0000,NULL,1,0,0.0000000000,4,0,0.0000000000,5,0,0.0000000000,0,0.0000000000,977.60,1044.32,0,0,below_floor,393,0.0780768749,0.07638571932468,0.0356083086,0.0666666667,0.1016949153,0.1428571429,0.1752577320,0,0,0,0,0,1,NULL,standard_terms,usable_n_lt_30
a72c2f59332659e361d647515c698798,RS,flores da cunha,5,0,5,0.0000000000,0.0,0 / 5,0,0.0000000000,0.0,-17.0000,NULL,4,0,0.0000000000,1,0,0.0000000000,5,0,0.0000000000,0,0.0000000000,802.90,933.93,0,0,below_floor,393,0.0780768749,0.07638571932468,0.0356083086,0.0666666667,0.1016949153,0.1428571429,0.1752577320,0,0,0,0,0,1,NULL,standard_terms,usable_n_lt_30
a806a4bb063ea7ca6d374eafa50a6058,ES,serra,5,0,5,0.0000000000,0.0,0 / 5,0,0.0000000000,0.0,-24.0000,NULL,5,0,0.0000000000,0,0,NULL,5,0,0.0000000000,0,0.0000000000,294.40,405.27,0,0,below_floor,393,0.0780768749,0.07638571932468,0.0356083086,0.0666666667,0.1016949153,0.1428571429,0.1752577320,0,0,0,0,0,1,NULL,standard_terms,usable_n_lt_30
a888faf2d1baececa6baf9c3d603ee1f,PR,umuarama,5,0,5,0.0000000000,0.0,0 / 5,1,0.2000000000,20.0,-18.0000,NULL,4,0,0.0000000000,1,0,0.0000000000,5,0,0.0000000000,0,0.0000000000,1249.50,1385.19,0,0,below_floor,393,0.0780768749,0.07638571932468,0.0356083086,0.0666666667,0.1016949153,0.1428571429,0.1752577320,0,0,0,0,0,1,NULL,standard_terms,usable_n_lt_30
aae5e7b457a3c72ee230a47d98fceda5,PR,sao jose dos pinhas,5,0,5,0.0000000000,0.0,0 / 5,0,0.0000000000,0.0,-21.0000,NULL,2,0,0.0000000000,3,0,0.0000000000,5,0,0.0000000000,0,0.0000000000,604.80,745.57,0,0,below_floor,393,0.0780768749,0.07638571932468,0.0356083086,0.0666666667,0.1016949153,0.1428571429,0.1752577320,0,0,0,0,0,1,NULL,standard_terms,usable_n_lt_30
acb6c2ca5c82411c1fdb88d5fd5eb95e,SP,sao paulo,5,0,5,0.0000000000,0.0,0 / 5,0,0.0000000000,0.0,-6.0000,NULL,1,0,0.0000000000,4,0,0.0000000000,5,0,0.0000000000,0,0.0000000000,153.38,236.09,0,0,below_floor,393,0.0780768749,0.07638571932468,0.0356083086,0.0666666667,0.1016949153,0.1428571429,0.1752577320,0,0,0,0,0,1,NULL,standard_terms,usable_n_lt_30
b4b447d715f9ab302a188fb43d3e96b3,SP,sao paulo,5,0,5,0.0000000000,0.0,0 / 5,1,0.2000000000,20.0,-5.0000,NULL,0,0,NULL,5,0,0.0000000000,5,0,0.0000000000,0,0.0000000000,685.93,779.66,0,0,below_floor,393,0.0780768749,0.07638571932468,0.0356083086,0.0666666667,0.1016949153,0.1428571429,0.1752577320,0,0,0,0,0,1,NULL,standard_terms,usable_n_lt_30
b5abf4f36adc043117b4fca82c22984c,DF,brasilia,5,0,5,0.0000000000,0.0,0 / 5,0,0.0000000000,0.0,-10.0000,NULL,1,0,0.0000000000,4,0,0.0000000000,4,0,0.0000000000,1,0.2000000000,241.50,350.11,0,0,below_floor,393,0.0780768749,0.07638571932468,0.0356083086,0.0666666667,0.1016949153,0.1428571429,0.1752577320,0,0,0,0,0,1,NULL,standard_terms,usable_n_lt_30
b9a03475e6447e631b6799ec8274800f,PR,formosa do oeste,5,0,5,0.0000000000,0.0,0 / 5,0,0.0000000000,0.0,-21.0000,NULL,3,0,0.0000000000,2,0,0.0000000000,5,0,0.0000000000,0,0.0000000000,726.50,909.99,0,0,below_floor,393,0.0780768749,0.07638571932468,0.0356083086,0.0666666667,0.1016949153,0.1428571429,0.1752577320,0,0,0,0,0,1,NULL,standard_terms,usable_n_lt_30
bb2afe2061d53c6968aa0cffa233a8ec,SP,sao paulo,5,0,5,0.0000000000,0.0,0 / 5,0,0.0000000000,0.0,-10.0000,NULL,0,0,NULL,5,0,0.0000000000,5,0,0.0000000000,0,0.0000000000,549.40,644.02,0,0,below_floor,393,0.0780768749,0.07638571932468,0.0356083086,0.0666666667,0.1016949153,0.1428571429,0.1752577320,0,0,0,0,0,1,NULL,standard_terms,usable_n_lt_30
bdf0d02d36a1d839d0c39c4a887cdd49,SP,birigui,5,0,5,0.0000000000,0.0,0 / 5,0,0.0000000000,0.0,-21.0000,NULL,5,0,0.0000000000,0,0,NULL,5,0,0.0000000000,0,0.0000000000,120.00,215.95,0,0,below_floor,393,0.0780768749,0.07638571932468,0.0356083086,0.0666666667,0.1016949153,0.1428571429,0.1752577320,0,0,0,0,0,1,NULL,standard_terms,usable_n_lt_30
bff9deb0ec77d437f3305a79cf25529e,SP,limeira,5,0,5,0.0000000000,0.0,0 / 5,0,0.0000000000,0.0,-15.0000,NULL,0,0,NULL,5,0,0.0000000000,5,0,0.0000000000,0,0.0000000000,161.95,242.74,0,0,below_floor,393,0.0780768749,0.07638571932468,0.0356083086,0.0666666667,0.1016949153,0.1428571429,0.1752577320,0,0,0,0,0,1,NULL,standard_terms,usable_n_lt_30
c4f7fee5b0db50e87766f5a4d1b1b758,SP,sorocaba,5,0,5,0.0000000000,0.0,0 / 5,0,0.0000000000,0.0,-16.0000,NULL,5,0,0.0000000000,0,0,NULL,5,0,0.0000000000,0,0.0000000000,2762.03,2914.72,0,0,below_floor,393,0.0780768749,0.07638571932468,0.0356083086,0.0666666667,0.1016949153,0.1428571429,0.1752577320,0,0,0,0,0,1,NULL,standard_terms,usable_n_lt_30
c7a0a13cbcf29d5ce51c8f80afdc0b89,SC,laurentino,5,0,5,0.0000000000,0.0,0 / 5,0,0.0000000000,0.0,-14.0000,NULL,2,0,0.0000000000,3,0,0.0000000000,5,0,0.0000000000,0,0.0000000000,409.92,520.29,0,0,below_floor,393,0.0780768749,0.07638571932468,0.0356083086,0.0666666667,0.1016949153,0.1428571429,0.1752577320,0,0,0,0,0,1,NULL,standard_terms,usable_n_lt_30
cf1313c6e2c01c2f4b014f97db4bcd2b,RJ,rio de janeiro 
io de janeiro,5,0,5,0.0000000000,0.0,0 / 5,1,0.2000000000,20.0,-12.0000,NULL,0,0,NULL,5,0,0.0000000000,5,0,0.0000000000,0,0.0000000000,315.70,397.00,0,0,below_floor,393,0.0780768749,0.07638571932468,0.0356083086,0.0666666667,0.1016949153,0.1428571429,0.1752577320,0,0,0,0,0,1,NULL,standard_terms,usable_n_lt_30
df47da4ae86fa4db890d05aaf24e21d8,SP,sao paulo,5,0,5,0.0000000000,0.0,0 / 5,0,0.0000000000,0.0,-14.0000,NULL,0,0,NULL,5,0,0.0000000000,5,0,0.0000000000,0,0.0000000000,310.50,387.68,0,0,below_floor,393,0.0780768749,0.07638571932468,0.0356083086,0.0666666667,0.1016949153,0.1428571429,0.1752577320,0,0,0,0,0,1,NULL,standard_terms,usable_n_lt_30
e49c26c3edfa46d227d5121a6b6e4d37,PE,brejao,5,0,5,0.0000000000,0.0,0 / 5,0,0.0000000000,0.0,-17.0000,NULL,3,0,0.0000000000,2,0,0.0000000000,5,0,0.0000000000,0,0.0000000000,787.95,964.51,0,0,below_floor,393,0.0780768749,0.07638571932468,0.0356083086,0.0666666667,0.1016949153,0.1428571429,0.1752577320,0,0,0,0,0,1,NULL,standard_terms,usable_n_lt_30
e4ebd3f87bf70440014f07ddda7fbe03,SP,presidente epitacio,5,0,5,0.0000000000,0.0,0 / 5,1,0.2000000000,20.0,-8.0000,NULL,5,0,0.0000000000,0,0,NULL,5,0,0.0000000000,0,0.0000000000,534.50,622.97,0,0,below_floor,393,0.0780768749,0.07638571932468,0.0356083086,0.0666666667,0.1016949153,0.1428571429,0.1752577320,0,0,0,0,0,1,NULL,standard_terms,usable_n_lt_30
e9c6969d40e6a3d2d0f90013165c2b98,SP,sao paulo,5,0,5,0.0000000000,0.0,0 / 5,0,0.0000000000,0.0,-23.0000,NULL,4,0,0.0000000000,1,0,0.0000000000,5,0,0.0000000000,0,0.0000000000,2640.00,2769.98,0,0,below_floor,393,0.0780768749,0.07638571932468,0.0356083086,0.0666666667,0.1016949153,0.1428571429,0.1752577320,0,0,0,0,0,1,NULL,standard_terms,usable_n_lt_30
ef30892870c278497523264be1be2241,SP,araraquara,5,0,5,0.0000000000,0.0,0 / 5,0,0.0000000000,0.0,-15.0000,NULL,5,0,0.0000000000,0,0,NULL,5,0,0.0000000000,0,0.0000000000,420.90,485.34,0,0,below_floor,393,0.0780768749,0.07638571932468,0.0356083086,0.0666666667,0.1016949153,0.1428571429,0.1752577320,0,0,0,0,0,1,NULL,standard_terms,usable_n_lt_30
efff9341f3f8f5237b44ff67ed36a7bf,ES,vitoria,5,0,5,0.0000000000,0.0,0 / 5,0,0.0000000000,0.0,-11.0000,NULL,0,0,NULL,5,0,0.0000000000,5,0,0.0000000000,0,0.0000000000,872.99,972.65,0,0,below_floor,393,0.0780768749,0.07638571932468,0.0356083086,0.0666666667,0.1016949153,0.1428571429,0.1752577320,0,0,0,0,0,1,NULL,standard_terms,usable_n_lt_30
f4a04f7be452aa3bb31760bf00055dd0,SP,santo andre,5,0,5,0.0000000000,0.0,0 / 5,0,0.0000000000,0.0,-14.0000,NULL,1,0,0.0000000000,4,0,0.0000000000,5,0,0.0000000000,0,0.0000000000,231.00,301.52,0,0,below_floor,393,0.0780768749,0.07638571932468,0.0356083086,0.0666666667,0.1016949153,0.1428571429,0.1752577320,0,0,0,0,0,1,NULL,standard_terms,usable_n_lt_30
f626e15b7314c267e4429010866f70e9,SP,marechal candido rondon,5,0,5,0.0000000000,0.0,0 / 5,0,0.0000000000,0.0,-16.0000,NULL,3,0,0.0000000000,2,0,0.0000000000,5,0,0.0000000000,0,0.0000000000,193.55,319.02,0,0,below_floor,393,0.0780768749,0.07638571932468,0.0356083086,0.0666666667,0.1016949153,0.1428571429,0.1752577320,0,0,0,0,0,1,NULL,standard_terms,usable_n_lt_30
f92d8c817434bd2d84d4e9c61322b7fa,SP,sorocaba,5,0,5,0.0000000000,0.0,0 / 5,1,0.2000000000,20.0,-9.0000,NULL,3,0,0.0000000000,2,0,0.0000000000,5,0,0.0000000000,0,0.0000000000,174.84,225.61,0,0,below_floor,393,0.0780768749,0.07638571932468,0.0356083086,0.0666666667,0.1016949153,0.1428571429,0.1752577320,0,0,0,0,0,1,NULL,standard_terms,usable_n_lt_30
fac35d150712afb921ec59ac5f39bb11,MG,bonfinopolis de minas,5,0,5,0.0000000000,0.0,0 / 5,0,0.0000000000,0.0,-14.0000,NULL,1,0,0.0000000000,4,0,0.0000000000,5,0,0.0000000000,0,0.0000000000,696.00,800.64,0,0,below_floor,393,0.0780768749,0.07638571932468,0.0356083086,0.0666666667,0.1016949153,0.1428571429,0.1752577320,0,0,0,0,0,1,NULL,standard_terms,usable_n_lt_30
fc59392d66ef99377e50356ee4f3b4e1,BA,salvador,5,0,5,0.0000000000,0.0,0 / 5,0,0.0000000000,0.0,-11.5000,NULL,0,0,NULL,5,0,0.0000000000,5,0,0.0000000000,0,0.0000000000,519.99,606.96,1,0,below_floor,393,0.0780768749,0.07638571932468,0.0356083086,0.0666666667,0.1016949153,0.1428571429,0.1752577320,0,0,0,0,0,1,NULL,standard_terms,usable_n_lt_30
fdaaf5bfda82b7b80535610c831b8d09,SP,sao jose do rio preto,5,0,5,0.0000000000,0.0,0 / 5,0,0.0000000000,0.0,-12.5000,NULL,4,0,0.0000000000,1,0,0.0000000000,5,0,0.0000000000,0,0.0000000000,1429.60,1565.80,1,0,below_floor,393,0.0780768749,0.07638571932468,0.0356083086,0.0666666667,0.1016949153,0.1428571429,0.1752577320,0,0,0,0,0,1,NULL,standard_terms,usable_n_lt_30
01c97ebb5cdac52891c0ed1c37ba0012,SP,catanduva,4,0,4,0.0000000000,0.0,0 / 4,0,0.0000000000,0.0,-8.0000,NULL,3,0,0.0000000000,1,0,0.0000000000,4,0,0.0000000000,0,0.0000000000,401.10,491.40,0,0,below_floor,393,0.0780768749,0.07638571932468,0.0356083086,0.0666666667,0.1016949153,0.1428571429,0.1752577320,0,0,0,0,0,1,NULL,standard_terms,usable_n_lt_30
02b72cdeb9cfcc429f1af6f4e3f3b737,SP,ibitinga,4,0,4,0.0000000000,0.0,0 / 4,0,0.0000000000,0.0,-8.5000,NULL,0,0,NULL,4,0,0.0000000000,4,0,0.0000000000,0,0.0000000000,522.65,748.64,0,0,below_floor,393,0.0780768749,0.07638571932468,0.0356083086,0.0666666667,0.1016949153,0.1428571429,0.1752577320,0,0,0,0,0,1,NULL,standard_terms,usable_n_lt_30
04fdea0c111866e6cf812f1570d6b5bd,SP,sao paulo,4,0,4,0.0000000000,0.0,0 / 4,0,0.0000000000,0.0,-18.5000,NULL,4,0,0.0000000000,0,0,NULL,4,0,0.0000000000,0,0.0000000000,380.00,469.08,0,0,below_floor,393,0.0780768749,0.07638571932468,0.0356083086,0.0666666667,0.1016949153,0.1428571429,0.1752577320,0,0,0,0,0,1,NULL,standard_terms,usable_n_lt_30
05730013efda596306417c3b09302475,SC,criciuma,4,0,4,0.0000000000,0.0,0 / 4,0,0.0000000000,0.0,-10.5000,NULL,0,0,NULL,4,0,0.0000000000,4,0,0.0000000000,0,0.0000000000,952.00,1168.67,0,0,below_floor,393,0.0780768749,0.07638571932468,0.0356083086,0.0666666667,0.1016949153,0.1428571429,0.1752577320,0,0,0,0,0,1,NULL,standard_terms,usable_n_lt_30
0743a0239d764b9a0f959a57d07e36ab,SP,sao paulo,4,0,4,0.0000000000,0.0,0 / 4,0,0.0000000000,0.0,-5.5000,NULL,0,0,NULL,4,0,0.0000000000,4,0,0.0000000000,0,0.0000000000,336.96,403.22,0,0,below_floor,393,0.0780768749,0.07638571932468,0.0356083086,0.0666666667,0.1016949153,0.1428571429,0.1752577320,0,0,0,0,0,1,NULL,standard_terms,usable_n_lt_30
0aa2205ca24f113f4658a5c536667426,SP,sao paulo,4,0,4,0.0000000000,0.0,0 / 4,0,0.0000000000,0.0,-10.0000,NULL,1,0,0.0000000000,3,0,0.0000000000,4,0,0.0000000000,0,0.0000000000,815.62,988.10,0,0,below_floor,393,0.0780768749,0.07638571932468,0.0356083086,0.0666666667,0.1016949153,0.1428571429,0.1752577320,0,0,0,0,0,1,NULL,standard_terms,usable_n_lt_30
0b64bcdb0784abc139af04077d49a20e,RS,canoas,4,0,4,0.0000000000,0.0,0 / 4,0,0.0000000000,0.0,-18.5000,NULL,1,0,0.0000000000,3,0,0.0000000000,4,0,0.0000000000,0,0.0000000000,137.60,205.81,0,0,below_floor,393,0.0780768749,0.07638571932468,0.0356083086,0.0666666667,0.1016949153,0.1428571429,0.1752577320,0,0,0,0,0,1,NULL,standard_terms,usable_n_lt_30
0eaa7e33d73809f1f925f7d07c506cbd,SP,santo andre,4,0,4,0.0000000000,0.0,0 / 4,0,0.0000000000,0.0,-14.5000,NULL,2,0,0.0000000000,2,0,0.0000000000,4,0,0.0000000000,0,0.0000000000,324.00,376.52,0,0,below_floor,393,0.0780768749,0.07638571932468,0.0356083086,0.0666666667,0.1016949153,0.1428571429,0.1752577320,0,0,0,0,0,1,NULL,standard_terms,usable_n_lt_30
0f0c984a4a955310903b6b6008660bad,SP,franca,4,0,4,0.0000000000,0.0,0 / 4,1,0.2500000000,25.0,-10.0000,NULL,1,0,0.0000000000,3,0,0.0000000000,4,0,0.0000000000,0,0.0000000000,369.81,481.38,0,0,below_floor,393,0.0780768749,0.07638571932468,0.0356083086,0.0666666667,0.1016949153,0.1428571429,0.1752577320,0,0,0,0,0,1,NULL,standard_terms,usable_n_lt_30
10264f60a8f0a4d2f30810f5c661c673,SP,campinas,4,0,4,0.0000000000,0.0,0 / 4,0,0.0000000000,0.0,-10.0000,NULL,0,0,NULL,4,0,0.0000000000,4,0,0.0000000000,0,0.0000000000,284.60,326.46,0,0,below_floor,393,0.0780768749,0.07638571932468,0.0356083086,0.0666666667,0.1016949153,0.1428571429,0.1752577320,0,0,0,0,0,1,NULL,standard_terms,usable_n_lt_30
10ff823eda2b032e2c93d17a7d294736,SP,pederneiras,4,0,4,0.0000000000,0.0,0 / 4,0,0.0000000000,0.0,-14.0000,NULL,4,0,0.0000000000,0,0,NULL,4,0,0.0000000000,0,0.0000000000,508.70,579.89,0,0,below_floor,393,0.0780768749,0.07638571932468,0.0356083086,0.0666666667,0.1016949153,0.1428571429,0.1752577320,0,0,0,0,0,1,NULL,standard_terms,usable_n_lt_30
120476eb7a04c149d14772edaf5d9bf2,RJ,angra dos reis,4,0,4,0.0000000000,0.0,0 / 4,0,0.0000000000,0.0,-15.5000,NULL,0,0,NULL,4,0,0.0000000000,4,0,0.0000000000,0,0.0000000000,2368.80,2519.63,0,0,below_floor,393,0.0780768749,0.07638571932468,0.0356083086,0.0666666667,0.1016949153,0.1428571429,0.1752577320,0,0,0,0,0,1,NULL,standard_terms,usable_n_lt_30
131fcb0a0c9a47bba4474aacff0f14b7,SP,sao paulo,4,0,4,0.0000000000,0.0,0 / 4,0,0.0000000000,0.0,-8.0000,NULL,0,0,NULL,4,0,0.0000000000,4,0,0.0000000000,0,0.0000000000,369.80,406.41,0,0,below_floor,393,0.0780768749,0.07638571932468,0.0356083086,0.0666666667,0.1016949153,0.1428571429,0.1752577320,0,0,0,0,0,1,NULL,standard_terms,usable_n_lt_30
1771297ac436903d1dd6b0e9279aa505,SP,guarulhos,4,0,4,0.0000000000,0.0,0 / 4,0,0.0000000000,0.0,-15.0000,NULL,3,0,0.0000000000,1,0,0.0000000000,4,0,0.0000000000,0,0.0000000000,193.55,276.01,0,0,below_floor,393,0.0780768749,0.07638571932468,0.0356083086,0.0666666667,0.1016949153,0.1428571429,0.1752577320,0,0,0,0,0,1,NULL,standard_terms,usable_n_lt_30
189ca3538ce9f920cacf0f982cbe223b,SP,sao paulo,4,0,4,0.0000000000,0.0,0 / 4,0,0.0000000000,0.0,-7.5000,NULL,0,0,NULL,4,0,0.0000000000,4,0,0.0000000000,0,0.0000000000,419.00,481.67,0,0,below_floor,393,0.0780768749,0.07638571932468,0.0356083086,0.0666666667,0.1016949153,0.1428571429,0.1752577320,0,0,0,0,0,1,NULL,standard_terms,usable_n_lt_30
1c5e4e49b9079480255b49d50aac1aa9,SP,santos,4,0,4,0.0000000000,0.0,0 / 4,0,0.0000000000,0.0,-14.5000,NULL,1,0,0.0000000000,3,0,0.0000000000,4,0,0.0000000000,0,0.0000000000,3080.10,3469.58,0,0,below_floor,393,0.0780768749,0.07638571932468,0.0356083086,0.0666666667,0.1016949153,0.1428571429,0.1752577320,0,0,0,0,0,1,NULL,standard_terms,usable_n_lt_30
21c62b998a043ebe31161d38f84929fc,CE,fortaleza,4,0,4,0.0000000000,0.0,0 / 4,0,0.0000000000,0.0,-16.5000,NULL,0,0,NULL,4,0,0.0000000000,4,0,0.0000000000,0,0.0000000000,750.49,841.33,0,0,below_floor,393,0.0780768749,0.07638571932468,0.0356083086,0.0666666667,0.1016949153,0.1428571429,0.1752577320,0,0,0,0,0,1,NULL,standard_terms,usable_n_lt_30
22c32ec35d0116ef02c281798a25bf8b,PR,maringa,4,0,4,0.0000000000,0.0,0 / 4,0,0.0000000000,0.0,-13.0000,NULL,4,0,0.0000000000,0,0,NULL,4,0,0.0000000000,0,0.0000000000,119.58,210.01,0,0,below_floor,393,0.0780768749,0.07638571932468,0.0356083086,0.0666666667,0.1016949153,0.1428571429,0.1752577320,0,0,0,0,0,1,NULL,standard_terms,usable_n_lt_30
269cff2d3c8d205c11f37a52402ea93b,SP,catanduva,4,0,4,0.0000000000,0.0,0 / 4,0,0.0000000000,0.0,-10.0000,NULL,0,0,NULL,4,0,0.0000000000,4,0,0.0000000000,0,0.0000000000,1281.59,1415.00,0,0,below_floor,393,0.0780768749,0.07638571932468,0.0356083086,0.0666666667,0.1016949153,0.1428571429,0.1752577320,0,0,0,0,0,1,NULL,standard_terms,usable_n_lt_30
26e13b6ff5b641b329e5524241ee2c93,SP,franca,4,0,4,0.0000000000,0.0,0 / 4,0,0.0000000000,0.0,-10.5000,NULL,0,0,NULL,4,0,0.0000000000,3,0,0.0000000000,1,0.2500000000,119.70,189.68,0,0,below_floor,393,0.0780768749,0.07638571932468,0.0356083086,0.0666666667,0.1016949153,0.1428571429,0.1752577320,0,0,0,0,0,1,NULL,standard_terms,usable_n_lt_30
270d3ef21830ad0ecf3a6c53d08a533a,SP,carapicuiba,4,0,4,0.0000000000,0.0,0 / 4,0,0.0000000000,0.0,-10.5000,NULL,4,0,0.0000000000,0,0,NULL,4,0,0.0000000000,0,0.0000000000,395.00,588.91,0,0,below_floor,393,0.0780768749,0.07638571932468,0.0356083086,0.0666666667,0.1016949153,0.1428571429,0.1752577320,0,0,0,0,0,1,NULL,standard_terms,usable_n_lt_30
29e6e05b65f93bc224c644319dc52ecf,MG,juiz de fora,4,0,4,0.0000000000,0.0,0 / 4,0,0.0000000000,0.0,-13.0000,NULL,0,0,NULL,4,0,0.0000000000,4,0,0.0000000000,0,0.0000000000,475.60,558.92,0,0,below_floor,393,0.0780768749,0.07638571932468,0.0356083086,0.0666666667,0.1016949153,0.1428571429,0.1752577320,0,0,0,0,0,1,NULL,standard_terms,usable_n_lt_30
33ab10be054370c254ddfcf0a6253422,RJ,rio de janeiro,4,0,4,0.0000000000,0.0,0 / 4,0,0.0000000000,0.0,-8.0000,NULL,0,0,NULL,4,0,0.0000000000,4,0,0.0000000000,0,0.0000000000,213.20,265.53,0,0,below_floor,393,0.0780768749,0.07638571932468,0.0356083086,0.0666666667,0.1016949153,0.1428571429,0.1752577320,0,0,0,0,0,1,NULL,standard_terms,usable_n_lt_30
34a557286ead8fe75c989e0afcf7d98c,SP,franca,4,0,4,0.0000000000,0.0,0 / 4,0,0.0000000000,0.0,-9.0000,NULL,0,0,NULL,4,0,0.0000000000,4,0,0.0000000000,0,0.0000000000,414.90,473.46,1,0,below_floor,393,0.0780768749,0.07638571932468,0.0356083086,0.0666666667,0.1016949153,0.1428571429,0.1752577320,0,0,0,0,0,1,NULL,standard_terms,usable_n_lt_30
353e21e8bf8de2722b4fae1636664b76,RS,canoas,4,0,4,0.0000000000,0.0,0 / 4,0,0.0000000000,0.0,-18.5000,NULL,3,0,0.0000000000,1,0,0.0000000000,3,0,0.0000000000,1,0.2500000000,208.00,299.89,0,0,below_floor,393,0.0780768749,0.07638571932468,0.0356083086,0.0666666667,0.1016949153,0.1428571429,0.1752577320,0,0,0,0,0,1,NULL,standard_terms,usable_n_lt_30
3bfba5a77604f6dfae7e6dd7aaf65821,PR,londrina,4,0,4,0.0000000000,0.0,0 / 4,0,0.0000000000,0.0,-8.0000,NULL,0,0,NULL,4,0,0.0000000000,4,0,0.0000000000,0,0.0000000000,2095.50,2218.19,0,0,below_floor,393,0.0780768749,0.07638571932468,0.0356083086,0.0666666667,0.1016949153,0.1428571429,0.1752577320,0,0,0,0,0,1,NULL,standard_terms,usable_n_lt_30
3d4b1ae7539303b5704493798893e82c,SP,sao paulo,4,0,4,0.0000000000,0.0,0 / 4,0,0.0000000000,0.0,-10.5000,NULL,4,0,0.0000000000,0,0,NULL,4,0,0.0000000000,0,0.0000000000,765.00,870.43,0,0,below_floor,393,0.0780768749,0.07638571932468,0.0356083086,0.0666666667,0.1016949153,0.1428571429,0.1752577320,0,0,0,0,0,1,NULL,standard_terms,usable_n_lt_30
404e1ba01358af4cd63f679b2c4d1fa1,MG,juiz de fora,4,0,4,0.0000000000,0.0,0 / 4,0,0.0000000000,0.0,-13.0000,NULL,0,0,NULL,4,0,0.0000000000,4,0,0.0000000000,0,0.0000000000,239.20,358.39,0,0,below_floor,393,0.0780768749,0.07638571932468,0.0356083086,0.0666666667,0.1016949153,0.1428571429,0.1752577320,0,0,0,0,0,1,NULL,standard_terms,usable_n_lt_30
43402bdf22aa2310e8f99e2f94f78628,SP,ribeirao pires,4,0,4,0.0000000000,0.0,0 / 4,0,0.0000000000,0.0,-42.5000,NULL,0,0,NULL,4,0,0.0000000000,4,0,0.0000000000,0,0.0000000000,649.95,837.10,0,0,below_floor,393,0.0780768749,0.07638571932468,0.0356083086,0.0666666667,0.1016949153,0.1428571429,0.1752577320,0,0,0,0,0,1,NULL,standard_terms,usable_n_lt_30
46ef1a25845fc051c2998d878354810c,MG,claudio,4,0,4,0.0000000000,0.0,0 / 4,1,0.2500000000,25.0,-2.5000,NULL,3,0,0.0000000000,1,0,0.0000000000,4,0,0.0000000000,0,0.0000000000,194.35,273.14,0,0,below_floor,393,0.0780768749,0.07638571932468,0.0356083086,0.0666666667,0.1016949153,0.1428571429,0.1752577320,0,0,0,0,0,1,NULL,standard_terms,usable_n_lt_30
4a82168aaef173cbb6e46ae88728f919,PR,irati,4,0,4,0.0000000000,0.0,0 / 4,0,0.0000000000,0.0,-13.0000,NULL,0,0,NULL,4,0,0.0000000000,4,0,0.0000000000,0,0.0000000000,512.00,612.39,0,0,below_floor,393,0.0780768749,0.07638571932468,0.0356083086,0.0666666667,0.1016949153,0.1428571429,0.1752577320,0,0,0,0,0,1,NULL,standard_terms,usable_n_lt_30
4bf2f4ee540798a61f9636d12cd9cc80,SP,assis,4,0,4,0.0000000000,0.0,0 / 4,0,0.0000000000,0.0,-17.0000,NULL,3,0,0.0000000000,1,0,0.0000000000,4,0,0.0000000000,0,0.0000000000,625.00,684.74,0,0,below_floor,393,0.0780768749,0.07638571932468,0.0356083086,0.0666666667,0.1016949153,0.1428571429,0.1752577320,0,0,0,0,0,1,NULL,standard_terms,usable_n_lt_30
4c8545742faaf58fafd5fd14d25d75cf,SP,fernandopolis,4,0,4,0.0000000000,0.0,0 / 4,0,0.0000000000,0.0,-15.5000,NULL,3,0,0.0000000000,1,0,0.0000000000,4,0,0.0000000000,0,0.0000000000,3020.00,3216.31,0,0,below_floor,393,0.0780768749,0.07638571932468,0.0356083086,0.0666666667,0.1016949153,0.1428571429,0.1752577320,0,0,0,0,0,1,NULL,standard_terms,usable_n_lt_30
5011f0d93373a4c5753adf58ca77af8d,SP,santos,4,0,4,0.0000000000,0.0,0 / 4,0,0.0000000000,0.0,-8.0000,NULL,0,0,NULL,4,0,0.0000000000,4,0,0.0000000000,0,0.0000000000,449.92,624.32,0,0,below_floor,393,0.0780768749,0.07638571932468,0.0356083086,0.0666666667,0.1016949153,0.1428571429,0.1752577320,0,0,0,0,0,1,NULL,standard_terms,usable_n_lt_30
5145090ab595c0d0b8557199f5701fbf,PR,curitiba,4,0,4,0.0000000000,0.0,0 / 4,0,0.0000000000,0.0,-28.5000,NULL,3,0,0.0000000000,1,0,0.0000000000,4,0,0.0000000000,0,0.0000000000,1459.60,1657.45,0,0,below_floor,393,0.0780768749,0.07638571932468,0.0356083086,0.0666666667,0.1016949153,0.1428571429,0.1752577320,0,0,0,0,0,1,NULL,standard_terms,usable_n_lt_30
5194c22ed1f616ec0c0f33c571542879,MG,santa rita do sapucai,4,0,4,0.0000000000,0.0,0 / 4,0,0.0000000000,0.0,-11.5000,NULL,0,0,NULL,4,0,0.0000000000,4,0,0.0000000000,0,0.0000000000,245.60,326.45,0,0,below_floor,393,0.0780768749,0.07638571932468,0.0356083086,0.0666666667,0.1016949153,0.1428571429,0.1752577320,0,0,0,0,0,1,NULL,standard_terms,usable_n_lt_30
5275ca25d0358ca73864e0ae41be1320,SP,guarulhos,4,0,4,0.0000000000,0.0,0 / 4,2,0.5000000000,50.0,-2.0000,NULL,0,0,NULL,4,0,0.0000000000,4,0,0.0000000000,0,0.0000000000,409.60,478.82,0,0,below_floor,393,0.0780768749,0.07638571932468,0.0356083086,0.0666666667,0.1016949153,0.1428571429,0.1752577320,0,0,0,0,0,1,NULL,standard_terms,usable_n_lt_30
52a50b42accf164f9f019941e5759d9b,SP,monte alegre do sul,4,0,4,0.0000000000,0.0,0 / 4,1,0.2500000000,25.0,-3.0000,NULL,0,0,NULL,4,0,0.0000000000,4,0,0.0000000000,0,0.0000000000,139.96,197.02,0,0,below_floor,393,0.0780768749,0.07638571932468,0.0356083086,0.0666666667,0.1016949153,0.1428571429,0.1752577320,0,0,0,0,0,1,NULL,standard_terms,usable_n_lt_30
52f976b17ea7f2f087f56dcc419328f6,PR,california,4,0,4,0.0000000000,0.0,0 / 4,0,0.0000000000,0.0,-17.0000,NULL,0,0,NULL,4,0,0.0000000000,4,0,0.0000000000,0,0.0000000000,5030.00,5528.08,0,0,below_floor,393,0.0780768749,0.07638571932468,0.0356083086,0.0666666667,0.1016949153,0.1428571429,0.1752577320,0,0,0,0,0,1,NULL,standard_terms,usable_n_lt_30
556a6409838156ea299c9d1f9e2dde43,PR,curitiba,4,0,4,0.0000000000,0.0,0 / 4,0,0.0000000000,0.0,-13.5000,NULL,0,0,NULL,4,0,0.0000000000,4,0,0.0000000000,0,0.0000000000,1362.80,1449.64,0,0,below_floor,393,0.0780768749,0.07638571932468,0.0356083086,0.0666666667,0.1016949153,0.1428571429,0.1752577320,0,0,0,0,0,1,NULL,standard_terms,usable_n_lt_30
61b18775be84fb700a6b2d0ba097bf66,SP,araraquara,4,0,4,0.0000000000,0.0,0 / 4,0,0.0000000000,0.0,-8.5000,NULL,1,0,0.0000000000,3,0,0.0000000000,4,0,0.0000000000,0,0.0000000000,334.50,436.01,0,0,below_floor,393,0.0780768749,0.07638571932468,0.0356083086,0.0666666667,0.1016949153,0.1428571429,0.1752577320,0,0,0,0,0,1,NULL,standard_terms,usable_n_lt_30
661ad5fcc28cdfb8bcadb12bb2272475,SC,balneario camboriu,4,0,4,0.0000000000,0.0,0 / 4,0,0.0000000000,0.0,-17.5000,NULL,2,0,0.0000000000,2,0,0.0000000000,4,0,0.0000000000,0,0.0000000000,209.93,329.71,0,0,below_floor,393,0.0780768749,0.07638571932468,0.0356083086,0.0666666667,0.1016949153,0.1428571429,0.1752577320,0,0,0,0,0,1,NULL,standard_terms,usable_n_lt_30
6861de0f40cacb0602e473c51639f980,PR,curitiba,4,0,4,0.0000000000,0.0,0 / 4,0,0.0000000000,0.0,-21.0000,NULL,0,0,NULL,4,0,0.0000000000,4,0,0.0000000000,0,0.0000000000,175.00,308.42,0,0,below_floor,393,0.0780768749,0.07638571932468,0.0356083086,0.0666666667,0.1016949153,0.1428571429,0.1752577320,0,0,0,0,0,1,NULL,standard_terms,usable_n_lt_30
698f5fa55a5f73d0740e9d9a773e8093,RJ,rio de janeiro,4,0,4,0.0000000000,0.0,0 / 4,0,0.0000000000,0.0,-15.0000,NULL,0,0,NULL,4,0,0.0000000000,4,0,0.0000000000,0,0.0000000000,120.00,203.99,0,0,below_floor,393,0.0780768749,0.07638571932468,0.0356083086,0.0666666667,0.1016949153,0.1428571429,0.1752577320,0,0,0,0,0,1,NULL,standard_terms,usable_n_lt_30
6bb62a4912377c7bfe7cb17b406bc7e6,SP,jundiai,4,0,4,0.0000000000,0.0,0 / 4,0,0.0000000000,0.0,-5.0000,NULL,0,0,NULL,4,0,0.0000000000,3,0,0.0000000000,1,0.2500000000,739.52,845.39,0,0,below_floor,393,0.0780768749,0.07638571932468,0.0356083086,0.0666666667,0.1016949153,0.1428571429,0.1752577320,0,0,0,0,0,1,NULL,standard_terms,usable_n_lt_30
6c17baf138731a4aaacc3210adf2037b,SP,franca,4,0,4,0.0000000000,0.0,0 / 4,0,0.0000000000,0.0,-10.0000,NULL,0,0,NULL,4,0,0.0000000000,4,0,0.0000000000,0,0.0000000000,538.80,628.72,0,0,below_floor,393,0.0780768749,0.07638571932468,0.0356083086,0.0666666667,0.1016949153,0.1428571429,0.1752577320,0,0,0,0,0,1,NULL,standard_terms,usable_n_lt_30
6d22a1fcebb6dd08c9cd90b92a93e8d0,SC,joinville,4,0,4,0.0000000000,0.0,0 / 4,0,0.0000000000,0.0,-6.5000,NULL,4,0,0.0000000000,0,0,NULL,3,0,0.0000000000,1,0.2500000000,382.50,466.80,0,0,below_floor,393,0.0780768749,0.07638571932468,0.0356083086,0.0666666667,0.1016949153,0.1428571429,0.1752577320,0,0,0,0,0,1,NULL,standard_terms,usable_n_lt_30
713e3a23ca5e47786eb6f0d99f94cfac,PR,curitiba,4,0,4,0.0000000000,0.0,0 / 4,0,0.0000000000,0.0,-18.5000,NULL,3,0,0.0000000000,1,0,0.0000000000,4,0,0.0000000000,0,0.0000000000,1126.00,1213.03,0,0,below_floor,393,0.0780768749,0.07638571932468,0.0356083086,0.0666666667,0.1016949153,0.1428571429,0.1752577320,0,0,0,0,0,1,NULL,standard_terms,usable_n_lt_30
72c38a04bd6a1c3dbc5298425a0db86d,PR,cascavel,4,0,4,0.0000000000,0.0,0 / 4,0,0.0000000000,0.0,-22.0000,NULL,0,0,NULL,4,0,0.0000000000,4,0,0.0000000000,0,0.0000000000,647.30,760.65,0,0,below_floor,393,0.0780768749,0.07638571932468,0.0356083086,0.0666666667,0.1016949153,0.1428571429,0.1752577320,0,0,0,0,0,1,NULL,standard_terms,usable_n_lt_30
75a4764c108403a7a0575140cb22287c,RS,caxias do sul,4,0,4,0.0000000000,0.0,0 / 4,0,0.0000000000,0.0,-18.0000,NULL,4,0,0.0000000000,0,0,NULL,4,0,0.0000000000,0,0.0000000000,498.54,688.33,0,0,below_floor,393,0.0780768749,0.07638571932468,0.0356083086,0.0666666667,0.1016949153,0.1428571429,0.1752577320,0,0,0,0,0,1,NULL,standard_terms,usable_n_lt_30
75d34ebb1bd0bd7dde40dd507b8169c3,BA,salvador,4,0,4,0.0000000000,0.0,0 / 4,0,0.0000000000,0.0,-14.5000,NULL,4,0,0.0000000000,0,0,NULL,4,0,0.0000000000,0,0.0000000000,624.96,718.27,0,0,below_floor,393,0.0780768749,0.07638571932468,0.0356083086,0.0666666667,0.1016949153,0.1428571429,0.1752577320,0,0,0,0,0,1,NULL,standard_terms,usable_n_lt_30
77714512e8d4dda9c234da8e3faf16e4,SP,guarulhos,4,0,4,0.0000000000,0.0,0 / 4,0,0.0000000000,0.0,-9.0000,NULL,0,0,NULL,4,0,0.0000000000,4,0,0.0000000000,0,0.0000000000,243.40,348.98,0,0,below_floor,393,0.0780768749,0.07638571932468,0.0356083086,0.0666666667,0.1016949153,0.1428571429,0.1752577320,0,0,0,0,0,1,NULL,standard_terms,usable_n_lt_30
7a2d2949aea47fab95fd98d6c9f618b1,PR,curitiba,4,0,4,0.0000000000,0.0,0 / 4,0,0.0000000000,0.0,-17.5000,NULL,2,0,0.0000000000,2,0,0.0000000000,4,0,0.0000000000,0,0.0000000000,736.99,832.64,0,0,below_floor,393,0.0780768749,0.07638571932468,0.0356083086,0.0666666667,0.1016949153,0.1428571429,0.1752577320,0,0,0,0,0,1,NULL,standard_terms,usable_n_lt_30
7c51de0ab286204ce75ff42bf7c10d92,SC,picarras,4,0,4,0.0000000000,0.0,0 / 4,0,0.0000000000,0.0,-15.0000,NULL,0,0,NULL,4,0,0.0000000000,4,0,0.0000000000,0,0.0000000000,759.00,908.64,0,0,below_floor,393,0.0780768749,0.07638571932468,0.0356083086,0.0666666667,0.1016949153,0.1428571429,0.1752577320,0,0,0,0,0,1,NULL,standard_terms,usable_n_lt_30
82e0a475a88cc9595229d8029273f045,SP,sao paulo,4,0,4,0.0000000000,0.0,0 / 4,0,0.0000000000,0.0,-15.0000,NULL,4,0,0.0000000000,0,0,NULL,4,0,0.0000000000,0,0.0000000000,982.96,1129.46,0,0,below_floor,393,0.0780768749,0.07638571932468,0.0356083086,0.0666666667,0.1016949153,0.1428571429,0.1752577320,0,0,0,0,0,1,NULL,standard_terms,usable_n_lt_30
83645b1645cdee8953ee54c29ceed564,PR,santa terezinha de itaipu,4,0,4,0.0000000000,0.0,0 / 4,0,0.0000000000,0.0,-10.5000,NULL,2,0,0.0000000000,2,0,0.0000000000,4,0,0.0000000000,0,0.0000000000,283.70,359.60,0,0,below_floor,393,0.0780768749,0.07638571932468,0.0356083086,0.0666666667,0.1016949153,0.1428571429,0.1752577320,0,0,0,0,0,1,NULL,standard_terms,usable_n_lt_30
85044848b1b767db2a4a58526adef4b4,SP,osasco,4,0,4,0.0000000000,0.0,0 / 4,0,0.0000000000,0.0,-11.5000,NULL,1,0,0.0000000000,3,0,0.0000000000,4,0,0.0000000000,0,0.0000000000,240.60,305.51,0,0,below_floor,393,0.0780768749,0.07638571932468,0.0356083086,0.0666666667,0.1016949153,0.1428571429,0.1752577320,0,0,0,0,0,1,NULL,standard_terms,usable_n_lt_30
86bf77bdb52e615674772d5817c6212f,RS,viamao,4,0,4,0.0000000000,0.0,0 / 4,0,0.0000000000,0.0,-13.0000,NULL,1,0,0.0000000000,3,0,0.0000000000,4,0,0.0000000000,0,0.0000000000,281.80,379.38,0,0,below_floor,393,0.0780768749,0.07638571932468,0.0356083086,0.0666666667,0.1016949153,0.1428571429,0.1752577320,0,0,0,0,0,1,NULL,standard_terms,usable_n_lt_30
8dfbc5ff27df12f6cef751d3b9554222,PR,curitiba,4,0,4,0.0000000000,0.0,0 / 4,0,0.0000000000,0.0,-13.0000,NULL,0,0,NULL,4,0,0.0000000000,4,0,0.0000000000,0,0.0000000000,226.00,316.12,0,0,below_floor,393,0.0780768749,0.07638571932468,0.0356083086,0.0666666667,0.1016949153,0.1428571429,0.1752577320,0,0,0,0,0,1,NULL,standard_terms,usable_n_lt_30
8fe8786ee000001ab51d030dfd4a7bf1,SC,paulo lopes,4,0,4,0.0000000000,0.0,0 / 4,0,0.0000000000,0.0,-19.0000,NULL,2,0,0.0000000000,2,0,0.0000000000,4,0,0.0000000000,0,0.0000000000,1816.00,1939.24,0,0,below_floor,393,0.0780768749,0.07638571932468,0.0356083086,0.0666666667,0.1016949153,0.1428571429,0.1752577320,0,0,0,0,0,1,NULL,standard_terms,usable_n_lt_30
90b36c5aeb728d5504a39f435bef0c5f,SP,conchal,4,0,4,0.0000000000,0.0,0 / 4,0,0.0000000000,0.0,-11.0000,NULL,0,0,NULL,4,0,0.0000000000,4,0,0.0000000000,0,0.0000000000,153.89,247.89,0,0,below_floor,393,0.0780768749,0.07638571932468,0.0356083086,0.0666666667,0.1016949153,0.1428571429,0.1752577320,0,0,0,0,0,1,NULL,standard_terms,usable_n_lt_30
91f5779a8731baca4809fdeade81803f,RJ,barra mansa,4,0,4,0.0000000000,0.0,0 / 4,0,0.0000000000,0.0,-10.5000,NULL,4,0,0.0000000000,0,0,NULL,4,0,0.0000000000,0,0.0000000000,1821.96,1917.88,0,0,below_floor,393,0.0780768749,0.07638571932468,0.0356083086,0.0666666667,0.1016949153,0.1428571429,0.1752577320,0,0,0,0,0,1,NULL,standard_terms,usable_n_lt_30
929f342384a6607afe143d789ade1316,PR,londrina,4,0,4,0.0000000000,0.0,0 / 4,0,0.0000000000,0.0,-18.0000,NULL,0,0,NULL,4,0,0.0000000000,4,0,0.0000000000,0,0.0000000000,209.40,272.76,0,0,below_floor,393,0.0780768749,0.07638571932468,0.0356083086,0.0666666667,0.1016949153,0.1428571429,0.1752577320,0,0,0,0,0,1,NULL,standard_terms,usable_n_lt_30
92d14edfb62ee5ae7fdff70b0f4e7233,SP,sao bernardo do campo,4,0,4,0.0000000000,0.0,0 / 4,0,0.0000000000,0.0,-13.0000,NULL,4,0,0.0000000000,0,0,NULL,3,0,0.0000000000,1,0.2500000000,160.00,219.41,0,0,below_floor,393,0.0780768749,0.07638571932468,0.0356083086,0.0666666667,0.1016949153,0.1428571429,0.1752577320,0,0,0,0,0,1,NULL,standard_terms,usable_n_lt_30
939e6227d6964a11a70aa91243e418f2,MG,conselheiro lafaiete,4,0,4,0.0000000000,0.0,0 / 4,0,0.0000000000,0.0,-6.0000,NULL,0,0,NULL,4,0,0.0000000000,4,0,0.0000000000,0,0.0000000000,425.00,488.25,0,0,below_floor,393,0.0780768749,0.07638571932468,0.0356083086,0.0666666667,0.1016949153,0.1428571429,0.1752577320,0,0,0,0,0,1,NULL,standard_terms,usable_n_lt_30
94ca168e8bcb407ab85c5da308863027,SP,clementina,4,0,4,0.0000000000,0.0,0 / 4,0,0.0000000000,0.0,-7.5000,NULL,1,0,0.0000000000,3,0,0.0000000000,4,0,0.0000000000,0,0.0000000000,185.40,260.91,0,0,below_floor,393,0.0780768749,0.07638571932468,0.0356083086,0.0666666667,0.1016949153,0.1428571429,0.1752577320,0,0,0,0,0,1,NULL,standard_terms,usable_n_lt_30
97e995629983723d11830a829bc2b246,SP,lorena,4,0,4,0.0000000000,0.0,0 / 4,0,0.0000000000,0.0,-14.0000,NULL,3,0,0.0000000000,1,0,0.0000000000,4,0,0.0000000000,0,0.0000000000,344.60,430.55,0,0,below_floor,393,0.0780768749,0.07638571932468,0.0356083086,0.0666666667,0.1016949153,0.1428571429,0.1752577320,0,0,0,0,0,1,NULL,standard_terms,usable_n_lt_30
98115075dd26cb8835946fc6086f5d30,SP,ao bernardo do campo,4,0,4,0.0000000000,0.0,0 / 4,0,0.0000000000,0.0,-5.0000,NULL,1,0,0.0000000000,3,0,0.0000000000,4,0,0.0000000000,0,0.0000000000,434.96,491.20,0,0,below_floor,393,0.0780768749,0.07638571932468,0.0356083086,0.0666666667,0.1016949153,0.1428571429,0.1752577320,0,0,0,0,0,1,NULL,standard_terms,usable_n_lt_30
9cf787a239c1aa29dbd76f153dc13f9a,SP,franca,4,0,4,0.0000000000,0.0,0 / 4,0,0.0000000000,0.0,-19.0000,NULL,0,0,NULL,4,0,0.0000000000,4,0,0.0000000000,0,0.0000000000,316.00,368.40,0,0,below_floor,393,0.0780768749,0.07638571932468,0.0356083086,0.0666666667,0.1016949153,0.1428571429,0.1752577320,0,0,0,0,0,1,NULL,standard_terms,usable_n_lt_30
9d489893ff6af05029671b785f54b998,SP,leme,4,0,4,0.0000000000,0.0,0 / 4,1,0.2500000000,25.0,-9.5000,NULL,0,0,NULL,4,0,0.0000000000,3,0,0.0000000000,1,0.2500000000,218.90,297.74,0,0,below_floor,393,0.0780768749,0.07638571932468,0.0356083086,0.0666666667,0.1016949153,0.1428571429,0.1752577320,0,0,0,0,0,1,NULL,standard_terms,usable_n_lt_30
9d5a9018aee56acb367ba9c3f05d1d6a,GO,aparecida de goiania,4,0,4,0.0000000000,0.0,0 / 4,0,0.0000000000,0.0,-11.5000,NULL,4,0,0.0000000000,0,0,NULL,4,0,0.0000000000,0,0.0000000000,797.63,893.23,0,0,below_floor,393,0.0780768749,0.07638571932468,0.0356083086,0.0666666667,0.1016949153,0.1428571429,0.1752577320,0,0,0,0,0,1,NULL,standard_terms,usable_n_lt_30
9dc79dd988ac42f4d56c340d7048420a,SP,sao paulo,4,0,4,0.0000000000,0.0,0 / 4,0,0.0000000000,0.0,-8.5000,NULL,0,0,NULL,4,0,0.0000000000,4,0,0.0000000000,0,0.0000000000,749.60,843.93,0,0,below_floor,393,0.0780768749,0.07638571932468,0.0356083086,0.0666666667,0.1016949153,0.1428571429,0.1752577320,0,0,0,0,0,1,NULL,standard_terms,usable_n_lt_30
9fc70243fb26800cba56e8f014797004,MG,belo horizonte,4,0,4,0.0000000000,0.0,0 / 4,0,0.0000000000,0.0,-11.5000,NULL,3,0,0.0000000000,1,0,0.0000000000,4,0,0.0000000000,0,0.0000000000,316.80,395.48,0,0,below_floor,393,0.0780768749,0.07638571932468,0.0356083086,0.0666666667,0.1016949153,0.1428571429,0.1752577320,0,0,0,0,0,1,NULL,standard_terms,usable_n_lt_30
a080fc8a850289b27500f6b49cca2553,SP,sao paulo,4,0,4,0.0000000000,0.0,0 / 4,0,0.0000000000,0.0,-8.5000,NULL,1,0,0.0000000000,3,0,0.0000000000,4,0,0.0000000000,0,0.0000000000,383.00,435.57,0,0,below_floor,393,0.0780768749,0.07638571932468,0.0356083086,0.0666666667,0.1016949153,0.1428571429,0.1752577320,0,0,0,0,0,1,NULL,standard_terms,usable_n_lt_30
a0a14e50070f3225b3eabba5b85da517,PR,curitiba,4,0,4,0.0000000000,0.0,0 / 4,0,0.0000000000,0.0,-10.5000,NULL,0,0,NULL,4,0,0.0000000000,4,0,0.0000000000,0,0.0000000000,176.20,248.64,0,0,below_floor,393,0.0780768749,0.07638571932468,0.0356083086,0.0666666667,0.1016949153,0.1428571429,0.1752577320,0,0,0,0,0,1,NULL,standard_terms,usable_n_lt_30
a218df5c097b0ca409cfaac1488cc7f6,SP,araraquara,4,0,4,0.0000000000,0.0,0 / 4,0,0.0000000000,0.0,-17.5000,NULL,0,0,NULL,4,0,0.0000000000,3,0,0.0000000000,1,0.2500000000,130.69,240.70,0,0,below_floor,393,0.0780768749,0.07638571932468,0.0356083086,0.0666666667,0.1016949153,0.1428571429,0.1752577320,0,0,0,0,0,1,NULL,standard_terms,usable_n_lt_30
a3dd39f583bc80bd8c5901c95878921e,BA,salvador,4,0,4,0.0000000000,0.0,0 / 4,0,0.0000000000,0.0,-7.5000,NULL,4,0,0.0000000000,0,0,NULL,4,0,0.0000000000,0,0.0000000000,348.60,440.85,0,0,below_floor,393,0.0780768749,0.07638571932468,0.0356083086,0.0666666667,0.1016949153,0.1428571429,0.1752577320,0,0,0,0,0,1,NULL,standard_terms,usable_n_lt_30
a53f60f05f822b5c621a50ff6a5cb362,MG,uberlandia,4,0,4,0.0000000000,0.0,0 / 4,0,0.0000000000,0.0,-20.0000,NULL,0,0,NULL,4,0,0.0000000000,4,0,0.0000000000,0,0.0000000000,415.40,544.53,0,0,below_floor,393,0.0780768749,0.07638571932468,0.0356083086,0.0666666667,0.1016949153,0.1428571429,0.1752577320,0,0,0,0,0,1,NULL,standard_terms,usable_n_lt_30
a67780aba9dd436e7ac0aa1f889e73ec,SP,presidente prudente,4,0,4,0.0000000000,0.0,0 / 4,1,0.2500000000,25.0,-3.0000,NULL,1,0,0.0000000000,3,0,0.0000000000,4,0,0.0000000000,0,0.0000000000,519.20,631.77,0,0,below_floor,393,0.0780768749,0.07638571932468,0.0356083086,0.0666666667,0.1016949153,0.1428571429,0.1752577320,0,0,0,0,0,1,NULL,standard_terms,usable_n_lt_30
ad273c9eb54ecb4532de4bf75bae9e4e,PR,curitiba,4,0,4,0.0000000000,0.0,0 / 4,0,0.0000000000,0.0,-9.5000,NULL,1,0,0.0000000000,3,0,0.0000000000,3,0,0.0000000000,1,0.2500000000,308.00,375.88,0,0,below_floor,393,0.0780768749,0.07638571932468,0.0356083086,0.0666666667,0.1016949153,0.1428571429,0.1752577320,0,0,0,0,0,1,NULL,standard_terms,usable_n_lt_30
aded58c8142dedc5494a81f948431fab,RJ,rio de janeiro,4,0,4,0.0000000000,0.0,0 / 4,0,0.0000000000,0.0,-12.5000,NULL,4,0,0.0000000000,0,0,NULL,3,0,0.0000000000,1,0.2500000000,289.50,379.48,0,0,below_floor,393,0.0780768749,0.07638571932468,0.0356083086,0.0666666667,0.1016949153,0.1428571429,0.1752577320,0,0,0,0,0,1,NULL,standard_terms,usable_n_lt_30
b01c2b7b8599b325103ebcddc67413e1,RS,venancio aires,4,0,4,0.0000000000,0.0,0 / 4,0,0.0000000000,0.0,-8.5000,NULL,0,0,NULL,4,0,0.0000000000,4,0,0.0000000000,0,0.0000000000,169.45,242.12,0,0,below_floor,393,0.0780768749,0.07638571932468,0.0356083086,0.0666666667,0.1016949153,0.1428571429,0.1752577320,0,0,0,0,0,1,NULL,standard_terms,usable_n_lt_30
b0398568231ba5e6734af1881671a317,ES,colatina,4,0,4,0.0000000000,0.0,0 / 4,0,0.0000000000,0.0,-14.5000,NULL,4,0,0.0000000000,0,0,NULL,3,0,0.0000000000,1,0.2500000000,656.77,770.12,0,0,below_floor,393,0.0780768749,0.07638571932468,0.0356083086,0.0666666667,0.1016949153,0.1428571429,0.1752577320,0,0,0,0,0,1,NULL,standard_terms,usable_n_lt_30
b44dbfbf62e52125f3c15d230569ea91,SP,sao paulo,4,0,4,0.0000000000,0.0,0 / 4,0,0.0000000000,0.0,-9.0000,NULL,1,0,0.0000000000,3,0,0.0000000000,4,0,0.0000000000,0,0.0000000000,609.37,699.06,0,0,below_floor,393,0.0780768749,0.07638571932468,0.0356083086,0.0666666667,0.1016949153,0.1428571429,0.1752577320,0,0,0,0,0,1,NULL,standard_terms,usable_n_lt_30
b4a476fbd28de64b1e347abf9089366a,SP,itapevi,4,0,4,0.0000000000,0.0,0 / 4,0,0.0000000000,0.0,-14.0000,NULL,2,0,0.0000000000,2,0,0.0000000000,4,0,0.0000000000,0,0.0000000000,806.00,998.37,0,0,below_floor,393,0.0780768749,0.07638571932468,0.0356083086,0.0666666667,0.1016949153,0.1428571429,0.1752577320,0,0,0,0,0,1,NULL,standard_terms,usable_n_lt_30
b76a1f8356322f12529c37b67d5c96c2,SP,santos,4,0,4,0.0000000000,0.0,0 / 4,0,0.0000000000,0.0,-9.0000,NULL,4,0,0.0000000000,0,0,NULL,4,0,0.0000000000,0,0.0000000000,183.60,226.85,0,0,below_floor,393,0.0780768749,0.07638571932468,0.0356083086,0.0666666667,0.1016949153,0.1428571429,0.1752577320,0,0,0,0,0,1,NULL,standard_terms,usable_n_lt_30
b83cedfb587e7911540e3f576d6917ce,SP,sao paulo,4,0,4,0.0000000000,0.0,0 / 4,0,0.0000000000,0.0,-12.5000,NULL,3,0,0.0000000000,1,0,0.0000000000,4,0,0.0000000000,0,0.0000000000,367.96,421.17,0,0,below_floor,393,0.0780768749,0.07638571932468,0.0356083086,0.0666666667,0.1016949153,0.1428571429,0.1752577320,0,0,0,0,0,1,NULL,standard_terms,usable_n_lt_30
bb5bd94c8f59cc050072d2930c869cac,SP,sao paulo,4,0,4,0.0000000000,0.0,0 / 4,1,0.2500000000,25.0,-11.5000,NULL,3,0,0.0000000000,1,0,0.0000000000,4,0,0.0000000000,0,0.0000000000,624.89,704.90,0,0,below_floor,393,0.0780768749,0.07638571932468,0.0356083086,0.0666666667,0.1016949153,0.1428571429,0.1752577320,0,0,0,0,0,1,NULL,standard_terms,usable_n_lt_30
bbaff50f3b708fda865918715276cd87,SP,atibaia,4,0,4,0.0000000000,0.0,0 / 4,0,0.0000000000,0.0,-12.0000,NULL,2,0,0.0000000000,2,0,0.0000000000,3,0,0.0000000000,1,0.2500000000,245.60,327.65,0,0,below_floor,393,0.0780768749,0.07638571932468,0.0356083086,0.0666666667,0.1016949153,0.1428571429,0.1752577320,0,0,0,0,0,1,NULL,standard_terms,usable_n_lt_30
bd0a1b0aadca9a83d9304f7e8ff5fbd5,SP,sao paulo,4,0,4,0.0000000000,0.0,0 / 4,0,0.0000000000,0.0,-6.0000,NULL,0,0,NULL,4,0,0.0000000000,3,0,0.0000000000,1,0.2500000000,150.60,205.19,0,0,below_floor,393,0.0780768749,0.07638571932468,0.0356083086,0.0666666667,0.1016949153,0.1428571429,0.1752577320,0,0,0,0,0,1,NULL,standard_terms,usable_n_lt_30
bd149ed516d4c5d418d5781f8e18919f,SP,guarulhos,4,0,4,0.0000000000,0.0,0 / 4,0,0.0000000000,0.0,-5.5000,NULL,0,0,NULL,4,0,0.0000000000,4,0,0.0000000000,0,0.0000000000,224.50,299.60,0,0,below_floor,393,0.0780768749,0.07638571932468,0.0356083086,0.0666666667,0.1016949153,0.1428571429,0.1752577320,0,0,0,0,0,1,NULL,standard_terms,usable_n_lt_30
c03121937e54a93fcc1825c3098bbb6e,PR,curitiba,4,0,4,0.0000000000,0.0,0 / 4,0,0.0000000000,0.0,-14.5000,NULL,3,0,0.0000000000,1,0,0.0000000000,4,0,0.0000000000,0,0.0000000000,596.00,671.35,0,0,below_floor,393,0.0780768749,0.07638571932468,0.0356083086,0.0666666667,0.1016949153,0.1428571429,0.1752577320,0,0,0,0,0,1,NULL,standard_terms,usable_n_lt_30
c0aff2da32c17759d30b22fb0af6649d,SC,florianopolis,4,0,4,0.0000000000,0.0,0 / 4,0,0.0000000000,0.0,-19.0000,NULL,0,0,NULL,4,0,0.0000000000,4,0,0.0000000000,0,0.0000000000,188.80,272.33,0,0,below_floor,393,0.0780768749,0.07638571932468,0.0356083086,0.0666666667,0.1016949153,0.1428571429,0.1752577320,0,0,0,0,0,1,NULL,standard_terms,usable_n_lt_30
c4af86330efa7a2620772227d2d670c9,SP,mogi das cruzes,4,0,4,0.0000000000,0.0,0 / 4,0,0.0000000000,0.0,-17.5000,NULL,3,0,0.0000000000,1,0,0.0000000000,4,0,0.0000000000,0,0.0000000000,5396.00,5760.96,0,0,below_floor,393,0.0780768749,0.07638571932468,0.0356083086,0.0666666667,0.1016949153,0.1428571429,0.1752577320,0,0,0,0,0,1,NULL,standard_terms,usable_n_lt_30
c64a2aec32cc408a8a4c6d7c46017f91,RS,imbe,4,0,4,0.0000000000,0.0,0 / 4,0,0.0000000000,0.0,-18.0000,NULL,4,0,0.0000000000,0,0,NULL,4,0,0.0000000000,0,0.0000000000,1547.00,1702.70,0,0,below_floor,393,0.0780768749,0.07638571932468,0.0356083086,0.0666666667,0.1016949153,0.1428571429,0.1752577320,0,0,0,0,0,1,NULL,standard_terms,usable_n_lt_30
c714262700f93defc16bf17a51a4cb23,SP,sao paulo,4,0,4,0.0000000000,0.0,0 / 4,0,0.0000000000,0.0,-10.5000,NULL,2,0,0.0000000000,2,0,0.0000000000,3,0,0.0000000000,1,0.2500000000,421.80,491.33,0,0,below_floor,393,0.0780768749,0.07638571932468,0.0356083086,0.0666666667,0.1016949153,0.1428571429,0.1752577320,0,0,0,0,0,1,NULL,standard_terms,usable_n_lt_30
c7bb64409aa480bb7d0335faaaf3d242,SC,joinville,4,0,4,0.0000000000,0.0,0 / 4,0,0.0000000000,0.0,-17.5000,NULL,0,0,NULL,4,0,0.0000000000,4,0,0.0000000000,0,0.0000000000,97.60,165.16,0,0,below_floor,393,0.0780768749,0.07638571932468,0.0356083086,0.0666666667,0.1016949153,0.1428571429,0.1752577320,0,0,0,0,0,1,NULL,standard_terms,usable_n_lt_30
cb5ff1b9715e99589f3e0c7a6afab9e3,PR,maringa,4,0,4,0.0000000000,0.0,0 / 4,0,0.0000000000,0.0,-9.5000,NULL,0,0,NULL,4,0,0.0000000000,4,0,0.0000000000,0,0.0000000000,85.00,139.03,0,0,below_floor,393,0.0780768749,0.07638571932468,0.0356083086,0.0666666667,0.1016949153,0.1428571429,0.1752577320,0,0,0,0,0,1,NULL,standard_terms,usable_n_lt_30
cd06602b43d8800bd0afad514919d35c,SP,sao paulo,4,0,4,0.0000000000,0.0,0 / 4,0,0.0000000000,0.0,-11.0000,NULL,3,0,0.0000000000,1,0,0.0000000000,4,0,0.0000000000,0,0.0000000000,589.52,678.86,0,0,below_floor,393,0.0780768749,0.07638571932468,0.0356083086,0.0666666667,0.1016949153,0.1428571429,0.1752577320,0,0,0,0,0,1,NULL,standard_terms,usable_n_lt_30
ce20a2ec1514c25e16f2b5b39bc818f0,SP,sao paulo,4,0,4,0.0000000000,0.0,0 / 4,1,0.2500000000,25.0,-21.5000,NULL,0,0,NULL,4,0,0.0000000000,4,0,0.0000000000,0,0.0000000000,287.00,496.03,0,0,below_floor,393,0.0780768749,0.07638571932468,0.0356083086,0.0666666667,0.1016949153,0.1428571429,0.1752577320,0,0,0,0,0,1,NULL,standard_terms,usable_n_lt_30
cf8ab1616079e2793aa29d524df01bb1,SP,sao paulo,4,0,4,0.0000000000,0.0,0 / 4,0,0.0000000000,0.0,-8.5000,NULL,4,0,0.0000000000,0,0,NULL,4,0,0.0000000000,0,0.0000000000,6396.00,6737.02,0,0,below_floor,393,0.0780768749,0.07638571932468,0.0356083086,0.0666666667,0.1016949153,0.1428571429,0.1752577320,0,0,0,0,0,1,NULL,standard_terms,usable_n_lt_30
d9d43faf741ceaa8da52fdbb81d9e0e3,SP,juiz de fora,4,0,4,0.0000000000,0.0,0 / 4,0,0.0000000000,0.0,-12.0000,NULL,2,0,0.0000000000,2,0,0.0000000000,4,0,0.0000000000,0,0.0000000000,161.00,335.79,0,0,below_floor,393,0.0780768749,0.07638571932468,0.0356083086,0.0666666667,0.1016949153,0.1428571429,0.1752577320,0,0,0,0,0,1,NULL,standard_terms,usable_n_lt_30
dc50afafdfa325eadc890c7fa42a8f4e,PR,maringa,4,0,4,0.0000000000,0.0,0 / 4,0,0.0000000000,0.0,-10.5000,NULL,0,0,NULL,4,0,0.0000000000,4,0,0.0000000000,0,0.0000000000,424.20,481.48,0,0,below_floor,393,0.0780768749,0.07638571932468,0.0356083086,0.0666666667,0.1016949153,0.1428571429,0.1752577320,0,0,0,0,0,1,NULL,standard_terms,usable_n_lt_30
dc64d75cc406bb0697be983831430e60,MG,belo horizonte,4,0,4,0.0000000000,0.0,0 / 4,0,0.0000000000,0.0,-10.0000,NULL,0,0,NULL,4,0,0.0000000000,4,0,0.0000000000,0,0.0000000000,813.00,905.55,0,0,below_floor,393,0.0780768749,0.07638571932468,0.0356083086,0.0666666667,0.1016949153,0.1428571429,0.1752577320,0,0,0,0,0,1,NULL,standard_terms,usable_n_lt_30
e48b04bf1aa1ef711caebeb7aede6180,PR,curitiba,4,0,4,0.0000000000,0.0,0 / 4,0,0.0000000000,0.0,-16.0000,NULL,3,0,0.0000000000,1,0,0.0000000000,4,0,0.0000000000,0,0.0000000000,577.60,687.64,0,0,below_floor,393,0.0780768749,0.07638571932468,0.0356083086,0.0666666667,0.1016949153,0.1428571429,0.1752577320,0,0,0,0,0,1,NULL,standard_terms,usable_n_lt_30
e51f22821f0c12a16ad5c020cdcd55e9,SP,carapicuiba,4,0,4,0.0000000000,0.0,0 / 4,0,0.0000000000,0.0,-13.5000,NULL,0,0,NULL,4,0,0.0000000000,4,0,0.0000000000,0,0.0000000000,898.71,996.84,0,0,below_floor,393,0.0780768749,0.07638571932468,0.0356083086,0.0666666667,0.1016949153,0.1428571429,0.1752577320,0,0,0,0,0,1,NULL,standard_terms,usable_n_lt_30
e53d5b9b29d1218281f4a907ada18626,PR,toledo,4,0,4,0.0000000000,0.0,0 / 4,0,0.0000000000,0.0,-18.0000,NULL,0,0,NULL,4,0,0.0000000000,2,0,0.0000000000,2,0.5000000000,350.67,483.92,0,0,below_floor,393,0.0780768749,0.07638571932468,0.0356083086,0.0666666667,0.1016949153,0.1428571429,0.1752577320,0,0,0,0,0,1,NULL,standard_terms,usable_n_lt_30
e5c84227854980f1db19a58958c551d9,PR,fazenda rio grande,4,0,4,0.0000000000,0.0,0 / 4,0,0.0000000000,0.0,-8.0000,NULL,0,0,NULL,4,0,0.0000000000,4,0,0.0000000000,0,0.0000000000,72.81,141.64,0,0,below_floor,393,0.0780768749,0.07638571932468,0.0356083086,0.0666666667,0.1016949153,0.1428571429,0.1752577320,0,0,0,0,0,1,NULL,standard_terms,usable_n_lt_30
e73bf2cea7fe4b0b4d287a7568ed1099,SC,chapeco,4,0,4,0.0000000000,0.0,0 / 4,0,0.0000000000,0.0,-19.0000,NULL,0,0,NULL,4,0,0.0000000000,3,0,0.0000000000,1,0.2500000000,737.70,837.83,0,0,below_floor,393,0.0780768749,0.07638571932468,0.0356083086,0.0666666667,0.1016949153,0.1428571429,0.1752577320,0,0,0,0,0,1,NULL,standard_terms,usable_n_lt_30
ed46f1eb4a638113deb2a1137b5f22e9,SC,indaial,4,0,4,0.0000000000,0.0,0 / 4,0,0.0000000000,0.0,-13.0000,NULL,0,0,NULL,4,0,0.0000000000,4,0,0.0000000000,0,0.0000000000,3470.00,3686.68,0,0,below_floor,393,0.0780768749,0.07638571932468,0.0356083086,0.0666666667,0.1016949153,0.1428571429,0.1752577320,0,0,0,0,0,1,NULL,standard_terms,usable_n_lt_30
f435898e493ba0356019a0b1cb8b55b1,PR,curitiba,4,0,4,0.0000000000,0.0,0 / 4,0,0.0000000000,0.0,-14.5000,NULL,2,0,0.0000000000,2,0,0.0000000000,4,0,0.0000000000,0,0.0000000000,233.98,307.89,0,0,below_floor,393,0.0780768749,0.07638571932468,0.0356083086,0.0666666667,0.1016949153,0.1428571429,0.1752577320,0,0,0,0,0,1,NULL,standard_terms,usable_n_lt_30
f44b6f775a2b390380e0e30b5c9d3eee,SP,sao paulo,4,0,4,0.0000000000,0.0,0 / 4,0,0.0000000000,0.0,-12.0000,NULL,1,0,0.0000000000,3,0,0.0000000000,4,0,0.0000000000,0,0.0000000000,806.00,888.16,0,0,below_floor,393,0.0780768749,0.07638571932468,0.0356083086,0.0666666667,0.1016949153,0.1428571429,0.1752577320,0,0,0,0,0,1,NULL,standard_terms,usable_n_lt_30
f4ce8ca9fa7157e3b33f536ac9a4487d,SP,penapolis,4,0,4,0.0000000000,0.0,0 / 4,0,0.0000000000,0.0,-7.0000,NULL,0,0,NULL,4,0,0.0000000000,4,0,0.0000000000,0,0.0000000000,409.60,507.13,0,0,below_floor,393,0.0780768749,0.07638571932468,0.0356083086,0.0666666667,0.1016949153,0.1428571429,0.1752577320,0,0,0,0,0,1,NULL,standard_terms,usable_n_lt_30
fec8cd45395b3cb0c2b173d7739706a1,SP,jambeiro,4,0,4,0.0000000000,0.0,0 / 4,0,0.0000000000,0.0,-11.5000,NULL,4,0,0.0000000000,0,0,NULL,4,0,0.0000000000,0,0.0000000000,1280.00,1376.94,0,0,below_floor,393,0.0780768749,0.07638571932468,0.0356083086,0.0666666667,0.1016949153,0.1428571429,0.1752577320,0,0,0,0,0,1,NULL,standard_terms,usable_n_lt_30
01266d4c46afa519678d16a8b683d325,PR,curitiba,3,0,3,0.0000000000,0.0,0 / 3,0,0.0000000000,0.0,-9.0000,NULL,0,0,NULL,3,0,0.0000000000,3,0,0.0000000000,0,0.0000000000,90.25,137.48,0,0,below_floor,393,0.0780768749,0.07638571932468,0.0356083086,0.0666666667,0.1016949153,0.1428571429,0.1752577320,0,0,0,0,0,1,NULL,standard_terms,usable_n_lt_30
03bd479e1d9484cdb14104d3023f7321,MG,uberlandia,3,0,3,0.0000000000,0.0,0 / 3,1,0.3333333333,33.3,-4.0000,NULL,0,0,NULL,3,0,0.0000000000,2,0,0.0000000000,1,0.3333333333,359.70,417.42,0,0,below_floor,393,0.0780768749,0.07638571932468,0.0356083086,0.0666666667,0.1016949153,0.1428571429,0.1752577320,0,0,0,0,0,1,NULL,standard_terms,usable_n_lt_30
044668ccd5316b12a7cf0d54a156e3e9,SP,osasco,3,0,3,0.0000000000,0.0,0 / 3,0,0.0000000000,0.0,-34.0000,NULL,0,0,NULL,3,0,0.0000000000,3,0,0.0000000000,0,0.0000000000,137.80,191.35,0,0,below_floor,393,0.0780768749,0.07638571932468,0.0356083086,0.0666666667,0.1016949153,0.1428571429,0.1752577320,0,0,0,0,0,1,NULL,standard_terms,usable_n_lt_30
05f51e13da97139648b8125c31e5f51b,MG,belo horizonte,3,0,3,0.0000000000,0.0,0 / 3,0,0.0000000000,0.0,-12.0000,NULL,3,0,0.0000000000,0,0,NULL,3,0,0.0000000000,0,0.0000000000,1110.69,1295.23,0,0,below_floor,393,0.0780768749,0.07638571932468,0.0356083086,0.0666666667,0.1016949153,0.1428571429,0.1752577320,0,0,0,0,0,1,NULL,standard_terms,usable_n_lt_30
081acf3de680d554796c9cf041be7bc2,MG,vespasiano,3,0,3,0.0000000000,0.0,0 / 3,0,0.0000000000,0.0,-22.0000,NULL,2,0,0.0000000000,1,0,0.0000000000,2,0,0.0000000000,1,0.3333333333,1197.80,1378.18,0,0,below_floor,393,0.0780768749,0.07638571932468,0.0356083086,0.0666666667,0.1016949153,0.1428571429,0.1752577320,0,0,0,0,0,1,NULL,standard_terms,usable_n_lt_30
08f5819815f3d06545011850bd70f0a8,SP,santos,3,0,3,0.0000000000,0.0,0 / 3,0,0.0000000000,0.0,-15.0000,NULL,0,0,NULL,3,0,0.0000000000,3,0,0.0000000000,0,0.0000000000,452.00,522.83,0,0,below_floor,393,0.0780768749,0.07638571932468,0.0356083086,0.0666666667,0.1016949153,0.1428571429,0.1752577320,0,0,0,0,0,1,NULL,standard_terms,usable_n_lt_30
0b0ddbc7b9d9584f442c7ac92b0ff6c9,SP,guarulhos,3,0,3,0.0000000000,0.0,0 / 3,0,0.0000000000,0.0,-18.0000,NULL,2,0,0.0000000000,1,0,0.0000000000,3,0,0.0000000000,0,0.0000000000,1416.76,1550.64,0,0,below_floor,393,0.0780768749,0.07638571932468,0.0356083086,0.0666666667,0.1016949153,0.1428571429,0.1752577320,0,0,0,0,0,1,NULL,standard_terms,usable_n_lt_30
0b18d63d0cd1d723567903fd34a07df2,SP,sp,3,0,3,0.0000000000,0.0,0 / 3,0,0.0000000000,0.0,-13.0000,NULL,2,0,0.0000000000,1,0,0.0000000000,3,0,0.0000000000,0,0.0000000000,591.68,669.10,0,0,below_floor,393,0.0780768749,0.07638571932468,0.0356083086,0.0666666667,0.1016949153,0.1428571429,0.1752577320,0,0,0,0,0,1,NULL,standard_terms,usable_n_lt_30
0cab2da43793a6f3c5ed8514c5f54627,PR,curitiba,3,0,3,0.0000000000,0.0,0 / 3,0,0.0000000000,0.0,-21.0000,NULL,0,0,NULL,3,0,0.0000000000,3,0,0.0000000000,0,0.0000000000,309.70,366.90,0,0,below_floor,393,0.0780768749,0.07638571932468,0.0356083086,0.0666666667,0.1016949153,0.1428571429,0.1752577320,0,0,0,0,0,1,NULL,standard_terms,usable_n_lt_30
0e72c1a751b496722a6cb1f10653b62a,SP,sao paulo,3,0,3,0.0000000000,0.0,0 / 3,0,0.0000000000,0.0,-15.0000,NULL,0,0,NULL,3,0,0.0000000000,3,0,0.0000000000,0,0.0000000000,140.80,192.10,0,0,below_floor,393,0.0780768749,0.07638571932468,0.0356083086,0.0666666667,0.1016949153,0.1428571429,0.1752577320,0,0,0,0,0,1,NULL,standard_terms,usable_n_lt_30
0ec28cec4046a4a199b6de9b4c891d97,GO,goiania,3,0,3,0.0000000000,0.0,0 / 3,0,0.0000000000,0.0,-6.0000,NULL,1,0,0.0000000000,2,0,0.0000000000,3,0,0.0000000000,0,0.0000000000,296.60,352.64,0,0,below_floor,393,0.0780768749,0.07638571932468,0.0356083086,0.0666666667,0.1016949153,0.1428571429,0.1752577320,0,0,0,0,0,1,NULL,standard_terms,usable_n_lt_30
0f7eea709efdf942b5f95c7516dbacd7,SP,pedrinhas paulista,3,0,3,0.0000000000,0.0,0 / 3,0,0.0000000000,0.0,-20.0000,NULL,1,0,0.0000000000,2,0,0.0000000000,3,0,0.0000000000,0,0.0000000000,195.74,240.06,0,0,below_floor,393,0.0780768749,0.07638571932468,0.0356083086,0.0666666667,0.1016949153,0.1428571429,0.1752577320,0,0,0,0,0,1,NULL,standard_terms,usable_n_lt_30
0fe2d9733ed841eb064503920015a8c0,SP,ourinhos,3,0,3,0.0000000000,0.0,0 / 3,0,0.0000000000,0.0,-12.5000,NULL,0,0,NULL,3,0,0.0000000000,3,0,0.0000000000,0,0.0000000000,389.64,498.35,1,0,below_floor,393,0.0780768749,0.07638571932468,0.0356083086,0.0666666667,0.1016949153,0.1428571429,0.1752577320,0,0,0,0,0,1,NULL,standard_terms,usable_n_lt_30
0ff83046c3fa22efee8ecf291888b191,RS,caxias do sul,3,0,3,0.0000000000,0.0,0 / 3,0,0.0000000000,0.0,-12.0000,NULL,3,0,0.0000000000,0,0,NULL,3,0,0.0000000000,0,0.0000000000,209.70,266.95,0,0,below_floor,393,0.0780768749,0.07638571932468,0.0356083086,0.0666666667,0.1016949153,0.1428571429,0.1752577320,0,0,0,0,0,1,NULL,standard_terms,usable_n_lt_30
10cdd491d1dbea8fb4ead97b19c334ce,MG,santa rita do sapucai,3,0,3,0.0000000000,0.0,0 / 3,0,0.0000000000,0.0,-19.0000,NULL,0,0,NULL,3,0,0.0000000000,3,0,0.0000000000,0,0.0000000000,208.90,287.76,0,0,below_floor,393,0.0780768749,0.07638571932468,0.0356083086,0.0666666667,0.1016949153,0.1428571429,0.1752577320,0,0,0,0,0,1,NULL,standard_terms,usable_n_lt_30
11fb6f6d341adbe19e81733701704635,SP,sao paulo,3,0,3,0.0000000000,0.0,0 / 3,0,0.0000000000,0.0,-6.0000,NULL,0,0,NULL,3,0,0.0000000000,3,0,0.0000000000,0,0.0000000000,1197.00,1596.66,0,0,below_floor,393,0.0780768749,0.07638571932468,0.0356083086,0.0666666667,0.1016949153,0.1428571429,0.1752577320,0,0,0,0,0,1,NULL,standard_terms,usable_n_lt_30
134285d1f41da5c13a756ee8142c8a4e,SP,sao paulo,3,0,3,0.0000000000,0.0,0 / 3,0,0.0000000000,0.0,-8.0000,NULL,0,0,NULL,3,0,0.0000000000,3,0,0.0000000000,0,0.0000000000,1572.70,1653.63,0,0,below_floor,393,0.0780768749,0.07638571932468,0.0356083086,0.0666666667,0.1016949153,0.1428571429,0.1752577320,0,0,0,0,0,1,NULL,standard_terms,usable_n_lt_30
13dd308f81fea30cc670c656b2b46cc3,SP,santa barbara d'oeste,3,0,3,0.0000000000,0.0,0 / 3,1,0.3333333333,33.3,-8.0000,NULL,0,0,NULL,3,0,0.0000000000,3,0,0.0000000000,0,0.0000000000,117.70,151.14,0,0,below_floor,393,0.0780768749,0.07638571932468,0.0356083086,0.0666666667,0.1016949153,0.1428571429,0.1752577320,0,0,0,0,0,1,NULL,standard_terms,usable_n_lt_30
13f57c12a00ed4610db646b913a7f5c6,SP,santos,3,0,3,0.0000000000,0.0,0 / 3,0,0.0000000000,0.0,-13.0000,NULL,2,0,0.0000000000,1,0,0.0000000000,3,0,0.0000000000,0,0.0000000000,274.80,321.85,0,0,below_floor,393,0.0780768749,0.07638571932468,0.0356083086,0.0666666667,0.1016949153,0.1428571429,0.1752577320,0,0,0,0,0,1,NULL,standard_terms,usable_n_lt_30
160e4f13fd3a64b1b86807be88b5ffb0,PR,colombo,3,0,3,0.0000000000,0.0,0 / 3,0,0.0000000000,0.0,-14.0000,NULL,3,0,0.0000000000,0,0,NULL,3,0,0.0000000000,0,0.0000000000,537.00,591.49,0,0,below_floor,393,0.0780768749,0.07638571932468,0.0356083086,0.0666666667,0.1016949153,0.1428571429,0.1752577320,0,0,0,0,0,1,NULL,standard_terms,usable_n_lt_30
1782ce2db72c3dda627d5e7c898104e1,SP,taboao da serra,3,0,3,0.0000000000,0.0,0 / 3,0,0.0000000000,0.0,-16.0000,NULL,2,0,0.0000000000,1,0,0.0000000000,3,0,0.0000000000,0,0.0000000000,648.00,699.01,0,0,below_floor,393,0.0780768749,0.07638571932468,0.0356083086,0.0666666667,0.1016949153,0.1428571429,0.1752577320,0,0,0,0,0,1,NULL,standard_terms,usable_n_lt_30
184725737946a1a938bbbd1a9e978103,SP,maua,3,0,3,0.0000000000,0.0,0 / 3,0,0.0000000000,0.0,-3.0000,NULL,0,0,NULL,3,0,0.0000000000,3,0,0.0000000000,0,0.0000000000,359.70,403.57,0,0,below_floor,393,0.0780768749,0.07638571932468,0.0356083086,0.0666666667,0.1016949153,0.1428571429,0.1752577320,0,0,0,0,0,1,NULL,standard_terms,usable_n_lt_30
1b1ae47a313a825a7ccceb8e2e30fa9d,PR,bocaiuva do sul,3,0,3,0.0000000000,0.0,0 / 3,0,0.0000000000,0.0,-15.0000,NULL,1,0,0.0000000000,2,0,0.0000000000,3,0,0.0000000000,0,0.0000000000,1064.70,1182.19,0,0,below_floor,393,0.0780768749,0.07638571932468,0.0356083086,0.0666666667,0.1016949153,0.1428571429,0.1752577320,0,0,0,0,0,1,NULL,standard_terms,usable_n_lt_30
1c56ffe0e9dea2657fc6e95b53f40b13,SP,sao carlos,3,0,3,0.0000000000,0.0,0 / 3,0,0.0000000000,0.0,-12.0000,NULL,0,0,NULL,3,0,0.0000000000,3,0,0.0000000000,0,0.0000000000,183.00,267.39,0,0,below_floor,393,0.0780768749,0.07638571932468,0.0356083086,0.0666666667,0.1016949153,0.1428571429,0.1752577320,0,0,0,0,0,1,NULL,standard_terms,usable_n_lt_30
2075d8cd4dd63ff12df0749a5866bb06,PR,curitiba,3,0,3,0.0000000000,0.0,0 / 3,0,0.0000000000,0.0,-8.0000,NULL,0,0,NULL,3,0,0.0000000000,3,0,0.0000000000,0,0.0000000000,184.70,242.23,0,0,below_floor,393,0.0780768749,0.07638571932468,0.0356083086,0.0666666667,0.1016949153,0.1428571429,0.1752577320,0,0,0,0,0,1,NULL,standard_terms,usable_n_lt_30
20a7efa9721046319bdde5d60b6b5365,SP,laguna,3,0,3,0.0000000000,0.0,0 / 3,0,0.0000000000,0.0,-15.0000,NULL,3,0,0.0000000000,0,0,NULL,3,0,0.0000000000,0,0.0000000000,501.20,596.59,0,0,below_floor,393,0.0780768749,0.07638571932468,0.0356083086,0.0666666667,0.1016949153,0.1428571429,0.1752577320,0,0,0,0,0,1,NULL,standard_terms,usable_n_lt_30
213fafb0ca06fb3d5886579c2565791b,MG,sete lagoas,3,0,3,0.0000000000,0.0,0 / 3,0,0.0000000000,0.0,-6.0000,NULL,0,0,NULL,3,0,0.0000000000,3,0,0.0000000000,0,0.0000000000,189.70,216.86,0,0,below_floor,393,0.0780768749,0.07638571932468,0.0356083086,0.0666666667,0.1016949153,0.1428571429,0.1752577320,0,0,0,0,0,1,NULL,standard_terms,usable_n_lt_30
21e83881401b92b49fb09a16d3852291,MG,uberlandia,3,0,3,0.0000000000,0.0,0 / 3,0,0.0000000000,0.0,-16.0000,NULL,3,0,0.0000000000,0,0,NULL,3,0,0.0000000000,0,0.0000000000,569.88,696.43,0,0,below_floor,393,0.0780768749,0.07638571932468,0.0356083086,0.0666666667,0.1016949153,0.1428571429,0.1752577320,0,0,0,0,0,1,NULL,standard_terms,usable_n_lt_30
2305ab43e846518f58dd9d59f3f54e96,SP,sao paulo,3,0,3,0.0000000000,0.0,0 / 3,0,0.0000000000,0.0,-7.0000,NULL,1,0,0.0000000000,2,0,0.0000000000,3,0,0.0000000000,0,0.0000000000,788.89,831.26,0,0,below_floor,393,0.0780768749,0.07638571932468,0.0356083086,0.0666666667,0.1016949153,0.1428571429,0.1752577320,0,0,0,0,0,1,NULL,standard_terms,usable_n_lt_30
244c2f1bff6afe1f2eaf9bfe9b2aed38,SP,mogi das cruzes,3,0,3,0.0000000000,0.0,0 / 3,0,0.0000000000,0.0,-20.0000,NULL,3,0,0.0000000000,0,0,NULL,3,0,0.0000000000,0,0.0000000000,297.00,424.50,0,0,below_floor,393,0.0780768749,0.07638571932468,0.0356083086,0.0666666667,0.1016949153,0.1428571429,0.1752577320,0,0,0,0,0,1,NULL,standard_terms,usable_n_lt_30
249f0e9905a6e06ad6c6bea7547ab9f6,RJ,rio de janeiro,3,0,3,0.0000000000,0.0,0 / 3,0,0.0000000000,0.0,-25.0000,NULL,0,0,NULL,3,0,0.0000000000,2,0,0.0000000000,1,0.3333333333,347.95,386.99,0,0,below_floor,393,0.0780768749,0.07638571932468,0.0356083086,0.0666666667,0.1016949153,0.1428571429,0.1752577320,0,0,0,0,0,1,NULL,standard_terms,usable_n_lt_30
2528744c5ef5d955adc318720a94d2e7,SP,jundiai,3,0,3,0.0000000000,0.0,0 / 3,0,0.0000000000,0.0,-9.0000,NULL,2,0,0.0000000000,1,0,0.0000000000,3,0,0.0000000000,0,0.0000000000,1647.00,1725.54,0,0,below_floor,393,0.0780768749,0.07638571932468,0.0356083086,0.0666666667,0.1016949153,0.1428571429,0.1752577320,0,0,0,0,0,1,NULL,standard_terms,usable_n_lt_30
25be943a321c8938947bdaabca979a90,SP,sao bernardo do campo,3,0,3,0.0000000000,0.0,0 / 3,0,0.0000000000,0.0,-10.0000,NULL,0,0,NULL,3,0,0.0000000000,3,0,0.0000000000,0,0.0000000000,479.00,574.63,0,0,below_floor,393,0.0780768749,0.07638571932468,0.0356083086,0.0666666667,0.1016949153,0.1428571429,0.1752577320,0,0,0,0,0,1,NULL,standard_terms,usable_n_lt_30
262237171f48e85819065498cac80d7b,SC,brusque,3,0,3,0.0000000000,0.0,0 / 3,0,0.0000000000,0.0,-7.0000,NULL,2,0,0.0000000000,1,0,0.0000000000,3,0,0.0000000000,0,0.0000000000,299.50,359.55,0,0,below_floor,393,0.0780768749,0.07638571932468,0.0356083086,0.0666666667,0.1016949153,0.1428571429,0.1752577320,0,0,0,0,0,1,NULL,standard_terms,usable_n_lt_30
269c5fc9fcadee614364c3620c30a1f9,SP,guarulhos,3,0,3,0.0000000000,0.0,0 / 3,1,0.3333333333,33.3,-4.0000,NULL,0,0,NULL,3,0,0.0000000000,3,0,0.0000000000,0,0.0000000000,209.60,254.72,0,0,below_floor,393,0.0780768749,0.07638571932468,0.0356083086,0.0666666667,0.1016949153,0.1428571429,0.1752577320,0,0,0,0,0,1,NULL,standard_terms,usable_n_lt_30
26b482dccfa29bd2e40703ba45523702,SP,santa barbara d┬┤oeste,3,0,3,0.0000000000,0.0,0 / 3,0,0.0000000000,0.0,-8.0000,NULL,0,0,NULL,3,0,0.0000000000,3,0,0.0000000000,0,0.0000000000,344.78,412.41,0,0,below_floor,393,0.0780768749,0.07638571932468,0.0356083086,0.0666666667,0.1016949153,0.1428571429,0.1752577320,0,0,0,0,0,1,NULL,standard_terms,usable_n_lt_30
28c7d8743fbc8679f484868cc0fcaefb,SP,itaporanga,3,0,3,0.0000000000,0.0,0 / 3,0,0.0000000000,0.0,-14.0000,NULL,0,0,NULL,3,0,0.0000000000,3,0,0.0000000000,0,0.0000000000,201.50,270.36,0,0,below_floor,393,0.0780768749,0.07638571932468,0.0356083086,0.0666666667,0.1016949153,0.1428571429,0.1752577320,0,0,0,0,0,1,NULL,standard_terms,usable_n_lt_30
2addf05f476d0637864454e93ba673d5,DF,brasilia,3,0,3,0.0000000000,0.0,0 / 3,0,0.0000000000,0.0,-14.0000,NULL,3,0,0.0000000000,0,0,NULL,3,0,0.0000000000,0,0.0000000000,1373.00,1441.88,0,0,below_floor,393,0.0780768749,0.07638571932468,0.0356083086,0.0666666667,0.1016949153,0.1428571429,0.1752577320,0,0,0,0,0,1,NULL,standard_terms,usable_n_lt_30
2b03ac196f5ed62ac483960fe0fa3b65,SP,sao paulo,3,0,3,0.0000000000,0.0,0 / 3,0,0.0000000000,0.0,-13.0000,NULL,2,0,0.0000000000,1,0,0.0000000000,3,0,0.0000000000,0,0.0000000000,355.00,394.37,1,0,below_floor,393,0.0780768749,0.07638571932468,0.0356083086,0.0666666667,0.1016949153,0.1428571429,0.1752577320,0,0,0,0,0,1,NULL,standard_terms,usable_n_lt_30
2c3d56f92f360fb89d849b84e8f50eae,SP,barueri,3,0,3,0.0000000000,0.0,0 / 3,1,0.3333333333,33.3,-3.0000,NULL,3,0,0.0000000000,0,0,NULL,3,0,0.0000000000,0,0.0000000000,197.10,259.42,0,0,below_floor,393,0.0780768749,0.07638571932468,0.0356083086,0.0666666667,0.1016949153,0.1428571429,0.1752577320,0,0,0,0,0,1,NULL,standard_terms,usable_n_lt_30
2c43fb513632d29b3b58df74816f1b06,MG,belo horizonte,3,0,3,0.0000000000,0.0,0 / 3,0,0.0000000000,0.0,-18.0000,NULL,0,0,NULL,3,0,0.0000000000,3,0,0.0000000000,0,0.0000000000,858.00,930.17,0,0,below_floor,393,0.0780768749,0.07638571932468,0.0356083086,0.0666666667,0.1016949153,0.1428571429,0.1752577320,0,0,0,0,0,1,NULL,standard_terms,usable_n_lt_30
2d22fc3089eb907b29ebff50581fb472,RJ,macae,3,0,3,0.0000000000,0.0,0 / 3,0,0.0000000000,0.0,-11.0000,NULL,3,0,0.0000000000,0,0,NULL,3,0,0.0000000000,0,0.0000000000,317.70,377.39,0,0,below_floor,393,0.0780768749,0.07638571932468,0.0356083086,0.0666666667,0.1016949153,0.1428571429,0.1752577320,0,0,0,0,0,1,NULL,standard_terms,usable_n_lt_30
33cbda8716511e27e556dff9d8418bf2,SC,blumenau,3,0,3,0.0000000000,0.0,0 / 3,0,0.0000000000,0.0,-31.0000,NULL,1,0,0.0000000000,2,0,0.0000000000,3,0,0.0000000000,0,0.0000000000,225.70,275.87,0,0,below_floor,393,0.0780768749,0.07638571932468,0.0356083086,0.0666666667,0.1016949153,0.1428571429,0.1752577320,0,0,0,0,0,1,NULL,standard_terms,usable_n_lt_30
340636a908b13bbe0f4fb63fbe1d0c03,SP,sao jose dos campos,3,0,3,0.0000000000,0.0,0 / 3,0,0.0000000000,0.0,-7.0000,NULL,2,0,0.0000000000,1,0,0.0000000000,3,0,0.0000000000,0,0.0000000000,490.50,526.50,0,0,below_floor,393,0.0780768749,0.07638571932468,0.0356083086,0.0666666667,0.1016949153,0.1428571429,0.1752577320,0,0,0,0,0,1,NULL,standard_terms,usable_n_lt_30
38af8acfd46ac4a7bf754e8ca6736664,SP,sao paulo,3,0,3,0.0000000000,0.0,0 / 3,0,0.0000000000,0.0,-13.0000,NULL,3,0,0.0000000000,0,0,NULL,3,0,0.0000000000,0,0.0000000000,177.00,206.72,0,0,below_floor,393,0.0780768749,0.07638571932468,0.0356083086,0.0666666667,0.1016949153,0.1428571429,0.1752577320,0,0,0,0,0,1,NULL,standard_terms,usable_n_lt_30
38e679b9e0064cd94c6f035707344dae,PR,londrina,3,0,3,0.0000000000,0.0,0 / 3,0,0.0000000000,0.0,-18.0000,NULL,3,0,0.0000000000,0,0,NULL,3,0,0.0000000000,0,0.0000000000,208.96,283.82,0,0,below_floor,393,0.0780768749,0.07638571932468,0.0356083086,0.0666666667,0.1016949153,0.1428571429,0.1752577320,0,0,0,0,0,1,NULL,standard_terms,usable_n_lt_30
39a5005f2605cbdb4f9ac14485cabfd1,SP,barretos,3,0,3,0.0000000000,0.0,0 / 3,0,0.0000000000,0.0,-17.0000,NULL,0,0,NULL,3,0,0.0000000000,3,0,0.0000000000,0,0.0000000000,501.07,733.66,0,0,below_floor,393,0.0780768749,0.07638571932468,0.0356083086,0.0666666667,0.1016949153,0.1428571429,0.1752577320,0,0,0,0,0,1,NULL,standard_terms,usable_n_lt_30
39f776d2974049026ff531fc42ef2a3e,GO,goiania,3,0,3,0.0000000000,0.0,0 / 3,0,0.0000000000,0.0,-19.0000,NULL,3,0,0.0000000000,0,0,NULL,3,0,0.0000000000,0,0.0000000000,1084.04,1174.41,0,0,below_floor,393,0.0780768749,0.07638571932468,0.0356083086,0.0666666667,0.1016949153,0.1428571429,0.1752577320,0,0,0,0,0,1,NULL,standard_terms,usable_n_lt_30
3d49bfdd1b43a7fe169b3740067acc61,MG,montes claros,3,0,3,0.0000000000,0.0,0 / 3,0,0.0000000000,0.0,-19.0000,NULL,0,0,NULL,3,0,0.0000000000,3,0,0.0000000000,0,0.0000000000,215.00,276.82,0,0,below_floor,393,0.0780768749,0.07638571932468,0.0356083086,0.0666666667,0.1016949153,0.1428571429,0.1752577320,0,0,0,0,0,1,NULL,standard_terms,usable_n_lt_30
3f0e48d209018b466fcd3bb4ccfeb520,PR,curitiba,3,0,3,0.0000000000,0.0,0 / 3,0,0.0000000000,0.0,-16.0000,NULL,3,0,0.0000000000,0,0,NULL,3,0,0.0000000000,0,0.0000000000,1699.70,1769.52,0,0,below_floor,393,0.0780768749,0.07638571932468,0.0356083086,0.0666666667,0.1016949153,0.1428571429,0.1752577320,0,0,0,0,0,1,NULL,standard_terms,usable_n_lt_30
3f2af2670e104d1bcb54022274daeac5,PR,terra boa,3,0,3,0.0000000000,0.0,0 / 3,0,0.0000000000,0.0,-24.0000,NULL,2,0,0.0000000000,1,0,0.0000000000,3,0,0.0000000000,0,0.0000000000,555.70,731.28,0,0,below_floor,393,0.0780768749,0.07638571932468,0.0356083086,0.0666666667,0.1016949153,0.1428571429,0.1752577320,0,0,0,0,0,1,NULL,standard_terms,usable_n_lt_30
3f84fefc07dc159b268d4a77d3e8c425,PR,fazenda rio grande,3,0,3,0.0000000000,0.0,0 / 3,0,0.0000000000,0.0,-17.0000,NULL,0,0,NULL,3,0,0.0000000000,3,0,0.0000000000,0,0.0000000000,200.60,251.92,0,0,below_floor,393,0.0780768749,0.07638571932468,0.0356083086,0.0666666667,0.1016949153,0.1428571429,0.1752577320,0,0,0,0,0,1,NULL,standard_terms,usable_n_lt_30
4049512728d969bec69f84088b012416,MG,belo horizonte,3,0,3,0.0000000000,0.0,0 / 3,0,0.0000000000,0.0,-19.0000,NULL,3,0,0.0000000000,0,0,NULL,3,0,0.0000000000,0,0.0000000000,173.15,214.67,0,0,below_floor,393,0.0780768749,0.07638571932468,0.0356083086,0.0666666667,0.1016949153,0.1428571429,0.1752577320,0,0,0,0,0,1,NULL,standard_terms,usable_n_lt_30
446cc09cdbb130904da114e807dbec40,SP,sao paulo,3,0,3,0.0000000000,0.0,0 / 3,0,0.0000000000,0.0,-25.0000,NULL,1,0,0.0000000000,2,0,0.0000000000,3,0,0.0000000000,0,0.0000000000,252.80,306.97,0,0,below_floor,393,0.0780768749,0.07638571932468,0.0356083086,0.0666666667,0.1016949153,0.1428571429,0.1752577320,0,0,0,0,0,1,NULL,standard_terms,usable_n_lt_30
461ff5303b6c9c1a4a07f40c5aece516,PR,pinhais,3,0,3,0.0000000000,0.0,0 / 3,0,0.0000000000,0.0,-17.0000,NULL,2,0,0.0000000000,1,0,0.0000000000,2,0,0.0000000000,1,0.3333333333,102.70,161.43,0,0,below_floor,393,0.0780768749,0.07638571932468,0.0356083086,0.0666666667,0.1016949153,0.1428571429,0.1752577320,0,0,0,0,0,1,NULL,standard_terms,usable_n_lt_30
485452467ff670447e84a8370c3fc898,SC,taio,3,0,3,0.0000000000,0.0,0 / 3,0,0.0000000000,0.0,-16.0000,NULL,3,0,0.0000000000,0,0,NULL,3,0,0.0000000000,0,0.0000000000,175.70,315.44,0,0,below_floor,393,0.0780768749,0.07638571932468,0.0356083086,0.0666666667,0.1016949153,0.1428571429,0.1752577320,0,0,0,0,0,1,NULL,standard_terms,usable_n_lt_30
4a23adac87cf538689fa600d976f78b2,SP,sao paulo,3,0,3,0.0000000000,0.0,0 / 3,0,0.0000000000,0.0,-12.5000,NULL,0,0,NULL,3,0,0.0000000000,3,0,0.0000000000,0,0.0000000000,405.00,440.41,1,0,below_floor,393,0.0780768749,0.07638571932468,0.0356083086,0.0666666667,0.1016949153,0.1428571429,0.1752577320,0,0,0,0,0,1,NULL,standard_terms,usable_n_lt_30
4e326052e5dbba8adcd512f3450a307e,SP,sao paulo,3,0,3,0.0000000000,0.0,0 / 3,0,0.0000000000,0.0,-11.0000,NULL,3,0,0.0000000000,0,0,NULL,3,0,0.0000000000,0,0.0000000000,570.00,655.96,0,0,below_floor,393,0.0780768749,0.07638571932468,0.0356083086,0.0666666667,0.1016949153,0.1428571429,0.1752577320,0,0,0,0,0,1,NULL,standard_terms,usable_n_lt_30
519a7aa428f18d125a283cf8c014fdd6,SC,rio do oeste,3,0,3,0.0000000000,0.0,0 / 3,0,0.0000000000,0.0,-15.0000,NULL,0,0,NULL,3,0,0.0000000000,3,0,0.0000000000,0,0.0000000000,79.70,152.80,0,0,below_floor,393,0.0780768749,0.07638571932468,0.0356083086,0.0666666667,0.1016949153,0.1428571429,0.1752577320,0,0,0,0,0,1,NULL,standard_terms,usable_n_lt_30
51f108f62cb87d61918159902c8f8583,PR,cascavel,3,0,3,0.0000000000,0.0,0 / 3,0,0.0000000000,0.0,-18.0000,NULL,0,0,NULL,3,0,0.0000000000,3,0,0.0000000000,0,0.0000000000,303.73,378.76,0,0,below_floor,393,0.0780768749,0.07638571932468,0.0356083086,0.0666666667,0.1016949153,0.1428571429,0.1752577320,0,0,0,0,0,1,NULL,standard_terms,usable_n_lt_30
52454f90d4c30c016768db02f88c1a74,SP,campinas,3,0,3,0.0000000000,0.0,0 / 3,0,0.0000000000,0.0,-11.0000,NULL,0,0,NULL,3,0,0.0000000000,3,0,0.0000000000,0,0.0000000000,80.50,147.67,0,0,below_floor,393,0.0780768749,0.07638571932468,0.0356083086,0.0666666667,0.1016949153,0.1428571429,0.1752577320,0,0,0,0,0,1,NULL,standard_terms,usable_n_lt_30
52ac6f920b7280e4c6d30dd94de6259b,PR,pinhais,3,0,3,0.0000000000,0.0,0 / 3,0,0.0000000000,0.0,-7.0000,NULL,1,0,0.0000000000,2,0,0.0000000000,3,0,0.0000000000,0,0.0000000000,2879.70,3223.09,0,0,below_floor,393,0.0780768749,0.07638571932468,0.0356083086,0.0666666667,0.1016949153,0.1428571429,0.1752577320,0,0,0,0,0,1,NULL,standard_terms,usable_n_lt_30
53088c75f948b48a7ece173ac17f0c12,RS,triunfo,3,0,3,0.0000000000,0.0,0 / 3,0,0.0000000000,0.0,-14.0000,NULL,0,0,NULL,3,0,0.0000000000,3,0,0.0000000000,0,0.0000000000,261.70,316.23,0,0,below_floor,393,0.0780768749,0.07638571932468,0.0356083086,0.0666666667,0.1016949153,0.1428571429,0.1752577320,0,0,0,0,0,1,NULL,standard_terms,usable_n_lt_30
53b0300ca793f9834cd69c0678d35ee8,SP,indaiatuba,3,0,3,0.0000000000,0.0,0 / 3,0,0.0000000000,0.0,-10.0000,NULL,2,0,0.0000000000,1,0,0.0000000000,3,0,0.0000000000,0,0.0000000000,1185.30,1273.57,0,0,below_floor,393,0.0780768749,0.07638571932468,0.0356083086,0.0666666667,0.1016949153,0.1428571429,0.1752577320,0,0,0,0,0,1,NULL,standard_terms,usable_n_lt_30
54219883e72aad869adfb2a54b7bfa0f,SP,sorocaba,3,0,3,0.0000000000,0.0,0 / 3,0,0.0000000000,0.0,-8.0000,NULL,2,0,0.0000000000,1,0,0.0000000000,3,0,0.0000000000,0,0.0000000000,4050.00,4600.79,0,0,below_floor,393,0.0780768749,0.07638571932468,0.0356083086,0.0666666667,0.1016949153,0.1428571429,0.1752577320,0,0,0,0,0,1,NULL,standard_terms,usable_n_lt_30
5741dc2bf5044c34d0698681c5081bed,SP,sao jose dos campos,3,0,3,0.0000000000,0.0,0 / 3,0,0.0000000000,0.0,-8.0000,NULL,0,0,NULL,3,0,0.0000000000,3,0,0.0000000000,0,0.0000000000,89.70,123.75,0,0,below_floor,393,0.0780768749,0.07638571932468,0.0356083086,0.0666666667,0.1016949153,0.1428571429,0.1752577320,0,0,0,0,0,1,NULL,standard_terms,usable_n_lt_30
579891617139df7d8671d373f0669622,RJ,rio de janeiro,3,0,3,0.0000000000,0.0,0 / 3,0,0.0000000000,0.0,-15.0000,NULL,1,0,0.0000000000,2,0,0.0000000000,3,0,0.0000000000,0,0.0000000000,122.80,174.79,0,0,below_floor,393,0.0780768749,0.07638571932468,0.0356083086,0.0666666667,0.1016949153,0.1428571429,0.1752577320,0,0,0,0,0,1,NULL,standard_terms,usable_n_lt_30
5bf397d04035b5f45cc41e82ec106803,SP,sao paulo,3,0,3,0.0000000000,0.0,0 / 3,0,0.0000000000,0.0,-18.0000,NULL,0,0,NULL,3,0,0.0000000000,3,0,0.0000000000,0,0.0000000000,1525.00,1572.28,0,0,below_floor,393,0.0780768749,0.07638571932468,0.0356083086,0.0666666667,0.1016949153,0.1428571429,0.1752577320,0,0,0,0,0,1,NULL,standard_terms,usable_n_lt_30
5f5a58930c3c35f3b5af264f34fb8c85,SP,ribeirao preto,3,0,3,0.0000000000,0.0,0 / 3,0,0.0000000000,0.0,-22.0000,NULL,0,0,NULL,3,0,0.0000000000,3,0,0.0000000000,0,0.0000000000,560.00,628.59,0,0,below_floor,393,0.0780768749,0.07638571932468,0.0356083086,0.0666666667,0.1016949153,0.1428571429,0.1752577320,0,0,0,0,0,1,NULL,standard_terms,usable_n_lt_30
626ab1cd96932367f0eeec2e47046c12,SP,sao paulo,3,0,3,0.0000000000,0.0,0 / 3,0,0.0000000000,0.0,-10.0000,NULL,1,0,0.0000000000,2,0,0.0000000000,3,0,0.0000000000,0,0.0000000000,1310.00,1390.47,0,0,below_floor,393,0.0780768749,0.07638571932468,0.0356083086,0.0666666667,0.1016949153,0.1428571429,0.1752577320,0,0,0,0,0,1,NULL,standard_terms,usable_n_lt_30
6548c2550b6e2d8f18053216e1c7b6f3,SP,diadema,3,0,3,0.0000000000,0.0,0 / 3,0,0.0000000000,0.0,-10.0000,NULL,0,0,NULL,3,0,0.0000000000,3,0,0.0000000000,0,0.0000000000,217.70,287.55,0,0,below_floor,393,0.0780768749,0.07638571932468,0.0356083086,0.0666666667,0.1016949153,0.1428571429,0.1752577320,0,0,0,0,0,1,NULL,standard_terms,usable_n_lt_30
657969cca82e884d272385ec0ef06edd,RS,estancia velha,3,0,3,0.0000000000,0.0,0 / 3,0,0.0000000000,0.0,-26.0000,NULL,0,0,NULL,3,0,0.0000000000,3,0,0.0000000000,0,0.0000000000,139.70,191.56,0,0,below_floor,393,0.0780768749,0.07638571932468,0.0356083086,0.0666666667,0.1016949153,0.1428571429,0.1752577320,0,0,0,0,0,1,NULL,standard_terms,usable_n_lt_30
6ba4733aa33f6386e9fb0c0fd3993b38,RS,torres,3,0,3,0.0000000000,0.0,0 / 3,0,0.0000000000,0.0,-10.0000,NULL,1,0,0.0000000000,2,0,0.0000000000,3,0,0.0000000000,0,0.0000000000,149.79,209.88,0,0,below_floor,393,0.0780768749,0.07638571932468,0.0356083086,0.0666666667,0.1016949153,0.1428571429,0.1752577320,0,0,0,0,0,1,NULL,standard_terms,usable_n_lt_30
6bb66d9870c2e01c05655c7ed0e7ee13,SP,sao paulo,3,0,3,0.0000000000,0.0,0 / 3,0,0.0000000000,0.0,-16.0000,NULL,0,0,NULL,3,0,0.0000000000,3,0,0.0000000000,0,0.0000000000,269.00,321.02,1,0,below_floor,393,0.0780768749,0.07638571932468,0.0356083086,0.0666666667,0.1016949153,0.1428571429,0.1752577320,0,0,0,0,0,1,NULL,standard_terms,usable_n_lt_30
6eeed17989b0ae47c9f11ece6f38ea90,SP,sao paulo,3,0,3,0.0000000000,0.0,0 / 3,0,0.0000000000,0.0,-8.0000,NULL,0,0,NULL,3,0,0.0000000000,2,0,0.0000000000,1,0.3333333333,557.00,676.01,0,0,below_floor,393,0.0780768749,0.07638571932468,0.0356083086,0.0666666667,0.1016949153,0.1428571429,0.1752577320,0,0,0,0,0,1,NULL,standard_terms,usable_n_lt_30
6fa9202c10491e472dffd59a3e82b2a3,SP,sorocaba,3,0,3,0.0000000000,0.0,0 / 3,0,0.0000000000,0.0,-9.0000,NULL,0,0,NULL,3,0,0.0000000000,3,0,0.0000000000,0,0.0000000000,7014.24,7939.25,0,0,below_floor,393,0.0780768749,0.07638571932468,0.0356083086,0.0666666667,0.1016949153,0.1428571429,0.1752577320,0,0,0,0,0,1,NULL,standard_terms,usable_n_lt_30
70126eecc6aa1274392a1743866e9678,SP,barueri,3,0,3,0.0000000000,0.0,0 / 3,0,0.0000000000,0.0,-14.0000,NULL,0,0,NULL,3,0,0.0000000000,3,0,0.0000000000,0,0.0000000000,97.40,144.74,0,0,below_floor,393,0.0780768749,0.07638571932468,0.0356083086,0.0666666667,0.1016949153,0.1428571429,0.1752577320,0,0,0,0,0,1,NULL,standard_terms,usable_n_lt_30
70f84699be677ec988d1fa824aef7d90,MG,sete lagoas,3,0,3,0.0000000000,0.0,0 / 3,0,0.0000000000,0.0,-12.0000,NULL,2,0,0.0000000000,1,0,0.0000000000,3,0,0.0000000000,0,0.0000000000,1078.50,1148.28,0,0,below_floor,393,0.0780768749,0.07638571932468,0.0356083086,0.0666666667,0.1016949153,0.1428571429,0.1752577320,0,0,0,0,0,1,NULL,standard_terms,usable_n_lt_30
7238f877570096ae403c51898fa64566,SP,santana de parnaiba,3,0,3,0.0000000000,0.0,0 / 3,0,0.0000000000,0.0,-17.0000,NULL,1,0,0.0000000000,2,0,0.0000000000,3,0,0.0000000000,0,0.0000000000,1200.00,1249.52,0,0,below_floor,393,0.0780768749,0.07638571932468,0.0356083086,0.0666666667,0.1016949153,0.1428571429,0.1752577320,0,0,0,0,0,1,NULL,standard_terms,usable_n_lt_30
725af026f869236a8dd0ceb98564d156,MG,claudio,3,0,3,0.0000000000,0.0,0 / 3,0,0.0000000000,0.0,-25.0000,NULL,2,0,0.0000000000,1,0,0.0000000000,3,0,0.0000000000,0,0.0000000000,497.69,571.77,0,0,below_floor,393,0.0780768749,0.07638571932468,0.0356083086,0.0666666667,0.1016949153,0.1428571429,0.1752577320,0,0,0,0,0,1,NULL,standard_terms,usable_n_lt_30
7402d13c03a7e91366337cd1de471144,PR,cambe,3,0,3,0.0000000000,0.0,0 / 3,0,0.0000000000,0.0,-13.0000,NULL,2,0,0.0000000000,1,0,0.0000000000,3,0,0.0000000000,0,0.0000000000,473.89,584.79,0,0,below_floor,393,0.0780768749,0.07638571932468,0.0356083086,0.0666666667,0.1016949153,0.1428571429,0.1752577320,0,0,0,0,0,1,NULL,standard_terms,usable_n_lt_30
747e73c01a4593d4cf60dcf970fd2689,PE,vitoria de santo antao,3,0,3,0.0000000000,0.0,0 / 3,0,0.0000000000,0.0,-34.0000,NULL,3,0,0.0000000000,0,0,NULL,3,0,0.0000000000,0,0.0000000000,2217.99,2341.76,0,0,below_floor,393,0.0780768749,0.07638571932468,0.0356083086,0.0666666667,0.1016949153,0.1428571429,0.1752577320,0,0,0,0,0,1,NULL,standard_terms,usable_n_lt_30
761681a821d8275bc79f552116d06869,SP,sao paulo,3,0,3,0.0000000000,0.0,0 / 3,0,0.0000000000,0.0,-19.0000,NULL,1,0,0.0000000000,2,0,0.0000000000,3,0,0.0000000000,0,0.0000000000,354.92,514.90,0,0,below_floor,393,0.0780768749,0.07638571932468,0.0356083086,0.0666666667,0.1016949153,0.1428571429,0.1752577320,0,0,0,0,0,1,NULL,standard_terms,usable_n_lt_30
76c47a299e4a8fe992316a85865acbe9,SP,ribeirao preto,3,0,3,0.0000000000,0.0,0 / 3,0,0.0000000000,0.0,-14.0000,NULL,0,0,NULL,3,0,0.0000000000,3,0,0.0000000000,0,0.0000000000,340.00,465.00,0,0,below_floor,393,0.0780768749,0.07638571932468,0.0356083086,0.0666666667,0.1016949153,0.1428571429,0.1752577320,0,0,0,0,0,1,NULL,standard_terms,usable_n_lt_30
778323240ce2830d68aab11794e00bfb,SP,sao paulo,3,0,3,0.0000000000,0.0,0 / 3,0,0.0000000000,0.0,-9.0000,NULL,0,0,NULL,3,0,0.0000000000,3,0,0.0000000000,0,0.0000000000,189.98,242.43,0,0,below_floor,393,0.0780768749,0.07638571932468,0.0356083086,0.0666666667,0.1016949153,0.1428571429,0.1752577320,0,0,0,0,0,1,NULL,standard_terms,usable_n_lt_30
78744a20ee2f80ba64f6804c25def2b8,PE,recife,3,0,3,0.0000000000,0.0,0 / 3,0,0.0000000000,0.0,-16.0000,NULL,0,0,NULL,3,0,0.0000000000,3,0,0.0000000000,0,0.0000000000,1118.00,1295.44,0,0,below_floor,393,0.0780768749,0.07638571932468,0.0356083086,0.0666666667,0.1016949153,0.1428571429,0.1752577320,0,0,0,0,0,1,NULL,standard_terms,usable_n_lt_30
7adbd3210a7b3cc2235e225eef33574d,SP,sao paulo,3,0,3,0.0000000000,0.0,0 / 3,0,0.0000000000,0.0,-19.0000,NULL,0,0,NULL,3,0,0.0000000000,3,0,0.0000000000,0,0.0000000000,131.90,204.86,0,0,below_floor,393,0.0780768749,0.07638571932468,0.0356083086,0.0666666667,0.1016949153,0.1428571429,0.1752577320,0,0,0,0,0,1,NULL,standard_terms,usable_n_lt_30
7c9130f5f3729edd32aa059141d92484,SP,garca,3,0,3,0.0000000000,0.0,0 / 3,0,0.0000000000,0.0,-17.0000,NULL,0,0,NULL,3,0,0.0000000000,3,0,0.0000000000,0,0.0000000000,126.00,193.15,0,0,below_floor,393,0.0780768749,0.07638571932468,0.0356083086,0.0666666667,0.1016949153,0.1428571429,0.1752577320,0,0,0,0,0,1,NULL,standard_terms,usable_n_lt_30
7f5e4d5efad7e44b91115dd1decb65f3,SP,jacarei / sao paulo,3,0,3,0.0000000000,0.0,0 / 3,0,0.0000000000,0.0,-8.0000,NULL,0,0,NULL,3,0,0.0000000000,3,0,0.0000000000,0,0.0000000000,179.90,257.32,0,0,below_floor,393,0.0780768749,0.07638571932468,0.0356083086,0.0666666667,0.1016949153,0.1428571429,0.1752577320,0,0,0,0,0,1,NULL,standard_terms,usable_n_lt_30
820cc752a266cdc6c1a1e61dd4583330,PR,maringa,3,0,3,0.0000000000,0.0,0 / 3,0,0.0000000000,0.0,-14.0000,NULL,3,0,0.0000000000,0,0,NULL,3,0,0.0000000000,0,0.0000000000,534.00,594.99,0,0,below_floor,393,0.0780768749,0.07638571932468,0.0356083086,0.0666666667,0.1016949153,0.1428571429,0.1752577320,0,0,0,0,0,1,NULL,standard_terms,usable_n_lt_30
83a75eea11694e36e56dd0cb2240229a,SP,amparo,3,0,3,0.0000000000,0.0,0 / 3,0,0.0000000000,0.0,-15.0000,NULL,3,0,0.0000000000,0,0,NULL,3,0,0.0000000000,0,0.0000000000,487.00,529.47,0,0,below_floor,393,0.0780768749,0.07638571932468,0.0356083086,0.0666666667,0.1016949153,0.1428571429,0.1752577320,0,0,0,0,0,1,NULL,standard_terms,usable_n_lt_30
83c465a786b06574376909b35ef6752a,SP,sao carlos,3,0,3,0.0000000000,0.0,0 / 3,0,0.0000000000,0.0,-18.0000,NULL,0,0,NULL,3,0,0.0000000000,3,0,0.0000000000,0,0.0000000000,281.40,330.46,0,0,below_floor,393,0.0780768749,0.07638571932468,0.0356083086,0.0666666667,0.1016949153,0.1428571429,0.1752577320,0,0,0,0,0,1,NULL,standard_terms,usable_n_lt_30
83f2b4881141ce3fcd4e985125d3279e,SP,ribeirao preto,3,0,3,0.0000000000,0.0,0 / 3,1,0.3333333333,33.3,-1.0000,NULL,3,0,0.0000000000,0,0,NULL,3,0,0.0000000000,0,0.0000000000,60.70,101.38,0,0,below_floor,393,0.0780768749,0.07638571932468,0.0356083086,0.0666666667,0.1016949153,0.1428571429,0.1752577320,0,0,0,0,0,1,NULL,standard_terms,usable_n_lt_30
866558b3bccef2dbc6d29a2b5995016f,PR,arapongas,3,0,3,0.0000000000,0.0,0 / 3,0,0.0000000000,0.0,-13.0000,NULL,1,0,0.0000000000,2,0,0.0000000000,3,0,0.0000000000,0,0.0000000000,1259.70,1429.38,0,0,below_floor,393,0.0780768749,0.07638571932468,0.0356083086,0.0666666667,0.1016949153,0.1428571429,0.1752577320,0,0,0,0,0,1,NULL,standard_terms,usable_n_lt_30
883dd81e82754ac2c65e9790a7db8c9a,PR,curitiba,3,0,3,0.0000000000,0.0,0 / 3,0,0.0000000000,0.0,-21.0000,NULL,2,0,0.0000000000,1,0,0.0000000000,3,0,0.0000000000,0,0.0000000000,199.70,246.91,0,0,below_floor,393,0.0780768749,0.07638571932468,0.0356083086,0.0666666667,0.1016949153,0.1428571429,0.1752577320,0,0,0,0,0,1,NULL,standard_terms,usable_n_lt_30
8a32e327fe2c1b3511609d81aaf9f042,SP,sao paulo,3,0,3,0.0000000000,0.0,0 / 3,0,0.0000000000,0.0,-8.0000,NULL,3,0,0.0000000000,0,0,NULL,3,0,0.0000000000,0,0.0000000000,75.96,114.98,0,0,below_floor,393,0.0780768749,0.07638571932468,0.0356083086,0.0666666667,0.1016949153,0.1428571429,0.1752577320,0,0,0,0,0,1,NULL,standard_terms,usable_n_lt_30
8a43128d7f9a3db592b866e6861a6cce,SP,sao paulo,3,0,3,0.0000000000,0.0,0 / 3,0,0.0000000000,0.0,-16.0000,NULL,0,0,NULL,3,0,0.0000000000,3,0,0.0000000000,0,0.0000000000,990.60,1058.49,0,0,below_floor,393,0.0780768749,0.07638571932468,0.0356083086,0.0666666667,0.1016949153,0.1428571429,0.1752577320,0,0,0,0,0,1,NULL,standard_terms,usable_n_lt_30
901b460cdce0c64e471230d7f2f9f3a3,RS,porto alegre,3,0,3,0.0000000000,0.0,0 / 3,0,0.0000000000,0.0,-18.0000,NULL,2,0,0.0000000000,1,0,0.0000000000,3,0,0.0000000000,0,0.0000000000,1106.00,1167.26,0,0,below_floor,393,0.0780768749,0.07638571932468,0.0356083086,0.0666666667,0.1016949153,0.1428571429,0.1752577320,0,0,0,0,0,1,NULL,standard_terms,usable_n_lt_30
902c99f1ac505c0d18778b61bcd636f7,SP,mogi guacu,3,0,3,0.0000000000,0.0,0 / 3,0,0.0000000000,0.0,-2.0000,NULL,0,0,NULL,3,0,0.0000000000,3,0,0.0000000000,0,0.0000000000,123.47,205.29,0,0,below_floor,393,0.0780768749,0.07638571932468,0.0356083086,0.0666666667,0.1016949153,0.1428571429,0.1752577320,0,0,0,0,0,1,NULL,standard_terms,usable_n_lt_30
918717417d88a9f9ae9735567e6c7682,SP,sao paulo,3,0,3,0.0000000000,0.0,0 / 3,0,0.0000000000,0.0,-10.0000,NULL,3,0,0.0000000000,0,0,NULL,3,0,0.0000000000,0,0.0000000000,225.80,252.72,0,0,below_floor,393,0.0780768749,0.07638571932468,0.0356083086,0.0666666667,0.1016949153,0.1428571429,0.1752577320,0,0,0,0,0,1,NULL,standard_terms,usable_n_lt_30
94231344608e603693b0a8891143f65d,SP,porto alegre,3,0,3,0.0000000000,0.0,0 / 3,0,0.0000000000,0.0,-8.0000,NULL,0,0,NULL,3,0,0.0000000000,3,0,0.0000000000,0,0.0000000000,722.00,824.18,0,0,below_floor,393,0.0780768749,0.07638571932468,0.0356083086,0.0666666667,0.1016949153,0.1428571429,0.1752577320,0,0,0,0,0,1,NULL,standard_terms,usable_n_lt_30
979e9f8b5b39dd243a2550c8b05aecf0,SP,sao paulo,3,0,3,0.0000000000,0.0,0 / 3,0,0.0000000000,0.0,-15.0000,NULL,3,0,0.0000000000,0,0,NULL,3,0,0.0000000000,0,0.0000000000,525.00,571.88,0,0,below_floor,393,0.0780768749,0.07638571932468,0.0356083086,0.0666666667,0.1016949153,0.1428571429,0.1752577320,0,0,0,0,0,1,NULL,standard_terms,usable_n_lt_30
9a84ba99f5367fdbd4598363496f1ea2,GO,luziania,3,0,3,0.0000000000,0.0,0 / 3,0,0.0000000000,0.0,-24.0000,NULL,1,0,0.0000000000,2,0,0.0000000000,3,0,0.0000000000,0,0.0000000000,1459.88,1629.53,0,0,below_floor,393,0.0780768749,0.07638571932468,0.0356083086,0.0666666667,0.1016949153,0.1428571429,0.1752577320,0,0,0,0,0,1,NULL,standard_terms,usable_n_lt_30
9b1585752613ec342d03bbab9997ec48,RJ,rio de janeiro,3,0,3,0.0000000000,0.0,0 / 3,0,0.0000000000,0.0,-5.0000,NULL,0,0,NULL,3,0,0.0000000000,3,0,0.0000000000,0,0.0000000000,4248.98,4349.04,0,0,below_floor,393,0.0780768749,0.07638571932468,0.0356083086,0.0666666667,0.1016949153,0.1428571429,0.1752577320,0,0,0,0,0,1,NULL,standard_terms,usable_n_lt_30
9c54608f0996c32ae4743089d915f845,PR,loanda,3,0,3,0.0000000000,0.0,0 / 3,0,0.0000000000,0.0,-15.0000,NULL,0,0,NULL,3,0,0.0000000000,3,0,0.0000000000,0,0.0000000000,194.80,304.72,0,0,below_floor,393,0.0780768749,0.07638571932468,0.0356083086,0.0666666667,0.1016949153,0.1428571429,0.1752577320,0,0,0,0,0,1,NULL,standard_terms,usable_n_lt_30
a0d7fbb07bb5ebc3b05980e750db56f3,SP,ferraz de vasconcelos,3,0,3,0.0000000000,0.0,0 / 3,0,0.0000000000,0.0,-15.0000,NULL,0,0,NULL,3,0,0.0000000000,2,0,0.0000000000,1,0.3333333333,848.99,1085.18,0,0,below_floor,393,0.0780768749,0.07638571932468,0.0356083086,0.0666666667,0.1016949153,0.1428571429,0.1752577320,0,0,0,0,0,1,NULL,standard_terms,usable_n_lt_30
a1544b9ea0b2390e020537d4daa89049,SP,jundiai,3,0,3,0.0000000000,0.0,0 / 3,0,0.0000000000,0.0,-10.0000,NULL,1,0,0.0000000000,2,0,0.0000000000,3,0,0.0000000000,0,0.0000000000,331.70,363.20,0,0,below_floor,393,0.0780768749,0.07638571932468,0.0356083086,0.0666666667,0.1016949153,0.1428571429,0.1752577320,0,0,0,0,0,1,NULL,standard_terms,usable_n_lt_30
a21c11ec5c3f03e7cc9f9203bff9e1c6,SP,santana de parnaiba,3,0,3,0.0000000000,0.0,0 / 3,0,0.0000000000,0.0,-14.0000,NULL,0,0,NULL,3,0,0.0000000000,3,0,0.0000000000,0,0.0000000000,385.00,475.88,0,0,below_floor,393,0.0780768749,0.07638571932468,0.0356083086,0.0666666667,0.1016949153,0.1428571429,0.1752577320,0,0,0,0,0,1,NULL,standard_terms,usable_n_lt_30
a5259c149128e82c9d6d46e0c1c812bb,RO,ji parana,3,0,3,0.0000000000,0.0,0 / 3,0,0.0000000000,0.0,-28.0000,NULL,3,0,0.0000000000,0,0,NULL,3,0,0.0000000000,0,0.0000000000,174.80,359.62,0,0,below_floor,393,0.0780768749,0.07638571932468,0.0356083086,0.0666666667,0.1016949153,0.1428571429,0.1752577320,0,0,0,0,0,1,NULL,standard_terms,usable_n_lt_30
a56e351445e5863fc8960640ba9190c7,SC,itajai,3,0,3,0.0000000000,0.0,0 / 3,1,0.3333333333,33.3,-10.0000,NULL,3,0,0.0000000000,0,0,NULL,3,0,0.0000000000,0,0.0000000000,760.92,825.98,0,0,below_floor,393,0.0780768749,0.07638571932468,0.0356083086,0.0666666667,0.1016949153,0.1428571429,0.1752577320,0,0,0,0,0,1,NULL,standard_terms,usable_n_lt_30
a5dd1946fb63ada8bcaa0c9cd8f11e22,PE,caruaru,3,0,3,0.0000000000,0.0,0 / 3,0,0.0000000000,0.0,-9.0000,NULL,3,0,0.0000000000,0,0,NULL,3,0,0.0000000000,0,0.0000000000,85.44,241.24,0,0,below_floor,393,0.0780768749,0.07638571932468,0.0356083086,0.0666666667,0.1016949153,0.1428571429,0.1752577320,0,0,0,0,0,1,NULL,standard_terms,usable_n_lt_30
a69aa24cec11168e7e39a3fbc727e925,SP,carapicuiba,3,0,3,0.0000000000,0.0,0 / 3,0,0.0000000000,0.0,-7.0000,NULL,0,0,NULL,3,0,0.0000000000,3,0,0.0000000000,0,0.0000000000,105.97,140.29,0,0,below_floor,393,0.0780768749,0.07638571932468,0.0356083086,0.0666666667,0.1016949153,0.1428571429,0.1752577320,0,0,0,0,0,1,NULL,standard_terms,usable_n_lt_30
a7a9b880c49781da66651ccf4ba9ac38,SP,itirapina,3,0,3,0.0000000000,0.0,0 / 3,0,0.0000000000,0.0,-9.5000,NULL,0,0,NULL,3,0,0.0000000000,3,0,0.0000000000,0,0.0000000000,307.60,373.07,1,0,below_floor,393,0.0780768749,0.07638571932468,0.0356083086,0.0666666667,0.1016949153,0.1428571429,0.1752577320,0,0,0,0,0,1,NULL,standard_terms,usable_n_lt_30
aae3bfea055532c57fb453ed3ec80b30,SP,santo andre,3,0,3,0.0000000000,0.0,0 / 3,0,0.0000000000,0.0,-12.0000,NULL,2,0,0.0000000000,1,0,0.0000000000,2,0,0.0000000000,1,0.3333333333,237.98,273.69,0,0,below_floor,393,0.0780768749,0.07638571932468,0.0356083086,0.0666666667,0.1016949153,0.1428571429,0.1752577320,0,0,0,0,0,1,NULL,standard_terms,usable_n_lt_30
ac51cac5e20d69ff485a54746488ef48,SP,ribeirao preto,3,0,3,0.0000000000,0.0,0 / 3,0,0.0000000000,0.0,-12.0000,NULL,3,0,0.0000000000,0,0,NULL,3,0,0.0000000000,0,0.0000000000,700.00,758.70,0,0,below_floor,393,0.0780768749,0.07638571932468,0.0356083086,0.0666666667,0.1016949153,0.1428571429,0.1752577320,0,0,0,0,0,1,NULL,standard_terms,usable_n_lt_30
ad75519a07f039025e83795a4418470f,GO,santa terezinha de goias,3,0,3,0.0000000000,0.0,0 / 3,0,0.0000000000,0.0,-17.0000,NULL,2,0,0.0000000000,1,0,0.0000000000,3,0,0.0000000000,0,0.0000000000,302.10,417.92,0,0,below_floor,393,0.0780768749,0.07638571932468,0.0356083086,0.0666666667,0.1016949153,0.1428571429,0.1752577320,0,0,0,0,0,1,NULL,standard_terms,usable_n_lt_30
afe0067131b73e40875c9b6c10bd2e21,MG,lagoa da prata,3,0,3,0.0000000000,0.0,0 / 3,0,0.0000000000,0.0,-6.0000,NULL,2,0,0.0000000000,1,0,0.0000000000,3,0,0.0000000000,0,0.0000000000,344.70,472.14,0,0,below_floor,393,0.0780768749,0.07638571932468,0.0356083086,0.0666666667,0.1016949153,0.1428571429,0.1752577320,0,0,0,0,0,1,NULL,standard_terms,usable_n_lt_30
bc30de0d71bd6260b936a026b5cf7200,SP,pedreira,3,0,3,0.0000000000,0.0,0 / 3,0,0.0000000000,0.0,-22.0000,NULL,3,0,0.0000000000,0,0,NULL,3,0,0.0000000000,0,0.0000000000,392.37,482.85,0,0,below_floor,393,0.0780768749,0.07638571932468,0.0356083086,0.0666666667,0.1016949153,0.1428571429,0.1752577320,0,0,0,0,0,1,NULL,standard_terms,usable_n_lt_30
be3b4b0f050a6aa1b2d901c4b77e979f,PR,imbituva,3,0,3,0.0000000000,0.0,0 / 3,0,0.0000000000,0.0,-13.0000,NULL,1,0,0.0000000000,2,0,0.0000000000,3,0,0.0000000000,0,0.0000000000,578.20,733.72,0,0,below_floor,393,0.0780768749,0.07638571932468,0.0356083086,0.0666666667,0.1016949153,0.1428571429,0.1752577320,0,0,0,0,0,1,NULL,standard_terms,usable_n_lt_30
c1849d4d32d7a6cecd5aa471809d3135,SP,santo andre,3,0,3,0.0000000000,0.0,0 / 3,0,0.0000000000,0.0,-3.0000,NULL,0,0,NULL,3,0,0.0000000000,3,0,0.0000000000,0,0.0000000000,388.98,430.71,0,0,below_floor,393,0.0780768749,0.07638571932468,0.0356083086,0.0666666667,0.1016949153,0.1428571429,0.1752577320,0,0,0,0,0,1,NULL,standard_terms,usable_n_lt_30
c3f5668699a1b04c0fa61ecea1e2bff6,PR,apucarana,3,0,3,0.0000000000,0.0,0 / 3,0,0.0000000000,0.0,-5.0000,NULL,1,0,0.0000000000,2,0,0.0000000000,3,0,0.0000000000,0,0.0000000000,407.81,514.93,0,0,below_floor,393,0.0780768749,0.07638571932468,0.0356083086,0.0666666667,0.1016949153,0.1428571429,0.1752577320,0,0,0,0,0,1,NULL,standard_terms,usable_n_lt_30
c5ebe6598748b0aeaa61cfb820478b92,RS,lajeado,3,0,3,0.0000000000,0.0,0 / 3,0,0.0000000000,0.0,-17.0000,NULL,0,0,NULL,3,0,0.0000000000,3,0,0.0000000000,0,0.0000000000,297.00,337.17,0,0,below_floor,393,0.0780768749,0.07638571932468,0.0356083086,0.0666666667,0.1016949153,0.1428571429,0.1752577320,0,0,0,0,0,1,NULL,standard_terms,usable_n_lt_30
c9e5ad1f6647f5dbd1172adf6ae3cada,RS,porto alegre,3,0,3,0.0000000000,0.0,0 / 3,0,0.0000000000,0.0,-29.0000,NULL,0,0,NULL,3,0,0.0000000000,3,0,0.0000000000,0,0.0000000000,214.73,258.05,0,0,below_floor,393,0.0780768749,0.07638571932468,0.0356083086,0.0666666667,0.1016949153,0.1428571429,0.1752577320,0,0,0,0,0,1,NULL,standard_terms,usable_n_lt_30
cf654707ed6a99f112c7ec3d6f314b8b,SP,sao paulo,3,0,3,0.0000000000,0.0,0 / 3,0,0.0000000000,0.0,-8.0000,NULL,0,0,NULL,3,0,0.0000000000,3,0,0.0000000000,0,0.0000000000,756.00,789.54,0,0,below_floor,393,0.0780768749,0.07638571932468,0.0356083086,0.0666666667,0.1016949153,0.1428571429,0.1752577320,0,0,0,0,0,1,NULL,standard_terms,usable_n_lt_30
d149de2f383552baea37a7198c2296ce,SP,sao paulo,3,0,3,0.0000000000,0.0,0 / 3,0,0.0000000000,0.0,-4.0000,NULL,0,0,NULL,3,0,0.0000000000,3,0,0.0000000000,0,0.0000000000,320.70,354.37,0,0,below_floor,393,0.0780768749,0.07638571932468,0.0356083086,0.0666666667,0.1016949153,0.1428571429,0.1752577320,0,0,0,0,0,1,NULL,standard_terms,usable_n_lt_30
d558ebe531605a1285ab2b1bc3256dfb,MG,divinopolis,3,0,3,0.0000000000,0.0,0 / 3,0,0.0000000000,0.0,-14.0000,NULL,1,0,0.0000000000,2,0,0.0000000000,3,0,0.0000000000,0,0.0000000000,709.00,782.23,0,0,below_floor,393,0.0780768749,0.07638571932468,0.0356083086,0.0666666667,0.1016949153,0.1428571429,0.1752577320,0,0,0,0,0,1,NULL,standard_terms,usable_n_lt_30
d6b664fa0667064c6d76394e7848d790,SP,araraquara,3,0,3,0.0000000000,0.0,0 / 3,1,0.3333333333,33.3,-6.0000,NULL,2,0,0.0000000000,1,0,0.0000000000,3,0,0.0000000000,0,0.0000000000,3322.00,3535.20,0,0,below_floor,393,0.0780768749,0.07638571932468,0.0356083086,0.0666666667,0.1016949153,0.1428571429,0.1752577320,0,0,0,0,0,1,NULL,standard_terms,usable_n_lt_30
d90fe2229fee1a5da999ccd0c06c1667,SP,sao paulo,3,0,3,0.0000000000,0.0,0 / 3,0,0.0000000000,0.0,-12.0000,NULL,0,0,NULL,3,0,0.0000000000,3,0,0.0000000000,0,0.0000000000,450.00,516.91,0,0,below_floor,393,0.0780768749,0.07638571932468,0.0356083086,0.0666666667,0.1016949153,0.1428571429,0.1752577320,0,0,0,0,0,1,NULL,standard_terms,usable_n_lt_30
d9cb0052a666de5308b32f32ad5f1b1c,SP,olimpia,3,0,3,0.0000000000,0.0,0 / 3,0,0.0000000000,0.0,-9.0000,NULL,2,0,0.0000000000,1,0,0.0000000000,2,0,0.0000000000,1,0.3333333333,231.90,270.49,0,0,below_floor,393,0.0780768749,0.07638571932468,0.0356083086,0.0666666667,0.1016949153,0.1428571429,0.1752577320,0,0,0,0,0,1,NULL,standard_terms,usable_n_lt_30
d9cd369bffa979d1634f8e1318bf2f1b,SP,bady bassitt,3,0,3,0.0000000000,0.0,0 / 3,0,0.0000000000,0.0,-21.0000,NULL,0,0,NULL,3,0,0.0000000000,3,0,0.0000000000,0,0.0000000000,678.00,744.81,0,0,below_floor,393,0.0780768749,0.07638571932468,0.0356083086,0.0666666667,0.1016949153,0.1428571429,0.1752577320,0,0,0,0,0,1,NULL,standard_terms,usable_n_lt_30
dbec9a0a7efeff029d4d9dce7dc4cc95,MG,belo horizonte,3,0,3,0.0000000000,0.0,0 / 3,0,0.0000000000,0.0,-15.0000,NULL,0,0,NULL,3,0,0.0000000000,3,0,0.0000000000,0,0.0000000000,1170.00,1288.59,0,0,below_floor,393,0.0780768749,0.07638571932468,0.0356083086,0.0666666667,0.1016949153,0.1428571429,0.1752577320,0,0,0,0,0,1,NULL,standard_terms,usable_n_lt_30
dcf3755cefcdc158ad0b7bdde51e871b,RS,cachoeira do sul,3,0,3,0.0000000000,0.0,0 / 3,0,0.0000000000,0.0,-8.0000,NULL,1,0,0.0000000000,2,0,0.0000000000,3,0,0.0000000000,0,0.0000000000,269.70,359.03,0,0,below_floor,393,0.0780768749,0.07638571932468,0.0356083086,0.0666666667,0.1016949153,0.1428571429,0.1752577320,0,0,0,0,0,1,NULL,standard_terms,usable_n_lt_30
dd2bdf855a9172734fbc3744021ae9b9,MG,belo horizonte,3,0,3,0.0000000000,0.0,0 / 3,0,0.0000000000,0.0,-17.0000,NULL,3,0,0.0000000000,0,0,NULL,3,0,0.0000000000,0,0.0000000000,219.60,279.21,0,0,below_floor,393,0.0780768749,0.07638571932468,0.0356083086,0.0666666667,0.1016949153,0.1428571429,0.1752577320,0,0,0,0,0,1,NULL,standard_terms,usable_n_lt_30
e1643dff33666ca629e3644c02738179,SP,sao paulo,3,0,3,0.0000000000,0.0,0 / 3,0,0.0000000000,0.0,-13.0000,NULL,0,0,NULL,3,0,0.0000000000,3,0,0.0000000000,0,0.0000000000,170.00,199.31,0,0,below_floor,393,0.0780768749,0.07638571932468,0.0356083086,0.0666666667,0.1016949153,0.1428571429,0.1752577320,0,0,0,0,0,1,NULL,standard_terms,usable_n_lt_30
e21a1e8be4715b0fcfd5385643bc49c4,SC,jaguaruna,3,0,3,0.0000000000,0.0,0 / 3,0,0.0000000000,0.0,-15.0000,NULL,3,0,0.0000000000,0,0,NULL,3,0,0.0000000000,0,0.0000000000,89.70,136.69,0,0,below_floor,393,0.0780768749,0.07638571932468,0.0356083086,0.0666666667,0.1016949153,0.1428571429,0.1752577320,0,0,0,0,0,1,NULL,standard_terms,usable_n_lt_30
e3d3b3efac954a60d61be70b7e05b49b,SP,sao paulo,3,0,3,0.0000000000,0.0,0 / 3,0,0.0000000000,0.0,-16.0000,NULL,0,0,NULL,3,0,0.0000000000,3,0,0.0000000000,0,0.0000000000,1282.05,1405.83,0,0,below_floor,393,0.0780768749,0.07638571932468,0.0356083086,0.0666666667,0.1016949153,0.1428571429,0.1752577320,0,0,0,0,0,1,NULL,standard_terms,usable_n_lt_30
e5899683388855d3dabe8913bbe365de,SP,sao carlos,3,0,3,0.0000000000,0.0,0 / 3,0,0.0000000000,0.0,-20.0000,NULL,0,0,NULL,3,0,0.0000000000,3,0,0.0000000000,0,0.0000000000,452.88,533.86,0,0,below_floor,393,0.0780768749,0.07638571932468,0.0356083086,0.0666666667,0.1016949153,0.1428571429,0.1752577320,0,0,0,0,0,1,NULL,standard_terms,usable_n_lt_30
e9c2dc0dd4ac38448289be644ac94f42,SC,joinville,3,0,3,0.0000000000,0.0,0 / 3,0,0.0000000000,0.0,-9.0000,NULL,0,0,NULL,3,0,0.0000000000,3,0,0.0000000000,0,0.0000000000,118.39,174.61,0,0,below_floor,393,0.0780768749,0.07638571932468,0.0356083086,0.0666666667,0.1016949153,0.1428571429,0.1752577320,0,0,0,0,0,1,NULL,standard_terms,usable_n_lt_30
e9e446d01bd10a97a8ffcfc4a3a20cb2,SP,sao paulo,3,0,3,0.0000000000,0.0,0 / 3,0,0.0000000000,0.0,-7.0000,NULL,0,0,NULL,3,0,0.0000000000,3,0,0.0000000000,0,0.0000000000,51.15,73.32,0,0,below_floor,393,0.0780768749,0.07638571932468,0.0356083086,0.0666666667,0.1016949153,0.1428571429,0.1752577320,0,0,0,0,0,1,NULL,standard_terms,usable_n_lt_30
ea3ebea5317b0efbc663ecc8ce5e9bc2,SC,florianopolis,3,0,3,0.0000000000,0.0,0 / 3,0,0.0000000000,0.0,-17.0000,NULL,0,0,NULL,3,0,0.0000000000,3,0,0.0000000000,0,0.0000000000,299.70,357.35,0,0,below_floor,393,0.0780768749,0.07638571932468,0.0356083086,0.0666666667,0.1016949153,0.1428571429,0.1752577320,0,0,0,0,0,1,NULL,standard_terms,usable_n_lt_30
ea4e9ce63a2134743b4a92777437fcdd,SC,palhoca,3,0,3,0.0000000000,0.0,0 / 3,0,0.0000000000,0.0,-20.0000,NULL,1,0,0.0000000000,2,0,0.0000000000,3,0,0.0000000000,0,0.0000000000,316.60,382.30,0,0,below_floor,393,0.0780768749,0.07638571932468,0.0356083086,0.0666666667,0.1016949153,0.1428571429,0.1752577320,0,0,0,0,0,1,NULL,standard_terms,usable_n_lt_30
eaf6d55068dea77334e8477d3878d89e,SP,sao paulo,3,0,3,0.0000000000,0.0,0 / 3,0,0.0000000000,0.0,-10.0000,NULL,0,0,NULL,3,0,0.0000000000,3,0,0.0000000000,0,0.0000000000,51.00,84.01,0,0,below_floor,393,0.0780768749,0.07638571932468,0.0356083086,0.0666666667,0.1016949153,0.1428571429,0.1752577320,0,0,0,0,0,1,NULL,standard_terms,usable_n_lt_30
ec933281fb017b5020d06df29c3f77e8,SP,sao paulo,3,0,3,0.0000000000,0.0,0 / 3,0,0.0000000000,0.0,-13.0000,NULL,1,0,0.0000000000,2,0,0.0000000000,3,0,0.0000000000,0,0.0000000000,537.00,655.26,0,0,below_floor,393,0.0780768749,0.07638571932468,0.0356083086,0.0666666667,0.1016949153,0.1428571429,0.1752577320,0,0,0,0,0,1,NULL,standard_terms,usable_n_lt_30
ef728fa1f17436c91ed1ccd03dcf9631,SP,jau,3,0,3,0.0000000000,0.0,0 / 3,0,0.0000000000,0.0,-10.0000,NULL,0,0,NULL,3,0,0.0000000000,3,0,0.0000000000,0,0.0000000000,128.70,186.82,0,0,below_floor,393,0.0780768749,0.07638571932468,0.0356083086,0.0666666667,0.1016949153,0.1428571429,0.1752577320,0,0,0,0,0,1,NULL,standard_terms,usable_n_lt_30
f049a72cf58fd31b11f8919cade515e7,SP,sao paulo,3,0,3,0.0000000000,0.0,0 / 3,0,0.0000000000,0.0,-13.0000,NULL,0,0,NULL,3,0,0.0000000000,2,0,0.0000000000,1,0.3333333333,138.75,170.99,0,0,below_floor,393,0.0780768749,0.07638571932468,0.0356083086,0.0666666667,0.1016949153,0.1428571429,0.1752577320,0,0,0,0,0,1,NULL,standard_terms,usable_n_lt_30
f1b854361f4e15d5851b494df66f22b2,RJ,rio de janeiro,3,0,3,0.0000000000,0.0,0 / 3,0,0.0000000000,0.0,-13.0000,NULL,1,0,0.0000000000,2,0,0.0000000000,3,0,0.0000000000,0,0.0000000000,1168.80,1475.24,0,0,below_floor,393,0.0780768749,0.07638571932468,0.0356083086,0.0666666667,0.1016949153,0.1428571429,0.1752577320,0,0,0,0,0,1,NULL,standard_terms,usable_n_lt_30
f25e239052084705e17a982bc600ab2a,SP,sao paulo,3,0,3,0.0000000000,0.0,0 / 3,0,0.0000000000,0.0,-17.0000,NULL,2,0,0.0000000000,1,0,0.0000000000,2,0,0.0000000000,1,0.3333333333,227.00,278.33,0,0,below_floor,393,0.0780768749,0.07638571932468,0.0356083086,0.0666666667,0.1016949153,0.1428571429,0.1752577320,0,0,0,0,0,1,NULL,standard_terms,usable_n_lt_30
f3295428338a40977a03f555246a70f4,ES,vitoria,3,0,3,0.0000000000,0.0,0 / 3,0,0.0000000000,0.0,-15.0000,NULL,3,0,0.0000000000,0,0,NULL,3,0,0.0000000000,0,0.0000000000,123.69,181.70,0,0,below_floor,393,0.0780768749,0.07638571932468,0.0356083086,0.0666666667,0.1016949153,0.1428571429,0.1752577320,0,0,0,0,0,1,NULL,standard_terms,usable_n_lt_30
f88adb15807168d3c43d71021090ce4a,SP,porto ferreira,3,0,3,0.0000000000,0.0,0 / 3,0,0.0000000000,0.0,-13.0000,NULL,1,0,0.0000000000,2,0,0.0000000000,3,0,0.0000000000,0,0.0000000000,488.80,541.06,0,0,below_floor,393,0.0780768749,0.07638571932468,0.0356083086,0.0666666667,0.1016949153,0.1428571429,0.1752577320,0,0,0,0,0,1,NULL,standard_terms,usable_n_lt_30
fc908879b9ca1bd65419e54e50432d38,SP,sao paulo,3,0,3,0.0000000000,0.0,0 / 3,0,0.0000000000,0.0,-8.0000,NULL,1,0,0.0000000000,2,0,0.0000000000,3,0,0.0000000000,0,0.0000000000,91.20,128.78,0,0,below_floor,393,0.0780768749,0.07638571932468,0.0356083086,0.0666666667,0.1016949153,0.1428571429,0.1752577320,0,0,0,0,0,1,NULL,standard_terms,usable_n_lt_30
fe8055980a4ff7f64ed889c2b5926929,PR,curitiba,3,0,3,0.0000000000,0.0,0 / 3,0,0.0000000000,0.0,-15.0000,NULL,0,0,NULL,3,0,0.0000000000,3,0,0.0000000000,0,0.0000000000,196.70,249.98,0,0,below_floor,393,0.0780768749,0.07638571932468,0.0356083086,0.0666666667,0.1016949153,0.1428571429,0.1752577320,0,0,0,0,0,1,NULL,standard_terms,usable_n_lt_30
ff82e8873fba613f2261a9acc896fd84,MG,itabira,3,0,3,0.0000000000,0.0,0 / 3,0,0.0000000000,0.0,-14.0000,NULL,3,0,0.0000000000,0,0,NULL,3,0,0.0000000000,0,0.0000000000,109.70,152.52,0,0,below_floor,393,0.0780768749,0.07638571932468,0.0356083086,0.0666666667,0.1016949153,0.1428571429,0.1752577320,0,0,0,0,0,1,NULL,standard_terms,usable_n_lt_30
01bcc9d254a0143f0ce9791b960b2a47,GO,uruacu,2,0,2,0.0000000000,0.0,0 / 2,0,0.0000000000,0.0,-26.0000,NULL,2,0,0.0000000000,0,0,NULL,2,0,0.0000000000,0,0.0000000000,287.25,339.50,0,0,below_floor,393,0.0780768749,0.07638571932468,0.0356083086,0.0666666667,0.1016949153,0.1428571429,0.1752577320,0,0,0,0,0,1,NULL,standard_terms,usable_n_lt_30
05a940b4ecae36cadfd8e93bd9c43257,GO,goiania,2,0,2,0.0000000000,0.0,0 / 2,0,0.0000000000,0.0,-2.5000,NULL,2,0,0.0000000000,0,0,NULL,2,0,0.0000000000,0,0.0000000000,295.80,335.99,0,0,below_floor,393,0.0780768749,0.07638571932468,0.0356083086,0.0666666667,0.1016949153,0.1428571429,0.1752577320,0,0,0,0,0,1,NULL,standard_terms,usable_n_lt_30
05aebce0b5c8f0d41b29b686f2d05fd3,SP,sao paulo,2,0,2,0.0000000000,0.0,0 / 2,1,0.5000000000,50.0,-2.5000,NULL,1,0,0.0000000000,1,0,0.0000000000,2,0,0.0000000000,0,0.0000000000,74.99,120.88,0,0,below_floor,393,0.0780768749,0.07638571932468,0.0356083086,0.0666666667,0.1016949153,0.1428571429,0.1752577320,0,0,0,0,0,1,NULL,standard_terms,usable_n_lt_30
05feb94f19d094d4b0f9281f0b1d4c99,SP,mogi das cruzes,2,0,2,0.0000000000,0.0,0 / 2,0,0.0000000000,0.0,-17.5000,NULL,2,0,0.0000000000,0,0,NULL,2,0,0.0000000000,0,0.0000000000,3376.00,3671.29,0,0,below_floor,393,0.0780768749,0.07638571932468,0.0356083086,0.0666666667,0.1016949153,0.1428571429,0.1752577320,0,0,0,0,0,1,NULL,standard_terms,usable_n_lt_30
062c325cd6a2b87845fab56b4ec2eeae,SP,sao paulo,2,0,2,0.0000000000,0.0,0 / 2,0,0.0000000000,0.0,-9.5000,NULL,0,0,NULL,2,0,0.0000000000,2,0,0.0000000000,0,0.0000000000,133.22,157.08,0,0,below_floor,393,0.0780768749,0.07638571932468,0.0356083086,0.0666666667,0.1016949153,0.1428571429,0.1752577320,0,0,0,0,0,1,NULL,standard_terms,usable_n_lt_30
0761743cbffb25d7148189e9f1a5f03a,SP,ribeirao preto,2,0,2,0.0000000000,0.0,0 / 2,0,0.0000000000,0.0,-11.0000,NULL,2,0,0.0000000000,0,0,NULL,2,0,0.0000000000,0,0.0000000000,65.40,92.35,0,0,below_floor,393,0.0780768749,0.07638571932468,0.0356083086,0.0666666667,0.1016949153,0.1428571429,0.1752577320,0,0,0,0,0,1,NULL,standard_terms,usable_n_lt_30
07d75e33f2750d97d467fb57e4dfdd8a,SP,sao paulo,2,0,2,0.0000000000,0.0,0 / 2,0,0.0000000000,0.0,-11.5000,NULL,1,0,0.0000000000,1,0,0.0000000000,2,0,0.0000000000,0,0.0000000000,722.40,759.59,0,0,below_floor,393,0.0780768749,0.07638571932468,0.0356083086,0.0666666667,0.1016949153,0.1428571429,0.1752577320,0,0,0,0,0,1,NULL,standard_terms,usable_n_lt_30
07e8e8fc5222bb358e6f259da3197074,SP,sao paulo,2,0,2,0.0000000000,0.0,0 / 2,0,0.0000000000,0.0,-6.5000,NULL,1,0,0.0000000000,1,0,0.0000000000,2,0,0.0000000000,0,0.0000000000,51.80,74.86,0,0,below_floor,393,0.0780768749,0.07638571932468,0.0356083086,0.0666666667,0.1016949153,0.1428571429,0.1752577320,0,0,0,0,0,1,NULL,standard_terms,usable_n_lt_30
093805f8f2aeb63881444571e1f48f30,SP,osasco,2,0,2,0.0000000000,0.0,0 / 2,0,0.0000000000,0.0,-14.0000,NULL,2,0,0.0000000000,0,0,NULL,2,0,0.0000000000,0,0.0000000000,44.40,64.97,0,0,below_floor,393,0.0780768749,0.07638571932468,0.0356083086,0.0666666667,0.1016949153,0.1428571429,0.1752577320,0,0,0,0,0,1,NULL,standard_terms,usable_n_lt_30
0a82f5fb06a4fe4ac2cf7cb412ec71b8,SP,sao paulo,2,0,2,0.0000000000,0.0,0 / 2,0,0.0000000000,0.0,-10.0000,NULL,2,0,0.0000000000,0,0,NULL,2,0,0.0000000000,0,0.0000000000,462.00,484.80,0,0,below_floor,393,0.0780768749,0.07638571932468,0.0356083086,0.0666666667,0.1016949153,0.1428571429,0.1752577320,0,0,0,0,0,1,NULL,standard_terms,usable_n_lt_30
0af977692321d895349eded183341d28,SP,santos,2,0,2,0.0000000000,0.0,0 / 2,0,0.0000000000,0.0,-8.5000,NULL,1,0,0.0000000000,1,0,0.0000000000,2,0,0.0000000000,0,0.0000000000,257.75,277.22,0,0,below_floor,393,0.0780768749,0.07638571932468,0.0356083086,0.0666666667,0.1016949153,0.1428571429,0.1752577320,0,0,0,0,0,1,NULL,standard_terms,usable_n_lt_30
0daf5180aa44356f60f8effa533b55a2,GO,goiania,2,0,2,0.0000000000,0.0,0 / 2,1,0.5000000000,50.0,-5.0000,NULL,0,0,NULL,2,0,0.0000000000,2,0,0.0000000000,0,0.0000000000,144.80,183.63,0,0,below_floor,393,0.0780768749,0.07638571932468,0.0356083086,0.0666666667,0.1016949153,0.1428571429,0.1752577320,0,0,0,0,0,1,NULL,standard_terms,usable_n_lt_30
11742f81550ac064cc9a40f67151d9ad,SP,catanduva,2,0,2,0.0000000000,0.0,0 / 2,0,0.0000000000,0.0,-5.0000,NULL,0,0,NULL,2,0,0.0000000000,2,0,0.0000000000,0,0.0000000000,781.90,831.01,0,0,below_floor,393,0.0780768749,0.07638571932468,0.0356083086,0.0666666667,0.1016949153,0.1428571429,0.1752577320,0,0,0,0,0,1,NULL,standard_terms,usable_n_lt_30
11938fcc75f6902fea1d0a6f72b54a57,SC,sao miguel d'oeste,2,0,2,0.0000000000,0.0,0 / 2,0,0.0000000000,0.0,-21.0000,NULL,1,0,0.0000000000,1,0,0.0000000000,2,0,0.0000000000,0,0.0000000000,594.98,737.14,0,0,below_floor,393,0.0780768749,0.07638571932468,0.0356083086,0.0666666667,0.1016949153,0.1428571429,0.1752577320,0,0,0,0,0,1,NULL,standard_terms,usable_n_lt_30
14ee35374a7876217954b5fa08e50463,SP,sao jose do rio preto,2,0,2,0.0000000000,0.0,0 / 2,0,0.0000000000,0.0,-12.0000,NULL,2,0,0.0000000000,0,0,NULL,2,0,0.0000000000,0,0.0000000000,298.00,334.58,0,0,below_floor,393,0.0780768749,0.07638571932468,0.0356083086,0.0666666667,0.1016949153,0.1428571429,0.1752577320,0,0,0,0,0,1,NULL,standard_terms,usable_n_lt_30
14f2b3587172b9db894c9bad8dab520b,RS,ipe,2,0,2,0.0000000000,0.0,0 / 2,0,0.0000000000,0.0,-12.5000,NULL,1,0,0.0000000000,1,0,0.0000000000,2,0,0.0000000000,0,0.0000000000,244.00,330.06,0,0,below_floor,393,0.0780768749,0.07638571932468,0.0356083086,0.0666666667,0.1016949153,0.1428571429,0.1752577320,0,0,0,0,0,1,NULL,standard_terms,usable_n_lt_30
1588ac4010787100dddef64568f0ae35,PR,maringa,2,0,2,0.0000000000,0.0,0 / 2,0,0.0000000000,0.0,-6.0000,NULL,2,0,0.0000000000,0,0,NULL,2,0,0.0000000000,0,0.0000000000,399.98,428.82,0,0,below_floor,393,0.0780768749,0.07638571932468,0.0356083086,0.0666666667,0.1016949153,0.1428571429,0.1752577320,0,0,0,0,0,1,NULL,standard_terms,usable_n_lt_30
160851d3ece7aa1a510f8d1a4bb8a8af,SP,garca,2,0,2,0.0000000000,0.0,0 / 2,0,0.0000000000,0.0,-13.0000,NULL,0,0,NULL,2,0,0.0000000000,2,0,0.0000000000,0,0.0000000000,102.05,141.15,0,0,below_floor,393,0.0780768749,0.07638571932468,0.0356083086,0.0666666667,0.1016949153,0.1428571429,0.1752577320,0,0,0,0,0,1,NULL,standard_terms,usable_n_lt_30
1710c3aaa9c6b44ec3883ee0fe300e21,SP,sao caetano do sul,2,0,2,0.0000000000,0.0,0 / 2,0,0.0000000000,0.0,-9.0000,NULL,1,0,0.0000000000,1,0,0.0000000000,2,0,0.0000000000,0,0.0000000000,1188.90,1226.55,0,0,below_floor,393,0.0780768749,0.07638571932468,0.0356083086,0.0666666667,0.1016949153,0.1428571429,0.1752577320,0,0,0,0,0,1,NULL,standard_terms,usable_n_lt_30
173d56ffbd4c56cb80fc3615487d712b,SP,sao vicente,2,0,2,0.0000000000,0.0,0 / 2,0,0.0000000000,0.0,-17.0000,NULL,0,0,NULL,2,0,0.0000000000,2,0,0.0000000000,0,0.0000000000,358.00,397.61,0,0,below_floor,393,0.0780768749,0.07638571932468,0.0356083086,0.0666666667,0.1016949153,0.1428571429,0.1752577320,0,0,0,0,0,1,NULL,standard_terms,usable_n_lt_30
1961c3e1272bfeceb05d0b78b5bbfdaf,SP,guarulhos,2,0,2,0.0000000000,0.0,0 / 2,0,0.0000000000,0.0,-7.5000,NULL,0,0,NULL,2,0,0.0000000000,2,0,0.0000000000,0,0.0000000000,657.00,696.01,0,0,below_floor,393,0.0780768749,0.07638571932468,0.0356083086,0.0666666667,0.1016949153,0.1428571429,0.1752577320,0,0,0,0,0,1,NULL,standard_terms,usable_n_lt_30
1cbdc7cf130a41fd13a3c2a7d2fcfda7,MG,lambari,2,0,2,0.0000000000,0.0,0 / 2,0,0.0000000000,0.0,-13.5000,NULL,0,0,NULL,2,0,0.0000000000,2,0,0.0000000000,0,0.0000000000,165.80,225.61,0,0,below_floor,393,0.0780768749,0.07638571932468,0.0356083086,0.0666666667,0.1016949153,0.1428571429,0.1752577320,0,0,0,0,0,1,NULL,standard_terms,usable_n_lt_30
1d0646a72178a6fb37ee8082140e06ec,SC,joinville,2,0,2,0.0000000000,0.0,0 / 2,0,0.0000000000,0.0,-7.5000,NULL,0,0,NULL,2,0,0.0000000000,2,0,0.0000000000,0,0.0000000000,61.00,97.62,0,0,below_floor,393,0.0780768749,0.07638571932468,0.0356083086,0.0666666667,0.1016949153,0.1428571429,0.1752577320,0,0,0,0,0,1,NULL,standard_terms,usable_n_lt_30
1de62b6f2fd96227629786db492433db,SP,sp,2,0,2,0.0000000000,0.0,0 / 2,0,0.0000000000,0.0,-15.5000,NULL,0,0,NULL,2,0,0.0000000000,1,0,0.0000000000,1,0.5000000000,208.80,237.53,0,0,below_floor,393,0.0780768749,0.07638571932468,0.0356083086,0.0666666667,0.1016949153,0.1428571429,0.1752577320,0,0,0,0,0,1,NULL,standard_terms,usable_n_lt_30
1e26c56af8d48424e1df0140a2401f83,SP,jaguariuna,2,0,2,0.0000000000,0.0,0 / 2,0,0.0000000000,0.0,-16.0000,NULL,0,0,NULL,2,0,0.0000000000,2,0,0.0000000000,0,0.0000000000,258.90,292.39,0,0,below_floor,393,0.0780768749,0.07638571932468,0.0356083086,0.0666666667,0.1016949153,0.1428571429,0.1752577320,0,0,0,0,0,1,NULL,standard_terms,usable_n_lt_30
1e9d5a33694bddb76316fd1f54734d20,MT,jaciara,2,0,2,0.0000000000,0.0,0 / 2,0,0.0000000000,0.0,-8.5000,NULL,0,0,NULL,2,0,0.0000000000,2,0,0.0000000000,0,0.0000000000,318.00,468.94,0,0,below_floor,393,0.0780768749,0.07638571932468,0.0356083086,0.0666666667,0.1016949153,0.1428571429,0.1752577320,0,0,0,0,0,1,NULL,standard_terms,usable_n_lt_30
1fbe10c70e30765ed1de86d9f7e98409,SP,maua,2,0,2,0.0000000000,0.0,0 / 2,0,0.0000000000,0.0,-4.5000,NULL,0,0,NULL,2,0,0.0000000000,2,0,0.0000000000,0,0.0000000000,98.75,158.11,0,0,below_floor,393,0.0780768749,0.07638571932468,0.0356083086,0.0666666667,0.1016949153,0.1428571429,0.1752577320,0,0,0,0,0,1,NULL,standard_terms,usable_n_lt_30
20611af7866c6068fd5ae1f9dbe15c92,SP,porto ferreira,2,0,2,0.0000000000,0.0,0 / 2,0,0.0000000000,0.0,-13.5000,NULL,0,0,NULL,2,0,0.0000000000,2,0,0.0000000000,0,0.0000000000,219.80,334.30,0,0,below_floor,393,0.0780768749,0.07638571932468,0.0356083086,0.0666666667,0.1016949153,0.1428571429,0.1752577320,0,0,0,0,0,1,NULL,standard_terms,usable_n_lt_30
21d59342ba150175ca2aa4f8faddeca6,SP,itaquaquecetuba,2,0,2,0.0000000000,0.0,0 / 2,0,0.0000000000,0.0,-18.5000,NULL,0,0,NULL,2,0,0.0000000000,1,0,0.0000000000,1,0.5000000000,259.90,334.29,0,0,below_floor,393,0.0780768749,0.07638571932468,0.0356083086,0.0666666667,0.1016949153,0.1428571429,0.1752577320,0,0,0,0,0,1,NULL,standard_terms,usable_n_lt_30
24a6daf925d9d591870a66660416de31,SP,robeirao preto,2,0,2,0.0000000000,0.0,0 / 2,0,0.0000000000,0.0,-12.0000,NULL,1,0,0.0000000000,1,0,0.0000000000,2,0,0.0000000000,0,0.0000000000,60.00,90.08,0,0,below_floor,393,0.0780768749,0.07638571932468,0.0356083086,0.0666666667,0.1016949153,0.1428571429,0.1752577320,0,0,0,0,0,1,NULL,standard_terms,usable_n_lt_30
26562f211dd1364af2a8596dc945e8ae,SP,sao bernardo do campo,2,0,2,0.0000000000,0.0,0 / 2,0,0.0000000000,0.0,-5.0000,NULL,0,0,NULL,2,0,0.0000000000,2,0,0.0000000000,0,0.0000000000,99.00,115.11,0,0,below_floor,393,0.0780768749,0.07638571932468,0.0356083086,0.0666666667,0.1016949153,0.1428571429,0.1752577320,0,0,0,0,0,1,NULL,standard_terms,usable_n_lt_30
296729ffb9b684050dd24836dac4494a,SP,curitiba,2,0,2,0.0000000000,0.0,0 / 2,0,0.0000000000,0.0,-13.0000,NULL,0,0,NULL,2,0,0.0000000000,2,0,0.0000000000,0,0.0000000000,114.00,149.61,0,0,below_floor,393,0.0780768749,0.07638571932468,0.0356083086,0.0666666667,0.1016949153,0.1428571429,0.1752577320,0,0,0,0,0,1,NULL,standard_terms,usable_n_lt_30
2a167ca73899c85001a837d8fb4962f6,SP,sao paulo,2,0,2,0.0000000000,0.0,0 / 2,0,0.0000000000,0.0,-14.5000,NULL,0,0,NULL,2,0,0.0000000000,2,0,0.0000000000,0,0.0000000000,4097.00,4197.62,0,0,below_floor,393,0.0780768749,0.07638571932468,0.0356083086,0.0666666667,0.1016949153,0.1428571429,0.1752577320,0,0,0,0,0,1,NULL,standard_terms,usable_n_lt_30
2aafae69bf4c41fbd94053d9413e87ee,RS,porto alegre,2,0,2,0.0000000000,0.0,0 / 2,0,0.0000000000,0.0,-27.5000,NULL,0,0,NULL,2,0,0.0000000000,1,0,0.0000000000,1,0.5000000000,94.00,123.87,0,0,below_floor,393,0.0780768749,0.07638571932468,0.0356083086,0.0666666667,0.1016949153,0.1428571429,0.1752577320,0,0,0,0,0,1,NULL,standard_terms,usable_n_lt_30
2d9e8987a2ea5cf88dce330249043ff1,SP,jaci,2,0,2,0.0000000000,0.0,0 / 2,0,0.0000000000,0.0,-5.5000,NULL,0,0,NULL,2,0,0.0000000000,2,0,0.0000000000,0,0.0000000000,239.80,344.17,0,0,below_floor,393,0.0780768749,0.07638571932468,0.0356083086,0.0666666667,0.1016949153,0.1428571429,0.1752577320,0,0,0,0,0,1,NULL,standard_terms,usable_n_lt_30
2fa13c8bd5705d279f7ed5cc9ec61c68,SP,sao paulo,2,0,2,0.0000000000,0.0,0 / 2,0,0.0000000000,0.0,-9.0000,NULL,1,0,0.0000000000,1,0,0.0000000000,2,0,0.0000000000,0,0.0000000000,87.40,148.70,0,0,below_floor,393,0.0780768749,0.07638571932468,0.0356083086,0.0666666667,0.1016949153,0.1428571429,0.1752577320,0,0,0,0,0,1,NULL,standard_terms,usable_n_lt_30
325f3178fb58e2a9778334621eecdbf9,SP,taboao da serra,2,0,2,0.0000000000,0.0,0 / 2,0,0.0000000000,0.0,-13.5000,NULL,2,0,0.0000000000,0,0,NULL,2,0,0.0000000000,0,0.0000000000,28.20,52.77,0,0,below_floor,393,0.0780768749,0.07638571932468,0.0356083086,0.0666666667,0.1016949153,0.1428571429,0.1752577320,0,0,0,0,0,1,NULL,standard_terms,usable_n_lt_30
333c4210e76a1aa2ab817b99437e3ff1,SP,vargem grande do sul,2,0,2,0.0000000000,0.0,0 / 2,0,0.0000000000,0.0,-23.5000,NULL,0,0,NULL,2,0,0.0000000000,2,0,0.0000000000,0,0.0000000000,335.00,402.43,0,0,below_floor,393,0.0780768749,0.07638571932468,0.0356083086,0.0666666667,0.1016949153,0.1428571429,0.1752577320,0,0,0,0,0,1,NULL,standard_terms,usable_n_lt_30
35b96509602ec4b7da831b5cd73ff2c2,RS,sao leopoldo,2,0,2,0.0000000000,0.0,0 / 2,0,0.0000000000,0.0,-14.0000,NULL,0,0,NULL,2,0,0.0000000000,2,0,0.0000000000,0,0.0000000000,558.90,606.45,0,0,below_floor,393,0.0780768749,0.07638571932468,0.0356083086,0.0666666667,0.1016949153,0.1428571429,0.1752577320,0,0,0,0,0,1,NULL,standard_terms,usable_n_lt_30
36f98ad67cc981f50ce8aed093d5783c,PR,toledo,2,0,2,0.0000000000,0.0,0 / 2,0,0.0000000000,0.0,-13.5000,NULL,0,0,NULL,2,0,0.0000000000,2,0,0.0000000000,0,0.0000000000,119.40,158.62,0,0,below_floor,393,0.0780768749,0.07638571932468,0.0356083086,0.0666666667,0.1016949153,0.1428571429,0.1752577320,0,0,0,0,0,1,NULL,standard_terms,usable_n_lt_30
392f7f2c797e4dc077e4311bde2ab8ce,RN,rio de janeiro,2,0,2,0.0000000000,0.0,0 / 2,0,0.0000000000,0.0,-8.0000,NULL,0,0,NULL,2,0,0.0000000000,2,0,0.0000000000,0,0.0000000000,52.00,88.56,0,0,below_floor,393,0.0780768749,0.07638571932468,0.0356083086,0.0666666667,0.1016949153,0.1428571429,0.1752577320,0,0,0,0,0,1,NULL,standard_terms,usable_n_lt_30
3a3e46d10f74d8a6ca76e2b538f106a0,SP,sao paulo,2,0,2,0.0000000000,0.0,0 / 2,1,0.5000000000,50.0,-13.0000,NULL,1,0,0.0000000000,1,0,0.0000000000,2,0,0.0000000000,0,0.0000000000,299.90,366.57,0,0,below_floor,393,0.0780768749,0.07638571932468,0.0356083086,0.0666666667,0.1016949153,0.1428571429,0.1752577320,0,0,0,0,0,1,NULL,standard_terms,usable_n_lt_30
3bb32fedaa74e4ad20f4ce067733bd31,SC,porto belo,2,0,2,0.0000000000,0.0,0 / 2,0,0.0000000000,0.0,-10.0000,NULL,0,0,NULL,2,0,0.0000000000,2,0,0.0000000000,0,0.0000000000,103.70,162.56,0,0,below_floor,393,0.0780768749,0.07638571932468,0.0356083086,0.0666666667,0.1016949153,0.1428571429,0.1752577320,0,0,0,0,0,1,NULL,standard_terms,usable_n_lt_30
3ca08eeb8d5595949fed424bd3677742,PR,curitiba,2,0,2,0.0000000000,0.0,0 / 2,0,0.0000000000,0.0,-27.5000,NULL,2,0,0.0000000000,0,0,NULL,2,0,0.0000000000,0,0.0000000000,359.80,439.72,0,0,below_floor,393,0.0780768749,0.07638571932468,0.0356083086,0.0666666667,0.1016949153,0.1428571429,0.1752577320,0,0,0,0,0,1,NULL,standard_terms,usable_n_lt_30
3d68c634a99a1ba46dbca3967a69c623,SC,nova trento,2,0,2,0.0000000000,0.0,0 / 2,0,0.0000000000,0.0,-7.5000,NULL,0,0,NULL,2,0,0.0000000000,2,0,0.0000000000,0,0.0000000000,594.00,857.70,0,0,below_floor,393,0.0780768749,0.07638571932468,0.0356083086,0.0666666667,0.1016949153,0.1428571429,0.1752577320,0,0,0,0,0,1,NULL,standard_terms,usable_n_lt_30
3fe7120d6257285ac6a3ce7cb071ccec,MG,governador valadares,2,0,2,0.0000000000,0.0,0 / 2,0,0.0000000000,0.0,-16.0000,NULL,2,0,0.0000000000,0,0,NULL,2,0,0.0000000000,0,0.0000000000,199.98,228.26,0,0,below_floor,393,0.0780768749,0.07638571932468,0.0356083086,0.0666666667,0.1016949153,0.1428571429,0.1752577320,0,0,0,0,0,1,NULL,standard_terms,usable_n_lt_30
40ec8ab6cdafbcc4f544da38c67da39a,PR,francisco beltrao,2,0,2,0.0000000000,0.0,0 / 2,0,0.0000000000,0.0,-13.5000,NULL,0,0,NULL,2,0,0.0000000000,2,0,0.0000000000,0,0.0000000000,117.80,157.00,0,0,below_floor,393,0.0780768749,0.07638571932468,0.0356083086,0.0666666667,0.1016949153,0.1428571429,0.1752577320,0,0,0,0,0,1,NULL,standard_terms,usable_n_lt_30
42b6488f5b8246d9141712abd4b1b693,PR,maringa,2,0,2,0.0000000000,0.0,0 / 2,0,0.0000000000,0.0,-13.0000,NULL,1,0,0.0000000000,1,0,0.0000000000,2,0,0.0000000000,0,0.0000000000,247.99,289.80,0,0,below_floor,393,0.0780768749,0.07638571932468,0.0356083086,0.0666666667,0.1016949153,0.1428571429,0.1752577320,0,0,0,0,0,1,NULL,standard_terms,usable_n_lt_30
43b2c864251aa0ce4030c746984e088a,DF,brasilia,2,0,2,0.0000000000,0.0,0 / 2,0,0.0000000000,0.0,-9.0000,NULL,0,0,NULL,2,0,0.0000000000,2,0,0.0000000000,0,0.0000000000,94.80,129.32,0,0,below_floor,393,0.0780768749,0.07638571932468,0.0356083086,0.0666666667,0.1016949153,0.1428571429,0.1752577320,0,0,0,0,0,1,NULL,standard_terms,usable_n_lt_30
44717f64ec2a457979cf83c429077666,RS,santa rosa,2,0,2,0.0000000000,0.0,0 / 2,0,0.0000000000,0.0,-24.0000,NULL,0,0,NULL,2,0,0.0000000000,2,0,0.0000000000,0,0.0000000000,107.00,170.91,0,0,below_floor,393,0.0780768749,0.07638571932468,0.0356083086,0.0666666667,0.1016949153,0.1428571429,0.1752577320,0,0,0,0,0,1,NULL,standard_terms,usable_n_lt_30
44ed138eca6214d572ce1d813fb0049b,RS,canoas,2,0,2,0.0000000000,0.0,0 / 2,0,0.0000000000,0.0,-9.0000,NULL,0,0,NULL,2,0,0.0000000000,2,0,0.0000000000,0,0.0000000000,129.79,185.80,0,0,below_floor,393,0.0780768749,0.07638571932468,0.0356083086,0.0666666667,0.1016949153,0.1428571429,0.1752577320,0,0,0,0,0,1,NULL,standard_terms,usable_n_lt_30
48b6c3f4c6a93171da04b75313f2130f,SP,osvaldo cruz,2,0,2,0.0000000000,0.0,0 / 2,0,0.0000000000,0.0,-9.0000,NULL,2,0,0.0000000000,0,0,NULL,2,0,0.0000000000,0,0.0000000000,290.26,328.06,0,0,below_floor,393,0.0780768749,0.07638571932468,0.0356083086,0.0666666667,0.1016949153,0.1428571429,0.1752577320,0,0,0,0,0,1,NULL,standard_terms,usable_n_lt_30
48e954b2da4f6a750c844173b347ed40,RS,porto alegre,2,0,2,0.0000000000,0.0,0 / 2,0,0.0000000000,0.0,-28.0000,NULL,1,0,0.0000000000,1,0,0.0000000000,2,0,0.0000000000,0,0.0000000000,397.80,556.81,0,0,below_floor,393,0.0780768749,0.07638571932468,0.0356083086,0.0666666667,0.1016949153,0.1428571429,0.1752577320,0,0,0,0,0,1,NULL,standard_terms,usable_n_lt_30
4a1917ef994878940e1fb03eeb787ad7,DF,brasilia,2,0,2,0.0000000000,0.0,0 / 2,0,0.0000000000,0.0,-9.5000,NULL,0,0,NULL,2,0,0.0000000000,2,0,0.0000000000,0,0.0000000000,768.00,846.62,0,0,below_floor,393,0.0780768749,0.07638571932468,0.0356083086,0.0666666667,0.1016949153,0.1428571429,0.1752577320,0,0,0,0,0,1,NULL,standard_terms,usable_n_lt_30
4b5f66b7adcf57f1ecc0d3c07dd6b177,PR,vendas@creditparts.com.br,2,0,2,0.0000000000,0.0,0 / 2,0,0.0000000000,0.0,-13.5000,NULL,1,0,0.0000000000,1,0,0.0000000000,1,0,0.0000000000,1,0.5000000000,282.00,317.66,0,0,below_floor,393,0.0780768749,0.07638571932468,0.0356083086,0.0666666667,0.1016949153,0.1428571429,0.1752577320,0,0,0,0,0,1,NULL,standard_terms,usable_n_lt_30
4c4d546adf3c3868fe19c9ec6e9ffda9,PR,maringa,2,0,2,0.0000000000,0.0,0 / 2,0,0.0000000000,0.0,-14.5000,NULL,0,0,NULL,2,0,0.0000000000,2,0,0.0000000000,0,0.0000000000,111.70,157.09,0,0,below_floor,393,0.0780768749,0.07638571932468,0.0356083086,0.0666666667,0.1016949153,0.1428571429,0.1752577320,0,0,0,0,0,1,NULL,standard_terms,usable_n_lt_30
4ce8b55b4bfa4659184e7becc1fba3f2,PR,fazenda rio grande,2,0,2,0.0000000000,0.0,0 / 2,0,0.0000000000,0.0,-12.0000,NULL,2,0,0.0000000000,0,0,NULL,1,0,0.0000000000,1,0.5000000000,199.00,258.87,0,0,below_floor,393,0.0780768749,0.07638571932468,0.0356083086,0.0666666667,0.1016949153,0.1428571429,0.1752577320,0,0,0,0,0,1,NULL,standard_terms,usable_n_lt_30
4d9fea3499bdc22aa4da4e339365f215,SP,sao paulo,2,0,2,0.0000000000,0.0,0 / 2,0,0.0000000000,0.0,-19.5000,NULL,1,0,0.0000000000,1,0,0.0000000000,2,0,0.0000000000,0,0.0000000000,192.54,222.74,0,0,below_floor,393,0.0780768749,0.07638571932468,0.0356083086,0.0666666667,0.1016949153,0.1428571429,0.1752577320,0,0,0,0,0,1,NULL,standard_terms,usable_n_lt_30
4eeb99008a0f59d2c7759c59f9a346eb,SP,embu das artes,2,0,2,0.0000000000,0.0,0 / 2,0,0.0000000000,0.0,-12.5000,NULL,1,0,0.0000000000,1,0,0.0000000000,2,0,0.0000000000,0,0.0000000000,1282.00,1320.95,0,0,below_floor,393,0.0780768749,0.07638571932468,0.0356083086,0.0666666667,0.1016949153,0.1428571429,0.1752577320,0,0,0,0,0,1,NULL,standard_terms,usable_n_lt_30
4f0d637c1197fd65405ebd755ac9f86b,SP,taboao da serra,2,0,2,0.0000000000,0.0,0 / 2,0,0.0000000000,0.0,-17.0000,NULL,0,0,NULL,2,0,0.0000000000,2,0,0.0000000000,0,0.0000000000,199.80,232.47,0,0,below_floor,393,0.0780768749,0.07638571932468,0.0356083086,0.0666666667,0.1016949153,0.1428571429,0.1752577320,0,0,0,0,0,1,NULL,standard_terms,usable_n_lt_30
4f1f1c8666cdb6442f775c4e8caed465,MG,belo horizonte,2,0,2,0.0000000000,0.0,0 / 2,0,0.0000000000,0.0,-14.0000,NULL,0,0,NULL,2,0,0.0000000000,2,0,0.0000000000,0,0.0000000000,944.98,1070.39,0,0,below_floor,393,0.0780768749,0.07638571932468,0.0356083086,0.0666666667,0.1016949153,0.1428571429,0.1752577320,0,0,0,0,0,1,NULL,standard_terms,usable_n_lt_30
4fe2f67634d00c021aa01f96b6f2d68e,PR,maringa,2,0,2,0.0000000000,0.0,0 / 2,0,0.0000000000,0.0,-21.0000,NULL,0,0,NULL,2,0,0.0000000000,2,0,0.0000000000,0,0.0000000000,86.80,118.84,0,0,below_floor,393,0.0780768749,0.07638571932468,0.0356083086,0.0666666667,0.1016949153,0.1428571429,0.1752577320,0,0,0,0,0,1,NULL,standard_terms,usable_n_lt_30
51209b446b2073894bdc0face6c73ffc,ES,vila velha,2,0,2,0.0000000000,0.0,0 / 2,0,0.0000000000,0.0,-17.0000,NULL,0,0,NULL,2,0,0.0000000000,2,0,0.0000000000,0,0.0000000000,359.60,438.88,0,0,below_floor,393,0.0780768749,0.07638571932468,0.0356083086,0.0666666667,0.1016949153,0.1428571429,0.1752577320,0,0,0,0,0,1,NULL,standard_terms,usable_n_lt_30
513a54369b6a8a6602fcb0e129c6d78d,SP,sao bernardo do campo,2,0,2,0.0000000000,0.0,0 / 2,0,0.0000000000,0.0,-5.5000,NULL,0,0,NULL,2,0,0.0000000000,2,0,0.0000000000,0,0.0000000000,47.80,62.66,0,0,below_floor,393,0.0780768749,0.07638571932468,0.0356083086,0.0666666667,0.1016949153,0.1428571429,0.1752577320,0,0,0,0,0,1,NULL,standard_terms,usable_n_lt_30
52092ddbd3a58c450a4459bf051b2287,SP,dois corregos,2,0,2,0.0000000000,0.0,0 / 2,0,0.0000000000,0.0,-11.5000,NULL,2,0,0.0000000000,0,0,NULL,1,0,0.0000000000,1,0.5000000000,187.90,213.17,0,0,below_floor,393,0.0780768749,0.07638571932468,0.0356083086,0.0666666667,0.1016949153,0.1428571429,0.1752577320,0,0,0,0,0,1,NULL,standard_terms,usable_n_lt_30
52bb00821bcdd358a5a5a27e1f6be5a1,SP,osasco,2,0,2,0.0000000000,0.0,0 / 2,0,0.0000000000,0.0,-9.0000,NULL,2,0,0.0000000000,0,0,NULL,2,0,0.0000000000,0,0.0000000000,349.80,388.43,0,0,below_floor,393,0.0780768749,0.07638571932468,0.0356083086,0.0666666667,0.1016949153,0.1428571429,0.1752577320,0,0,0,0,0,1,NULL,standard_terms,usable_n_lt_30
533d46c1b06970e99f09523a61df4972,SP,itapetininga,2,0,2,0.0000000000,0.0,0 / 2,0,0.0000000000,0.0,-10.0000,NULL,2,0,0.0000000000,0,0,NULL,2,0,0.0000000000,0,0.0000000000,159.98,192.62,0,0,below_floor,393,0.0780768749,0.07638571932468,0.0356083086,0.0666666667,0.1016949153,0.1428571429,0.1752577320,0,0,0,0,0,1,NULL,standard_terms,usable_n_lt_30
538caafddff204241cecbf3a02e6b3cf,SP,sao paulo,2,0,2,0.0000000000,0.0,0 / 2,1,0.5000000000,50.0,-5.5000,NULL,1,0,0.0000000000,1,0,0.0000000000,2,0,0.0000000000,0,0.0000000000,33.90,59.92,0,0,below_floor,393,0.0780768749,0.07638571932468,0.0356083086,0.0666666667,0.1016949153,0.1428571429,0.1752577320,0,0,0,0,0,1,NULL,standard_terms,usable_n_lt_30
539ed9e19811677513447759be5eccfc,MG,belo horizonte,2,0,2,0.0000000000,0.0,0 / 2,0,0.0000000000,0.0,-16.0000,NULL,0,0,NULL,2,0,0.0000000000,1,0,0.0000000000,1,0.5000000000,32.83,63.92,0,0,below_floor,393,0.0780768749,0.07638571932468,0.0356083086,0.0666666667,0.1016949153,0.1428571429,0.1752577320,0,0,0,0,0,1,NULL,standard_terms,usable_n_lt_30
5587130f9850696ed7fafbc91c2cee44,SP,sao paulo,2,0,2,0.0000000000,0.0,0 / 2,0,0.0000000000,0.0,-10.5000,NULL,0,0,NULL,2,0,0.0000000000,2,0,0.0000000000,0,0.0000000000,69.80,103.49,0,0,below_floor,393,0.0780768749,0.07638571932468,0.0356083086,0.0666666667,0.1016949153,0.1428571429,0.1752577320,0,0,0,0,0,1,NULL,standard_terms,usable_n_lt_30
5721089ba9214e80074f27d5a03fc0eb,SP,sao paulo,2,0,2,0.0000000000,0.0,0 / 2,0,0.0000000000,0.0,-9.0000,NULL,2,0,0.0000000000,0,0,NULL,2,0,0.0000000000,0,0.0000000000,129.98,145.54,0,0,below_floor,393,0.0780768749,0.07638571932468,0.0356083086,0.0666666667,0.1016949153,0.1428571429,0.1752577320,0,0,0,0,0,1,NULL,standard_terms,usable_n_lt_30
5733d806668f8712c24b9abaefbfa642,SP,chapeco,2,0,2,0.0000000000,0.0,0 / 2,0,0.0000000000,0.0,-17.0000,NULL,2,0,0.0000000000,0,0,NULL,2,0,0.0000000000,0,0.0000000000,243.80,329.68,0,0,below_floor,393,0.0780768749,0.07638571932468,0.0356083086,0.0666666667,0.1016949153,0.1428571429,0.1752577320,0,0,0,0,0,1,NULL,standard_terms,usable_n_lt_30
57d2ba47f7a3209aa347532ae75c1165,SC,sao bento do sul,2,0,2,0.0000000000,0.0,0 / 2,0,0.0000000000,0.0,-14.0000,NULL,0,0,NULL,2,0,0.0000000000,2,0,0.0000000000,0,0.0000000000,318.00,458.24,0,0,below_floor,393,0.0780768749,0.07638571932468,0.0356083086,0.0666666667,0.1016949153,0.1428571429,0.1752577320,0,0,0,0,0,1,NULL,standard_terms,usable_n_lt_30
58c851d1a3c7cd3da329eb59453fed44,SP,rio claro,2,0,2,0.0000000000,0.0,0 / 2,0,0.0000000000,0.0,-11.5000,NULL,0,0,NULL,2,0,0.0000000000,2,0,0.0000000000,0,0.0000000000,268.99,293.26,0,0,below_floor,393,0.0780768749,0.07638571932468,0.0356083086,0.0666666667,0.1016949153,0.1428571429,0.1752577320,0,0,0,0,0,1,NULL,standard_terms,usable_n_lt_30
59bbc819b99a733f02f0d6b49d1c253d,SP,campinas,2,0,2,0.0000000000,0.0,0 / 2,0,0.0000000000,0.0,-12.5000,NULL,0,0,NULL,2,0,0.0000000000,2,0,0.0000000000,0,0.0000000000,139.80,162.75,0,0,below_floor,393,0.0780768749,0.07638571932468,0.0356083086,0.0666666667,0.1016949153,0.1428571429,0.1752577320,0,0,0,0,0,1,NULL,standard_terms,usable_n_lt_30
5a9c0859cb00fd8aa4db443837f0a700,SC,treze tilias,2,0,2,0.0000000000,0.0,0 / 2,0,0.0000000000,0.0,-14.5000,NULL,0,0,NULL,2,0,0.0000000000,2,0,0.0000000000,0,0.0000000000,208.00,255.59,0,0,below_floor,393,0.0780768749,0.07638571932468,0.0356083086,0.0666666667,0.1016949153,0.1428571429,0.1752577320,0,0,0,0,0,1,NULL,standard_terms,usable_n_lt_30
5c243662ce92d84573bfaff24c3e3700,SP,sao paulo,2,0,2,0.0000000000,0.0,0 / 2,0,0.0000000000,0.0,-9.5000,NULL,2,0,0.0000000000,0,0,NULL,2,0,0.0000000000,0,0.0000000000,216.80,259.61,0,0,below_floor,393,0.0780768749,0.07638571932468,0.0356083086,0.0666666667,0.1016949153,0.1428571429,0.1752577320,0,0,0,0,0,1,NULL,standard_terms,usable_n_lt_30
5de1c80811ce7007f62f00d971236c09,SC,florianopolis,2,0,2,0.0000000000,0.0,0 / 2,0,0.0000000000,0.0,-14.5000,NULL,0,0,NULL,2,0,0.0000000000,2,0,0.0000000000,0,0.0000000000,76.80,107.75,0,0,below_floor,393,0.0780768749,0.07638571932468,0.0356083086,0.0666666667,0.1016949153,0.1428571429,0.1752577320,0,0,0,0,0,1,NULL,standard_terms,usable_n_lt_30
5e9f5bd34e0830569f05c9d4f56e04a8,RS,porto alegre,2,0,2,0.0000000000,0.0,0 / 2,0,0.0000000000,0.0,-10.5000,NULL,0,0,NULL,2,0,0.0000000000,2,0,0.0000000000,0,0.0000000000,239.98,274.86,0,0,below_floor,393,0.0780768749,0.07638571932468,0.0356083086,0.0666666667,0.1016949153,0.1428571429,0.1752577320,0,0,0,0,0,1,NULL,standard_terms,usable_n_lt_30
6025c79c035c3d772133b8b8238463b2,PR,pinhais/pr,2,0,2,0.0000000000,0.0,0 / 2,0,0.0000000000,0.0,-11.5000,NULL,0,0,NULL,2,0,0.0000000000,2,0,0.0000000000,0,0.0000000000,989.74,1098.33,0,0,below_floor,393,0.0780768749,0.07638571932468,0.0356083086,0.0666666667,0.1016949153,0.1428571429,0.1752577320,0,0,0,0,0,1,NULL,standard_terms,usable_n_lt_30
615c3462099ffa940d37b17dfda19594,RJ,rio de janeiro,2,0,2,0.0000000000,0.0,0 / 2,0,0.0000000000,0.0,-15.5000,NULL,0,0,NULL,2,0,0.0000000000,2,0,0.0000000000,0,0.0000000000,229.00,261.05,0,0,below_floor,393,0.0780768749,0.07638571932468,0.0356083086,0.0666666667,0.1016949153,0.1428571429,0.1752577320,0,0,0,0,0,1,NULL,standard_terms,usable_n_lt_30
6219ba2359cfb97f2e38fd4c321eb309,SP,sao paulo,2,0,2,0.0000000000,0.0,0 / 2,0,0.0000000000,0.0,-11.0000,NULL,1,0,0.0000000000,1,0,0.0000000000,2,0,0.0000000000,0,0.0000000000,194.80,231.36,0,0,below_floor,393,0.0780768749,0.07638571932468,0.0356083086,0.0666666667,0.1016949153,0.1428571429,0.1752577320,0,0,0,0,0,1,NULL,standard_terms,usable_n_lt_30
643c01d7c56a724bec0454f4780e8a3e,SC,joinville,2,0,2,0.0000000000,0.0,0 / 2,0,0.0000000000,0.0,-19.5000,NULL,1,0,0.0000000000,1,0,0.0000000000,2,0,0.0000000000,0,0.0000000000,205.55,246.65,0,0,below_floor,393,0.0780768749,0.07638571932468,0.0356083086,0.0666666667,0.1016949153,0.1428571429,0.1752577320,0,0,0,0,0,1,NULL,standard_terms,usable_n_lt_30
64cc804291f90c81f02bfc2bb58ff55a,PR,curitiba,2,0,2,0.0000000000,0.0,0 / 2,0,0.0000000000,0.0,-8.5000,NULL,1,0,0.0000000000,1,0,0.0000000000,1,0,0.0000000000,1,0.5000000000,517.60,564.14,0,0,below_floor,393,0.0780768749,0.07638571932468,0.0356083086,0.0666666667,0.1016949153,0.1428571429,0.1752577320,0,0,0,0,0,1,NULL,standard_terms,usable_n_lt_30
67225bff54a172ff67579aaf583efd78,PA,marechal candido rondon,2,0,2,0.0000000000,0.0,0 / 2,0,0.0000000000,0.0,-8.0000,NULL,2,0,0.0000000000,0,0,NULL,2,0,0.0000000000,0,0.0000000000,238.00,270.39,0,0,below_floor,393,0.0780768749,0.07638571932468,0.0356083086,0.0666666667,0.1016949153,0.1428571429,0.1752577320,0,0,0,0,0,1,NULL,standard_terms,usable_n_lt_30
693660429f9dc4ff704eb3d88dad54d7,SP,santo andre,2,0,2,0.0000000000,0.0,0 / 2,0,0.0000000000,0.0,-17.0000,NULL,0,0,NULL,2,0,0.0000000000,2,0,0.0000000000,0,0.0000000000,124.00,148.12,0,0,below_floor,393,0.0780768749,0.07638571932468,0.0356083086,0.0666666667,0.1016949153,0.1428571429,0.1752577320,0,0,0,0,0,1,NULL,standard_terms,usable_n_lt_30
69b5eaa096c3f9d1e5c398c597f567d6,SP,birigui,2,0,2,0.0000000000,0.0,0 / 2,0,0.0000000000,0.0,-6.0000,NULL,0,0,NULL,2,0,0.0000000000,2,0,0.0000000000,0,0.0000000000,938.00,987.02,0,0,below_floor,393,0.0780768749,0.07638571932468,0.0356083086,0.0666666667,0.1016949153,0.1428571429,0.1752577320,0,0,0,0,0,1,NULL,standard_terms,usable_n_lt_30
6a53b90c3ad9e0b56d9fe5c69165fff5,PR,curitiba,2,0,2,0.0000000000,0.0,0 / 2,0,0.0000000000,0.0,-7.0000,NULL,0,0,NULL,2,0,0.0000000000,2,0,0.0000000000,0,0.0000000000,139.78,194.78,0,0,below_floor,393,0.0780768749,0.07638571932468,0.0356083086,0.0666666667,0.1016949153,0.1428571429,0.1752577320,0,0,0,0,0,1,NULL,standard_terms,usable_n_lt_30
6bd69102ab48df500790a8cecfc285c2,SP,sao paulo,2,0,2,0.0000000000,0.0,0 / 2,0,0.0000000000,0.0,-7.5000,NULL,1,0,0.0000000000,1,0,0.0000000000,2,0,0.0000000000,0,0.0000000000,2510.00,2552.95,0,0,below_floor,393,0.0780768749,0.07638571932468,0.0356083086,0.0666666667,0.1016949153,0.1428571429,0.1752577320,0,0,0,0,0,1,NULL,standard_terms,usable_n_lt_30
6bef34c5be6f2bbd70aa5165f6df94b1,SC,timbo,2,0,2,0.0000000000,0.0,0 / 2,0,0.0000000000,0.0,-10.0000,NULL,0,0,NULL,2,0,0.0000000000,2,0,0.0000000000,0,0.0000000000,1198.00,1330.88,0,0,below_floor,393,0.0780768749,0.07638571932468,0.0356083086,0.0666666667,0.1016949153,0.1428571429,0.1752577320,0,0,0,0,0,1,NULL,standard_terms,usable_n_lt_30
6f835fd4be26989b1b064399da346143,PR,curitiba,2,0,2,0.0000000000,0.0,0 / 2,0,0.0000000000,0.0,-21.0000,NULL,0,0,NULL,2,0,0.0000000000,2,0,0.0000000000,0,0.0000000000,197.80,229.25,0,0,below_floor,393,0.0780768749,0.07638571932468,0.0356083086,0.0666666667,0.1016949153,0.1428571429,0.1752577320,0,0,0,0,0,1,NULL,standard_terms,usable_n_lt_30
71593c7413973a1e160057b80d4958f6,SP,sao paulo / sao paulo,2,0,2,0.0000000000,0.0,0 / 2,0,0.0000000000,0.0,-3.5000,NULL,0,0,NULL,2,0,0.0000000000,2,0,0.0000000000,0,0.0000000000,299.50,345.35,0,0,below_floor,393,0.0780768749,0.07638571932468,0.0356083086,0.0666666667,0.1016949153,0.1428571429,0.1752577320,0,0,0,0,0,1,NULL,standard_terms,usable_n_lt_30
734def04b237117a09321dd6d8f3f2a2,SP,araras,2,0,2,0.0000000000,0.0,0 / 2,0,0.0000000000,0.0,-16.5000,NULL,1,0,0.0000000000,1,0,0.0000000000,2,0,0.0000000000,0,0.0000000000,1252.43,1281.23,0,0,below_floor,393,0.0780768749,0.07638571932468,0.0356083086,0.0666666667,0.1016949153,0.1428571429,0.1752577320,0,0,0,0,0,1,NULL,standard_terms,usable_n_lt_30
739c7d7be81f63812dea0d1b1451c651,PB,campina grande,2,0,2,0.0000000000,0.0,0 / 2,0,0.0000000000,0.0,-24.0000,NULL,0,0,NULL,2,0,0.0000000000,2,0,0.0000000000,0,0.0000000000,77.50,149.30,0,0,below_floor,393,0.0780768749,0.07638571932468,0.0356083086,0.0666666667,0.1016949153,0.1428571429,0.1752577320,0,0,0,0,0,1,NULL,standard_terms,usable_n_lt_30
7813ea3ebd9411dc600b4dd01f7a97b9,SP,osasco,2,0,2,0.0000000000,0.0,0 / 2,0,0.0000000000,0.0,-12.5000,NULL,1,0,0.0000000000,1,0,0.0000000000,2,0,0.0000000000,0,0.0000000000,507.50,537.28,0,0,below_floor,393,0.0780768749,0.07638571932468,0.0356083086,0.0666666667,0.1016949153,0.1428571429,0.1752577320,0,0,0,0,0,1,NULL,standard_terms,usable_n_lt_30
788f22bafdd7ab0e1e79f19db72f16a4,SP,sao paulo,2,0,2,0.0000000000,0.0,0 / 2,0,0.0000000000,0.0,-5.0000,NULL,0,0,NULL,2,0,0.0000000000,2,0,0.0000000000,0,0.0000000000,125.80,152.04,1,0,below_floor,393,0.0780768749,0.07638571932468,0.0356083086,0.0666666667,0.1016949153,0.1428571429,0.1752577320,0,0,0,0,0,1,NULL,standard_terms,usable_n_lt_30
79ed755314cfe6df0daef2c6cd3022cd,SP,rio claro,2,0,2,0.0000000000,0.0,0 / 2,0,0.0000000000,0.0,-8.0000,NULL,0,0,NULL,2,0,0.0000000000,2,0,0.0000000000,0,0.0000000000,399.70,460.07,0,0,below_floor,393,0.0780768749,0.07638571932468,0.0356083086,0.0666666667,0.1016949153,0.1428571429,0.1752577320,0,0,0,0,0,1,NULL,standard_terms,usable_n_lt_30
7ad41305e96a6cab8294cd65891e9a86,SP,rio bonito,2,0,2,0.0000000000,0.0,0 / 2,0,0.0000000000,0.0,-15.0000,NULL,0,0,NULL,2,0,0.0000000000,2,0,0.0000000000,0,0.0000000000,180.00,237.60,0,0,below_floor,393,0.0780768749,0.07638571932468,0.0356083086,0.0666666667,0.1016949153,0.1428571429,0.1752577320,0,0,0,0,0,1,NULL,standard_terms,usable_n_lt_30
7d484ca289afaac6bf5fc6a1e96d2226,MS,campo grande,2,0,2,0.0000000000,0.0,0 / 2,1,0.5000000000,50.0,-2.5000,NULL,0,0,NULL,2,0,0.0000000000,2,0,0.0000000000,0,0.0000000000,183.20,248.42,0,0,below_floor,393,0.0780768749,0.07638571932468,0.0356083086,0.0666666667,0.1016949153,0.1428571429,0.1752577320,0,0,0,0,0,1,NULL,standard_terms,usable_n_lt_30
7dea6f73af847b42cc3985bd620f994d,PR,cascavel,2,0,2,0.0000000000,0.0,0 / 2,0,0.0000000000,0.0,-11.5000,NULL,0,0,NULL,2,0,0.0000000000,2,0,0.0000000000,0,0.0000000000,324.00,380.17,0,0,below_floor,393,0.0780768749,0.07638571932468,0.0356083086,0.0666666667,0.1016949153,0.1428571429,0.1752577320,0,0,0,0,0,1,NULL,standard_terms,usable_n_lt_30
809413606dbfe5deefd2db646693ef67,SP,sao paulo,2,0,2,0.0000000000,0.0,0 / 2,0,0.0000000000,0.0,-8.5000,NULL,1,0,0.0000000000,1,0,0.0000000000,2,0,0.0000000000,0,0.0000000000,107.28,129.45,0,0,below_floor,393,0.0780768749,0.07638571932468,0.0356083086,0.0666666667,0.1016949153,0.1428571429,0.1752577320,0,0,0,0,0,1,NULL,standard_terms,usable_n_lt_30
830379336fad8c6f3b15a4a3ddb5c66e,SP,sao paulo,2,0,2,0.0000000000,0.0,0 / 2,0,0.0000000000,0.0,-14.5000,NULL,1,0,0.0000000000,1,0,0.0000000000,2,0,0.0000000000,0,0.0000000000,268.00,438.38,0,0,below_floor,393,0.0780768749,0.07638571932468,0.0356083086,0.0666666667,0.1016949153,0.1428571429,0.1752577320,0,0,0,0,0,1,NULL,standard_terms,usable_n_lt_30
83c8aafbefb034674a70de0eac5b8954,PR,francisco beltrao,2,0,2,0.0000000000,0.0,0 / 2,0,0.0000000000,0.0,-16.0000,NULL,1,0,0.0000000000,1,0,0.0000000000,2,0,0.0000000000,0,0.0000000000,134.90,185.87,0,0,below_floor,393,0.0780768749,0.07638571932468,0.0356083086,0.0666666667,0.1016949153,0.1428571429,0.1752577320,0,0,0,0,0,1,NULL,standard_terms,usable_n_lt_30
88ef59b51bdaa941d10a853429f2b6ce,PR,guaratuba,2,0,2,0.0000000000,0.0,0 / 2,0,0.0000000000,0.0,-18.0000,NULL,0,0,NULL,2,0,0.0000000000,2,0,0.0000000000,0,0.0000000000,252.90,294.70,0,0,below_floor,393,0.0780768749,0.07638571932468,0.0356083086,0.0666666667,0.1016949153,0.1428571429,0.1752577320,0,0,0,0,0,1,NULL,standard_terms,usable_n_lt_30
89757206b887aed36f3e18d858460fea,SP,sao paulo,2,0,2,0.0000000000,0.0,0 / 2,0,0.0000000000,0.0,-14.5000,NULL,0,0,NULL,2,0,0.0000000000,2,0,0.0000000000,0,0.0000000000,120.50,176.14,0,0,below_floor,393,0.0780768749,0.07638571932468,0.0356083086,0.0666666667,0.1016949153,0.1428571429,0.1752577320,0,0,0,0,0,1,NULL,standard_terms,usable_n_lt_30
89d9a386b0b6e5fc8403071b03f7206a,SP,sao paulo,2,0,2,0.0000000000,0.0,0 / 2,0,0.0000000000,0.0,-18.5000,NULL,2,0,0.0000000000,0,0,NULL,2,0,0.0000000000,0,0.0000000000,167.00,235.25,0,0,below_floor,393,0.0780768749,0.07638571932468,0.0356083086,0.0666666667,0.1016949153,0.1428571429,0.1752577320,0,0,0,0,0,1,NULL,standard_terms,usable_n_lt_30
8a1ff5c35f6595a73fef4c7b96e4908a,PR,sao  jose dos pinhais,2,0,2,0.0000000000,0.0,0 / 2,0,0.0000000000,0.0,-19.5000,NULL,0,0,NULL,2,0,0.0000000000,2,0,0.0000000000,0,0.0000000000,1598.00,1882.80,0,0,below_floor,393,0.0780768749,0.07638571932468,0.0356083086,0.0666666667,0.1016949153,0.1428571429,0.1752577320,0,0,0,0,0,1,NULL,standard_terms,usable_n_lt_30
8a40ae794fa3f9892cee24bd5af0488b,PR,curitiba,2,0,2,0.0000000000,0.0,0 / 2,0,0.0000000000,0.0,-9.0000,NULL,1,0,0.0000000000,1,0,0.0000000000,2,0,0.0000000000,0,0.0000000000,519.89,577.87,0,0,below_floor,393,0.0780768749,0.07638571932468,0.0356083086,0.0666666667,0.1016949153,0.1428571429,0.1752577320,0,0,0,0,0,1,NULL,standard_terms,usable_n_lt_30
8a8835a43bda99fd37310ad76c457510,SP,sao caetano do sul,2,0,2,0.0000000000,0.0,0 / 2,0,0.0000000000,0.0,-5.0000,NULL,0,0,NULL,2,0,0.0000000000,2,0,0.0000000000,0,0.0000000000,224.34,258.54,0,0,below_floor,393,0.0780768749,0.07638571932468,0.0356083086,0.0666666667,0.1016949153,0.1428571429,0.1752577320,0,0,0,0,0,1,NULL,standard_terms,usable_n_lt_30
8b8cfc8305aa441e4239358c9f6f2485,PR,londrina,2,0,2,0.0000000000,0.0,0 / 2,0,0.0000000000,0.0,-21.0000,NULL,2,0,0.0000000000,0,0,NULL,2,0,0.0000000000,0,0.0000000000,1778.00,1852.12,0,0,below_floor,393,0.0780768749,0.07638571932468,0.0356083086,0.0666666667,0.1016949153,0.1428571429,0.1752577320,0,0,0,0,0,1,NULL,standard_terms,usable_n_lt_30
8c9348f33ae3dada25c99c99ade2af78,SP,carapicuiba,2,0,2,0.0000000000,0.0,0 / 2,0,0.0000000000,0.0,-20.0000,NULL,0,0,NULL,2,0,0.0000000000,2,0,0.0000000000,0,0.0000000000,312.99,364.93,0,0,below_floor,393,0.0780768749,0.07638571932468,0.0356083086,0.0666666667,0.1016949153,0.1428571429,0.1752577320,0,0,0,0,0,1,NULL,standard_terms,usable_n_lt_30
8def3db7f272735afb2ecd03aeca09a7,RJ,rio de janeiro,2,0,2,0.0000000000,0.0,0 / 2,0,0.0000000000,0.0,-9.5000,NULL,0,0,NULL,2,0,0.0000000000,2,0,0.0000000000,0,0.0000000000,196.00,229.64,0,0,below_floor,393,0.0780768749,0.07638571932468,0.0356083086,0.0666666667,0.1016949153,0.1428571429,0.1752577320,0,0,0,0,0,1,NULL,standard_terms,usable_n_lt_30
8fff28c4263ddec387f28d237fb42773,SP,sao paulo,2,0,2,0.0000000000,0.0,0 / 2,0,0.0000000000,0.0,-5.5000,NULL,0,0,NULL,2,0,0.0000000000,2,0,0.0000000000,0,0.0000000000,58.60,112.63,0,0,below_floor,393,0.0780768749,0.07638571932468,0.0356083086,0.0666666667,0.1016949153,0.1428571429,0.1752577320,0,0,0,0,0,1,NULL,standard_terms,usable_n_lt_30
90b57083da5d803237da74daec6dcb2b,PR,curitiba,2,0,2,0.0000000000,0.0,0 / 2,0,0.0000000000,0.0,-19.0000,NULL,2,0,0.0000000000,0,0,NULL,2,0,0.0000000000,0,0.0000000000,206.90,241.21,0,0,below_floor,393,0.0780768749,0.07638571932468,0.0356083086,0.0666666667,0.1016949153,0.1428571429,0.1752577320,0,0,0,0,0,1,NULL,standard_terms,usable_n_lt_30
910a922b426b7ff95eaee129ad6c0e1f,SP,sao jose do rio preto,2,0,2,0.0000000000,0.0,0 / 2,0,0.0000000000,0.0,-6.0000,NULL,2,0,0.0000000000,0,0,NULL,2,0,0.0000000000,0,0.0000000000,119.80,150.96,0,0,below_floor,393,0.0780768749,0.07638571932468,0.0356083086,0.0666666667,0.1016949153,0.1428571429,0.1752577320,0,0,0,0,0,1,NULL,standard_terms,usable_n_lt_30
96e5dc09087bad639b4ee193104ec2e5,RJ,bom jardim,2,0,2,0.0000000000,0.0,0 / 2,0,0.0000000000,0.0,-8.5000,NULL,0,0,NULL,2,0,0.0000000000,2,0,0.0000000000,0,0.0000000000,101.90,154.44,0,0,below_floor,393,0.0780768749,0.07638571932468,0.0356083086,0.0666666667,0.1016949153,0.1428571429,0.1752577320,0,0,0,0,0,1,NULL,standard_terms,usable_n_lt_30
98dddbc4601dd4443ca174359b237166,PR,sarandi,2,0,2,0.0000000000,0.0,0 / 2,0,0.0000000000,0.0,-10.5000,NULL,0,0,NULL,2,0,0.0000000000,2,0,0.0000000000,0,0.0000000000,158.00,211.67,0,0,below_floor,393,0.0780768749,0.07638571932468,0.0356083086,0.0666666667,0.1016949153,0.1428571429,0.1752577320,0,0,0,0,0,1,NULL,standard_terms,usable_n_lt_30
99cd94252748d2bdde08e17858233602,SP,sao paulo,2,0,2,0.0000000000,0.0,0 / 2,0,0.0000000000,0.0,-21.0000,NULL,0,0,NULL,2,0,0.0000000000,2,0,0.0000000000,0,0.0000000000,159.80,181.32,1,0,below_floor,393,0.0780768749,0.07638571932468,0.0356083086,0.0666666667,0.1016949153,0.1428571429,0.1752577320,0,0,0,0,0,1,NULL,standard_terms,usable_n_lt_30
9b76ad3d04236f76bc71c59470305e13,SP,boituva,2,0,2,0.0000000000,0.0,0 / 2,0,0.0000000000,0.0,-10.5000,NULL,0,0,NULL,2,0,0.0000000000,2,0,0.0000000000,0,0.0000000000,394.70,456.63,0,0,below_floor,393,0.0780768749,0.07638571932468,0.0356083086,0.0666666667,0.1016949153,0.1428571429,0.1752577320,0,0,0,0,0,1,NULL,standard_terms,usable_n_lt_30
9bade61a92bed55a25d2b67b9f4ed739,PR,sao jose dos pinhais,2,0,2,0.0000000000,0.0,0 / 2,0,0.0000000000,0.0,-18.5000,NULL,2,0,0.0000000000,0,0,NULL,2,0,0.0000000000,0,0.0000000000,117.68,174.80,0,0,below_floor,393,0.0780768749,0.07638571932468,0.0356083086,0.0666666667,0.1016949153,0.1428571429,0.1752577320,0,0,0,0,0,1,NULL,standard_terms,usable_n_lt_30
9c4d31c7e46ab03a43fc06e3142afd4e,RJ,rio de janeiro,2,0,2,0.0000000000,0.0,0 / 2,0,0.0000000000,0.0,-8.0000,NULL,0,0,NULL,2,0,0.0000000000,2,0,0.0000000000,0,0.0000000000,1218.90,1262.72,0,0,below_floor,393,0.0780768749,0.07638571932468,0.0356083086,0.0666666667,0.1016949153,0.1428571429,0.1752577320,0,0,0,0,0,1,NULL,standard_terms,usable_n_lt_30
9cea4682e16655f7da87f406902e989e,PR,araucaria,2,0,2,0.0000000000,0.0,0 / 2,0,0.0000000000,0.0,-20.0000,NULL,2,0,0.0000000000,0,0,NULL,2,0,0.0000000000,0,0.0000000000,52.33,161.17,0,0,below_floor,393,0.0780768749,0.07638571932468,0.0356083086,0.0666666667,0.1016949153,0.1428571429,0.1752577320,0,0,0,0,0,1,NULL,standard_terms,usable_n_lt_30
9d213f303afae4983637247556438ede,SP,ibitinga,2,0,2,0.0000000000,0.0,0 / 2,0,0.0000000000,0.0,-11.5000,NULL,0,0,NULL,2,0,0.0000000000,0,0,NULL,2,1.0000000000,47.70,120.81,0,0,below_floor,393,0.0780768749,0.07638571932468,0.0356083086,0.0666666667,0.1016949153,0.1428571429,0.1752577320,0,0,0,0,0,1,NULL,standard_terms,usable_n_lt_30
9e7c5f4d7770eab65738cca38f9efccf,SP,sao paulo,2,0,2,0.0000000000,0.0,0 / 2,0,0.0000000000,0.0,-14.0000,NULL,0,0,NULL,2,0,0.0000000000,2,0,0.0000000000,0,0.0000000000,184.80,222.88,0,0,below_floor,393,0.0780768749,0.07638571932468,0.0356083086,0.0666666667,0.1016949153,0.1428571429,0.1752577320,0,0,0,0,0,1,NULL,standard_terms,usable_n_lt_30
a0415d9b25ede3c4b1e477e9916ffc03,RJ,nova iguacu,2,0,2,0.0000000000,0.0,0 / 2,0,0.0000000000,0.0,-17.0000,NULL,2,0,0.0000000000,0,0,NULL,2,0,0.0000000000,0,0.0000000000,1994.90,2052.97,0,0,below_floor,393,0.0780768749,0.07638571932468,0.0356083086,0.0666666667,0.1016949153,0.1428571429,0.1752577320,0,0,0,0,0,1,NULL,standard_terms,usable_n_lt_30
a11a0e0ca67423425691db355cff69b0,SP,indaiatuba,2,0,2,0.0000000000,0.0,0 / 2,1,0.5000000000,50.0,0.0000,NULL,0,0,NULL,2,0,0.0000000000,2,0,0.0000000000,0,0.0000000000,448.90,476.98,1,0,below_floor,393,0.0780768749,0.07638571932468,0.0356083086,0.0666666667,0.1016949153,0.1428571429,0.1752577320,0,0,0,0,0,1,NULL,standard_terms,usable_n_lt_30
a3082f442524a1be452e3189e003b361,SP,curitiba,2,0,2,0.0000000000,0.0,0 / 2,0,0.0000000000,0.0,-11.5000,NULL,1,0,0.0000000000,1,0,0.0000000000,2,0,0.0000000000,0,0.0000000000,241.70,325.91,0,0,below_floor,393,0.0780768749,0.07638571932468,0.0356083086,0.0666666667,0.1016949153,0.1428571429,0.1752577320,0,0,0,0,0,1,NULL,standard_terms,usable_n_lt_30
a45314082d50d578a4721c9787ce09ab,SP,mirassol,2,0,2,0.0000000000,0.0,0 / 2,0,0.0000000000,0.0,-6.0000,NULL,0,0,NULL,2,0,0.0000000000,2,0,0.0000000000,0,0.0000000000,424.90,453.92,0,0,below_floor,393,0.0780768749,0.07638571932468,0.0356083086,0.0666666667,0.1016949153,0.1428571429,0.1752577320,0,0,0,0,0,1,NULL,standard_terms,usable_n_lt_30
a5ff20ff766e7f50bd5066f33da14413,SP,sao paulo,2,0,2,0.0000000000,0.0,0 / 2,0,0.0000000000,0.0,-18.0000,NULL,0,0,NULL,2,0,0.0000000000,1,0,0.0000000000,1,0.5000000000,66.59,110.17,1,0,below_floor,393,0.0780768749,0.07638571932468,0.0356083086,0.0666666667,0.1016949153,0.1428571429,0.1752577320,0,0,0,0,0,1,NULL,standard_terms,usable_n_lt_30
a7d0f8dd44f57ef6de7f7f02e3d82630,SP,sao paulo,2,0,2,0.0000000000,0.0,0 / 2,0,0.0000000000,0.0,-11.0000,NULL,0,0,NULL,2,0,0.0000000000,2,0,0.0000000000,0,0.0000000000,73.79,99.67,0,0,below_floor,393,0.0780768749,0.07638571932468,0.0356083086,0.0666666667,0.1016949153,0.1428571429,0.1752577320,0,0,0,0,0,1,NULL,standard_terms,usable_n_lt_30
a7dc4098e4da6e41b426269d12ae7e91,SP,sao paulo,2,0,2,0.0000000000,0.0,0 / 2,0,0.0000000000,0.0,-6.0000,NULL,0,0,NULL,2,0,0.0000000000,2,0,0.0000000000,0,0.0000000000,518.00,554.45,0,0,below_floor,393,0.0780768749,0.07638571932468,0.0356083086,0.0666666667,0.1016949153,0.1428571429,0.1752577320,0,0,0,0,0,1,NULL,standard_terms,usable_n_lt_30
aa1eb17b9fdf6dfd546e25c45c7b9235,SP,sao paulo,2,0,2,0.0000000000,0.0,0 / 2,0,0.0000000000,0.0,-10.0000,NULL,2,0,0.0000000000,0,0,NULL,2,0,0.0000000000,0,0.0000000000,90.00,112.17,0,0,below_floor,393,0.0780768749,0.07638571932468,0.0356083086,0.0666666667,0.1016949153,0.1428571429,0.1752577320,0,0,0,0,0,1,NULL,standard_terms,usable_n_lt_30
ab27bbbad5239bc31a34709275a70db4,SP,tatui,2,0,2,0.0000000000,0.0,0 / 2,0,0.0000000000,0.0,-16.5000,NULL,0,0,NULL,2,0,0.0000000000,2,0,0.0000000000,0,0.0000000000,239.30,329.61,0,0,below_floor,393,0.0780768749,0.07638571932468,0.0356083086,0.0666666667,0.1016949153,0.1428571429,0.1752577320,0,0,0,0,0,1,NULL,standard_terms,usable_n_lt_30
ab3e0c171fe84a7ba7de130f19cfb485,PR,colorado,2,0,2,0.0000000000,0.0,0 / 2,0,0.0000000000,0.0,-18.5000,NULL,2,0,0.0000000000,0,0,NULL,2,0,0.0000000000,0,0.0000000000,279.79,332.96,0,0,below_floor,393,0.0780768749,0.07638571932468,0.0356083086,0.0666666667,0.1016949153,0.1428571429,0.1752577320,0,0,0,0,0,1,NULL,standard_terms,usable_n_lt_30
ab9db4cf53b08b828b64dccaafc2d9f0,RS,paraiso do sul,2,0,2,0.0000000000,0.0,0 / 2,0,0.0000000000,0.0,-25.5000,NULL,1,0,0.0000000000,1,0,0.0000000000,2,0,0.0000000000,0,0.0000000000,125.80,184.99,0,0,below_floor,393,0.0780768749,0.07638571932468,0.0356083086,0.0666666667,0.1016949153,0.1428571429,0.1752577320,0,0,0,0,0,1,NULL,standard_terms,usable_n_lt_30
adcf50477d6a1f5d91bb9d54c4903cb5,MG,claudio,2,0,2,0.0000000000,0.0,0 / 2,0,0.0000000000,0.0,-27.5000,NULL,0,0,NULL,2,0,0.0000000000,2,0,0.0000000000,0,0.0000000000,194.91,290.37,0,0,below_floor,393,0.0780768749,0.07638571932468,0.0356083086,0.0666666667,0.1016949153,0.1428571429,0.1752577320,0,0,0,0,0,1,NULL,standard_terms,usable_n_lt_30
b1204cfda1d4948679db3cfc0d3cb95c,SP,guarulhos,2,0,2,0.0000000000,0.0,0 / 2,0,0.0000000000,0.0,-13.5000,NULL,1,0,0.0000000000,1,0,0.0000000000,2,0,0.0000000000,0,0.0000000000,234.50,271.82,0,0,below_floor,393,0.0780768749,0.07638571932468,0.0356083086,0.0666666667,0.1016949153,0.1428571429,0.1752577320,0,0,0,0,0,1,NULL,standard_terms,usable_n_lt_30
b26741d31a563d769b4af0465ab20c56,SC,florianopolis,2,0,2,0.0000000000,0.0,0 / 2,0,0.0000000000,0.0,-18.0000,NULL,2,0,0.0000000000,0,0,NULL,2,0,0.0000000000,0,0.0000000000,648.00,695.03,0,0,below_floor,393,0.0780768749,0.07638571932468,0.0356083086,0.0666666667,0.1016949153,0.1428571429,0.1752577320,0,0,0,0,0,1,NULL,standard_terms,usable_n_lt_30
b37c4c02bda3161a7546a4e6d222d5b2,SP,sao paulo,2,0,2,0.0000000000,0.0,0 / 2,0,0.0000000000,0.0,-8.0000,NULL,1,0,0.0000000000,1,0,0.0000000000,2,0,0.0000000000,0,0.0000000000,10460.00,10633.12,0,0,below_floor,393,0.0780768749,0.07638571932468,0.0356083086,0.0666666667,0.1016949153,0.1428571429,0.1752577320,0,0,0,0,0,1,NULL,standard_terms,usable_n_lt_30
b452cb0ae35044c4a53179c39f49fb06,SP,sorocaba,2,0,2,0.0000000000,0.0,0 / 2,0,0.0000000000,0.0,-9.0000,NULL,0,0,NULL,2,0,0.0000000000,2,0,0.0000000000,0,0.0000000000,63.70,101.99,0,0,below_floor,393,0.0780768749,0.07638571932468,0.0356083086,0.0666666667,0.1016949153,0.1428571429,0.1752577320,0,0,0,0,0,1,NULL,standard_terms,usable_n_lt_30
b5bb2b985208834bd5bd86c7a402bbad,RS,venancio aires,2,0,2,0.0000000000,0.0,0 / 2,0,0.0000000000,0.0,-19.0000,NULL,2,0,0.0000000000,0,0,NULL,2,0,0.0000000000,0,0.0000000000,621.06,659.72,0,0,below_floor,393,0.0780768749,0.07638571932468,0.0356083086,0.0666666667,0.1016949153,0.1428571429,0.1752577320,0,0,0,0,0,1,NULL,standard_terms,usable_n_lt_30
b906dd0e57f282c7089171b6ed07982e,PR,parana,2,0,2,0.0000000000,0.0,0 / 2,0,0.0000000000,0.0,-19.0000,NULL,1,0,0.0000000000,1,0,0.0000000000,1,0,0.0000000000,1,0.5000000000,175.00,210.75,0,0,below_floor,393,0.0780768749,0.07638571932468,0.0356083086,0.0666666667,0.1016949153,0.1428571429,0.1752577320,0,0,0,0,0,1,NULL,standard_terms,usable_n_lt_30
b9ec22de23f18567de0e09d776ca0309,DF,brasilia,2,0,2,0.0000000000,0.0,0 / 2,0,0.0000000000,0.0,-27.5000,NULL,0,0,NULL,2,0,0.0000000000,2,0,0.0000000000,0,0.0000000000,341.98,382.47,0,0,below_floor,393,0.0780768749,0.07638571932468,0.0356083086,0.0666666667,0.1016949153,0.1428571429,0.1752577320,0,0,0,0,0,1,NULL,standard_terms,usable_n_lt_30
ba89796db68db180bd389de96b2ff3b6,SP,sao paulo,2,0,2,0.0000000000,0.0,0 / 2,0,0.0000000000,0.0,-11.5000,NULL,0,0,NULL,2,0,0.0000000000,2,0,0.0000000000,0,0.0000000000,309.80,353.26,0,0,below_floor,393,0.0780768749,0.07638571932468,0.0356083086,0.0666666667,0.1016949153,0.1428571429,0.1752577320,0,0,0,0,0,1,NULL,standard_terms,usable_n_lt_30
bb5d956dece964a06c12bceb66b923ae,RJ,rio de janeiro,2,0,2,0.0000000000,0.0,0 / 2,0,0.0000000000,0.0,-13.5000,NULL,2,0,0.0000000000,0,0,NULL,2,0,0.0000000000,0,0.0000000000,1278.36,1328.50,0,0,below_floor,393,0.0780768749,0.07638571932468,0.0356083086,0.0666666667,0.1016949153,0.1428571429,0.1752577320,0,0,0,0,0,1,NULL,standard_terms,usable_n_lt_30
bb7ad8a45c027be8ab075b8e465f8ca0,SC,floranopolis,2,0,2,0.0000000000,0.0,0 / 2,0,0.0000000000,0.0,-14.0000,NULL,0,0,NULL,2,0,0.0000000000,2,0,0.0000000000,0,0.0000000000,19.98,52.62,0,0,below_floor,393,0.0780768749,0.07638571932468,0.0356083086,0.0666666667,0.1016949153,0.1428571429,0.1752577320,0,0,0,0,0,1,NULL,standard_terms,usable_n_lt_30
bbd3acfe6de99892e73940d3fdceaf68,SP,santo andre,2,0,2,0.0000000000,0.0,0 / 2,0,0.0000000000,0.0,-8.0000,NULL,0,0,NULL,2,0,0.0000000000,1,0,0.0000000000,1,0.5000000000,69.00,93.55,0,0,below_floor,393,0.0780768749,0.07638571932468,0.0356083086,0.0666666667,0.1016949153,0.1428571429,0.1752577320,0,0,0,0,0,1,NULL,standard_terms,usable_n_lt_30
bbe87dce25ba8b38bb61cc7210a3f10b,SP,sao joao da boa vista,2,0,2,0.0000000000,0.0,0 / 2,0,0.0000000000,0.0,-17.0000,NULL,0,0,NULL,2,0,0.0000000000,2,0,0.0000000000,0,0.0000000000,287.00,355.39,0,0,below_floor,393,0.0780768749,0.07638571932468,0.0356083086,0.0666666667,0.1016949153,0.1428571429,0.1752577320,0,0,0,0,0,1,NULL,standard_terms,usable_n_lt_30
bc39d8938f90a3a2b98193723ed59774,SP,cajamar,2,0,2,0.0000000000,0.0,0 / 2,0,0.0000000000,0.0,-13.0000,NULL,1,0,0.0000000000,1,0,0.0000000000,2,0,0.0000000000,0,0.0000000000,306.80,329.11,0,0,below_floor,393,0.0780768749,0.07638571932468,0.0356083086,0.0666666667,0.1016949153,0.1428571429,0.1752577320,0,0,0,0,0,1,NULL,standard_terms,usable_n_lt_30
bec568278124768c474ee90971ca94d1,SP,sao paulo,2,0,2,0.0000000000,0.0,0 / 2,0,0.0000000000,0.0,-13.0000,NULL,0,0,NULL,2,0,0.0000000000,1,0,0.0000000000,1,0.5000000000,219.90,249.06,0,0,below_floor,393,0.0780768749,0.07638571932468,0.0356083086,0.0666666667,0.1016949153,0.1428571429,0.1752577320,0,0,0,0,0,1,NULL,standard_terms,usable_n_lt_30
bf3c6d2a28b2b5501e6c15448982dcc9,SP,sao paulo,2,0,2,0.0000000000,0.0,0 / 2,0,0.0000000000,0.0,-14.0000,NULL,1,0,0.0000000000,1,0,0.0000000000,2,0,0.0000000000,0,0.0000000000,205.70,279.03,0,0,below_floor,393,0.0780768749,0.07638571932468,0.0356083086,0.0666666667,0.1016949153,0.1428571429,0.1752577320,0,0,0,0,0,1,NULL,standard_terms,usable_n_lt_30
c1552b1dab6e6f760950368ae61fb600,SP,sao jose dos campos,2,0,2,0.0000000000,0.0,0 / 2,0,0.0000000000,0.0,-1.0000,NULL,0,0,NULL,2,0,0.0000000000,2,0,0.0000000000,0,0.0000000000,53.80,68.69,0,0,below_floor,393,0.0780768749,0.07638571932468,0.0356083086,0.0666666667,0.1016949153,0.1428571429,0.1752577320,0,0,0,0,0,1,NULL,standard_terms,usable_n_lt_30
c32fc744b9160ac853450488e3cfea93,SP,ribeirao preto,2,0,2,0.0000000000,0.0,0 / 2,0,0.0000000000,0.0,-13.0000,NULL,0,0,NULL,2,0,0.0000000000,1,0,0.0000000000,1,0.5000000000,65.80,79.85,0,0,below_floor,393,0.0780768749,0.07638571932468,0.0356083086,0.0666666667,0.1016949153,0.1428571429,0.1752577320,0,0,0,0,0,1,NULL,standard_terms,usable_n_lt_30
c394e193cda3b4225ff2094d32184849,SP,sao paulo,2,0,2,0.0000000000,0.0,0 / 2,0,0.0000000000,0.0,-11.0000,NULL,1,0,0.0000000000,1,0,0.0000000000,2,0,0.0000000000,0,0.0000000000,3134.89,3312.45,0,0,below_floor,393,0.0780768749,0.07638571932468,0.0356083086,0.0666666667,0.1016949153,0.1428571429,0.1752577320,0,0,0,0,0,1,NULL,standard_terms,usable_n_lt_30
c398bc00a606d33758afd91f4e64fd15,RJ,rio de janeiro,2,0,2,0.0000000000,0.0,0 / 2,0,0.0000000000,0.0,-28.0000,NULL,0,0,NULL,2,0,0.0000000000,2,0,0.0000000000,0,0.0000000000,150.00,165.50,0,0,below_floor,393,0.0780768749,0.07638571932468,0.0356083086,0.0666666667,0.1016949153,0.1428571429,0.1752577320,0,0,0,0,0,1,NULL,standard_terms,usable_n_lt_30
c3fe93ba3085f92855c97e57f38c8c05,PR,curitiba,2,0,2,0.0000000000,0.0,0 / 2,0,0.0000000000,0.0,-10.5000,NULL,1,0,0.0000000000,1,0,0.0000000000,2,0,0.0000000000,0,0.0000000000,83.90,119.16,0,0,below_floor,393,0.0780768749,0.07638571932468,0.0356083086,0.0666666667,0.1016949153,0.1428571429,0.1752577320,0,0,0,0,0,1,NULL,standard_terms,usable_n_lt_30
c53bcd3be457a342a97e39e5a9f0be22,SE,neopolis,2,0,2,0.0000000000,0.0,0 / 2,0,0.0000000000,0.0,-17.5000,NULL,0,0,NULL,2,0,0.0000000000,1,0,0.0000000000,1,0.5000000000,179.80,258.24,0,0,below_floor,393,0.0780768749,0.07638571932468,0.0356083086,0.0666666667,0.1016949153,0.1428571429,0.1752577320,0,0,0,0,0,1,NULL,standard_terms,usable_n_lt_30
c6381b1321d7d97717a5bb4ed5b77882,SP,sao paulo,2,0,2,0.0000000000,0.0,0 / 2,0,0.0000000000,0.0,-6.5000,NULL,0,0,NULL,2,0,0.0000000000,2,0,0.0000000000,0,0.0000000000,66.00,100.01,0,0,below_floor,393,0.0780768749,0.07638571932468,0.0356083086,0.0666666667,0.1016949153,0.1428571429,0.1752577320,0,0,0,0,0,1,NULL,standard_terms,usable_n_lt_30
c8025364abeecb115431bf95c11a747f,RS,porto alegre,2,0,2,0.0000000000,0.0,0 / 2,1,0.5000000000,50.0,-1.5000,NULL,0,0,NULL,2,0,0.0000000000,2,0,0.0000000000,0,0.0000000000,928.00,971.28,0,0,below_floor,393,0.0780768749,0.07638571932468,0.0356083086,0.0666666667,0.1016949153,0.1428571429,0.1752577320,0,0,0,0,0,1,NULL,standard_terms,usable_n_lt_30
c847e075301870dd144a116762eaff9a,MG,uberaba,2,0,2,0.0000000000,0.0,0 / 2,0,0.0000000000,0.0,-15.0000,NULL,2,0,0.0000000000,0,0,NULL,2,0,0.0000000000,0,0.0000000000,1232.80,1308.78,0,0,below_floor,393,0.0780768749,0.07638571932468,0.0356083086,0.0666666667,0.1016949153,0.1428571429,0.1752577320,0,0,0,0,0,1,NULL,standard_terms,usable_n_lt_30
c89cf7c468a48af70aada384e722f9e2,RJ,petropolis,2,0,2,0.0000000000,0.0,0 / 2,0,0.0000000000,0.0,-12.5000,NULL,1,0,0.0000000000,1,0,0.0000000000,2,0,0.0000000000,0,0.0000000000,98.00,115.57,0,0,below_floor,393,0.0780768749,0.07638571932468,0.0356083086,0.0666666667,0.1016949153,0.1428571429,0.1752577320,0,0,0,0,0,1,NULL,standard_terms,usable_n_lt_30
cb0b3bcf14e0a709df412a99424a59d7,SP,sao paulo,2,0,2,0.0000000000,0.0,0 / 2,0,0.0000000000,0.0,-10.0000,NULL,2,0,0.0000000000,0,0,NULL,2,0,0.0000000000,0,0.0000000000,460.00,507.43,0,0,below_floor,393,0.0780768749,0.07638571932468,0.0356083086,0.0666666667,0.1016949153,0.1428571429,0.1752577320,0,0,0,0,0,1,NULL,standard_terms,usable_n_lt_30
d1b65fc7debc3361ea86b5f14c68d2e2,SP,mogi guacu,2,0,2,0.0000000000,0.0,0 / 2,1,0.5000000000,50.0,-17.5000,NULL,1,0,0.0000000000,1,0,0.0000000000,2,0,0.0000000000,0,0.0000000000,769.98,893.97,0,0,below_floor,393,0.0780768749,0.07638571932468,0.0356083086,0.0666666667,0.1016949153,0.1428571429,0.1752577320,0,0,0,0,0,1,NULL,standard_terms,usable_n_lt_30
d26aa40b90272d4843d63be7c1462c8d,SP,sao paulo,2,0,2,0.0000000000,0.0,0 / 2,0,0.0000000000,0.0,-12.0000,NULL,0,0,NULL,2,0,0.0000000000,2,0,0.0000000000,0,0.0000000000,152.90,177.42,0,0,below_floor,393,0.0780768749,0.07638571932468,0.0356083086,0.0666666667,0.1016949153,0.1428571429,0.1752577320,0,0,0,0,0,1,NULL,standard_terms,usable_n_lt_30
d2df77822373f19934e87694d8640767,PR,arapongas,2,0,2,0.0000000000,0.0,0 / 2,0,0.0000000000,0.0,-16.5000,NULL,2,0,0.0000000000,0,0,NULL,2,0,0.0000000000,0,0.0000000000,155.90,196.40,0,0,below_floor,393,0.0780768749,0.07638571932468,0.0356083086,0.0666666667,0.1016949153,0.1428571429,0.1752577320,0,0,0,0,0,1,NULL,standard_terms,usable_n_lt_30
d3891911c2feae53c52fea2bd14054e5,SP,sao paulo,2,0,2,0.0000000000,0.0,0 / 2,0,0.0000000000,0.0,-15.5000,NULL,0,0,NULL,2,0,0.0000000000,2,0,0.0000000000,0,0.0000000000,141.00,166.99,0,0,below_floor,393,0.0780768749,0.07638571932468,0.0356083086,0.0666666667,0.1016949153,0.1428571429,0.1752577320,0,0,0,0,0,1,NULL,standard_terms,usable_n_lt_30
d52cbce9845184537284a23c3bc3da0e,SC,garopaba,2,0,2,0.0000000000,0.0,0 / 2,0,0.0000000000,0.0,-21.5000,NULL,2,0,0.0000000000,0,0,NULL,2,0,0.0000000000,0,0.0000000000,75.00,138.78,0,0,below_floor,393,0.0780768749,0.07638571932468,0.0356083086,0.0666666667,0.1016949153,0.1428571429,0.1752577320,0,0,0,0,0,1,NULL,standard_terms,usable_n_lt_30
d7ab82074b5f1dfba46db123df101bff,SP,atibaia,2,0,2,0.0000000000,0.0,0 / 2,0,0.0000000000,0.0,-22.5000,NULL,2,0,0.0000000000,0,0,NULL,2,0,0.0000000000,0,0.0000000000,38.67,83.97,0,0,below_floor,393,0.0780768749,0.07638571932468,0.0356083086,0.0666666667,0.1016949153,0.1428571429,0.1752577320,0,0,0,0,0,1,NULL,standard_terms,usable_n_lt_30
d93844a9c55ba7ce353388bcf849ea56,PR,curitiba,2,0,2,0.0000000000,0.0,0 / 2,0,0.0000000000,0.0,-14.0000,NULL,2,0,0.0000000000,0,0,NULL,2,0,0.0000000000,0,0.0000000000,579.70,642.14,0,0,below_floor,393,0.0780768749,0.07638571932468,0.0356083086,0.0666666667,0.1016949153,0.1428571429,0.1752577320,0,0,0,0,0,1,NULL,standard_terms,usable_n_lt_30
da03c298e3999e9d828591fc2179d109,SP,sao paulo,2,0,2,0.0000000000,0.0,0 / 2,0,0.0000000000,0.0,-5.0000,NULL,2,0,0.0000000000,0,0,NULL,2,0,0.0000000000,0,0.0000000000,468.50,500.04,0,0,below_floor,393,0.0780768749,0.07638571932468,0.0356083086,0.0666666667,0.1016949153,0.1428571429,0.1752577320,0,0,0,0,0,1,NULL,standard_terms,usable_n_lt_30
dbbcfe2c8d026742134ac3e28ccde274,PR,curitiba,2,0,2,0.0000000000,0.0,0 / 2,0,0.0000000000,0.0,-18.5000,NULL,1,0,0.0000000000,1,0,0.0000000000,2,0,0.0000000000,0,0.0000000000,34.70,57.64,0,0,below_floor,393,0.0780768749,0.07638571932468,0.0356083086,0.0666666667,0.1016949153,0.1428571429,0.1752577320,0,0,0,0,0,1,NULL,standard_terms,usable_n_lt_30
de09d00cfc265b8804c7df34075a68fa,SP,sao paulo,2,0,2,0.0000000000,0.0,0 / 2,0,0.0000000000,0.0,-17.0000,NULL,1,0,0.0000000000,1,0,0.0000000000,2,0,0.0000000000,0,0.0000000000,485.00,512.13,0,0,below_floor,393,0.0780768749,0.07638571932468,0.0356083086,0.0666666667,0.1016949153,0.1428571429,0.1752577320,0,0,0,0,0,1,NULL,standard_terms,usable_n_lt_30
dedcab67899479e4ea5dcc4eba47f587,SC,jaragua do sul,2,0,2,0.0000000000,0.0,0 / 2,0,0.0000000000,0.0,-5.0000,NULL,0,0,NULL,2,0,0.0000000000,2,0,0.0000000000,0,0.0000000000,84.00,105.64,0,0,below_floor,393,0.0780768749,0.07638571932468,0.0356083086,0.0666666667,0.1016949153,0.1428571429,0.1752577320,0,0,0,0,0,1,NULL,standard_terms,usable_n_lt_30
e0487761face83d64fcada2408959a36,SP,sao paulo,2,0,2,0.0000000000,0.0,0 / 2,0,0.0000000000,0.0,-3.5000,NULL,0,0,NULL,2,0,0.0000000000,2,0,0.0000000000,0,0.0000000000,49.25,64.12,0,0,below_floor,393,0.0780768749,0.07638571932468,0.0356083086,0.0666666667,0.1016949153,0.1428571429,0.1752577320,0,0,0,0,0,1,NULL,standard_terms,usable_n_lt_30
e0a3c37054ade6478d923a6efc10f308,SC,camboriu,2,0,2,0.0000000000,0.0,0 / 2,0,0.0000000000,0.0,-16.0000,NULL,0,0,NULL,2,0,0.0000000000,2,0,0.0000000000,0,0.0000000000,219.80,254.98,0,0,below_floor,393,0.0780768749,0.07638571932468,0.0356083086,0.0666666667,0.1016949153,0.1428571429,0.1752577320,0,0,0,0,0,1,NULL,standard_terms,usable_n_lt_30
e503f22be6a4f456d9851920a5d9c670,SP,sao paulo,2,0,2,0.0000000000,0.0,0 / 2,0,0.0000000000,0.0,-12.5000,NULL,0,0,NULL,2,0,0.0000000000,2,0,0.0000000000,0,0.0000000000,198.90,231.34,0,0,below_floor,393,0.0780768749,0.07638571932468,0.0356083086,0.0666666667,0.1016949153,0.1428571429,0.1752577320,0,0,0,0,0,1,NULL,standard_terms,usable_n_lt_30
e546117ed9cafbc40239c0c78635c584,SP,sao paulo,2,0,2,0.0000000000,0.0,0 / 2,0,0.0000000000,0.0,-10.0000,NULL,1,0,0.0000000000,1,0,0.0000000000,2,0,0.0000000000,0,0.0000000000,456.00,484.34,0,0,below_floor,393,0.0780768749,0.07638571932468,0.0356083086,0.0666666667,0.1016949153,0.1428571429,0.1752577320,0,0,0,0,0,1,NULL,standard_terms,usable_n_lt_30
e560e4022d8f7aebf155db95946c5c0f,MG,belo horizonte,2,0,2,0.0000000000,0.0,0 / 2,0,0.0000000000,0.0,-11.5000,NULL,0,0,NULL,2,0,0.0000000000,2,0,0.0000000000,0,0.0000000000,780.00,870.21,0,0,below_floor,393,0.0780768749,0.07638571932468,0.0356083086,0.0666666667,0.1016949153,0.1428571429,0.1752577320,0,0,0,0,0,1,NULL,standard_terms,usable_n_lt_30
e59e489e2ea74bd409b798b5daf49de3,PR,maringa,2,0,2,0.0000000000,0.0,0 / 2,0,0.0000000000,0.0,-13.0000,NULL,1,0,0.0000000000,1,0,0.0000000000,1,0,0.0000000000,1,0.5000000000,198.00,243.63,0,0,below_floor,393,0.0780768749,0.07638571932468,0.0356083086,0.0666666667,0.1016949153,0.1428571429,0.1752577320,0,0,0,0,0,1,NULL,standard_terms,usable_n_lt_30
e5cbe890e679490127e9a390b46bbd20,SP,sao paulo,2,0,2,0.0000000000,0.0,0 / 2,0,0.0000000000,0.0,-14.5000,NULL,0,0,NULL,2,0,0.0000000000,2,0,0.0000000000,0,0.0000000000,908.99,937.71,0,0,below_floor,393,0.0780768749,0.07638571932468,0.0356083086,0.0666666667,0.1016949153,0.1428571429,0.1752577320,0,0,0,0,0,1,NULL,standard_terms,usable_n_lt_30
e88f7a2995ba184710d339c5c4bf2e30,SP,votuporanga,2,0,2,0.0000000000,0.0,0 / 2,0,0.0000000000,0.0,-13.0000,NULL,2,0,0.0000000000,0,0,NULL,2,0,0.0000000000,0,0.0000000000,251.60,287.51,0,0,below_floor,393,0.0780768749,0.07638571932468,0.0356083086,0.0666666667,0.1016949153,0.1428571429,0.1752577320,0,0,0,0,0,1,NULL,standard_terms,usable_n_lt_30
e94b64dc6979b302a5a5be1662c83bb6,SP,itapecerica da serra,2,0,2,0.0000000000,0.0,0 / 2,0,0.0000000000,0.0,-16.0000,NULL,0,0,NULL,2,0,0.0000000000,2,0,0.0000000000,0,0.0000000000,306.89,338.63,0,0,below_floor,393,0.0780768749,0.07638571932468,0.0356083086,0.0666666667,0.1016949153,0.1428571429,0.1752577320,0,0,0,0,0,1,NULL,standard_terms,usable_n_lt_30
e99e927c81e3f51739c94fcdfca9f10f,MG,uberlandia,2,0,2,0.0000000000,0.0,0 / 2,2,1.0000000000,100.0,0.0000,NULL,2,0,0.0000000000,0,0,NULL,2,0,0.0000000000,0,0.0000000000,506.88,553.50,0,0,below_floor,393,0.0780768749,0.07638571932468,0.0356083086,0.0666666667,0.1016949153,0.1428571429,0.1752577320,0,0,0,0,0,1,NULL,standard_terms,usable_n_lt_30
ea1776927851da2532aa70d6a32c095a,SP,sao paulo,2,0,2,0.0000000000,0.0,0 / 2,0,0.0000000000,0.0,-9.0000,NULL,0,0,NULL,2,0,0.0000000000,2,0,0.0000000000,0,0.0000000000,283.90,322.08,0,0,below_floor,393,0.0780768749,0.07638571932468,0.0356083086,0.0666666667,0.1016949153,0.1428571429,0.1752577320,0,0,0,0,0,1,NULL,standard_terms,usable_n_lt_30
ea846a0e7ad98a741783e886d89dfa44,SP,aracatuba,2,0,2,0.0000000000,0.0,0 / 2,0,0.0000000000,0.0,-9.5000,NULL,0,0,NULL,2,0,0.0000000000,2,0,0.0000000000,0,0.0000000000,137.00,192.26,0,0,below_floor,393,0.0780768749,0.07638571932468,0.0356083086,0.0666666667,0.1016949153,0.1428571429,0.1752577320,0,0,0,0,0,1,NULL,standard_terms,usable_n_lt_30
eb9cd5b35d95206585e2185318cb5c61,SP,sao paulo,2,0,2,0.0000000000,0.0,0 / 2,1,0.5000000000,50.0,-5.0000,NULL,0,0,NULL,2,0,0.0000000000,2,0,0.0000000000,0,0.0000000000,550.00,611.55,0,0,below_floor,393,0.0780768749,0.07638571932468,0.0356083086,0.0666666667,0.1016949153,0.1428571429,0.1752577320,0,0,0,0,0,1,NULL,standard_terms,usable_n_lt_30
ec5c1d94df153d473b37f880977ae58e,SP,rio de janeiro,2,0,2,0.0000000000,0.0,0 / 2,0,0.0000000000,0.0,-28.5000,NULL,0,0,NULL,2,0,0.0000000000,2,0,0.0000000000,0,0.0000000000,199.67,283.74,0,0,below_floor,393,0.0780768749,0.07638571932468,0.0356083086,0.0666666667,0.1016949153,0.1428571429,0.1752577320,0,0,0,0,0,1,NULL,standard_terms,usable_n_lt_30
edd066cd02126d7800f9b66e980e9931,DF,brasilia,2,0,2,0.0000000000,0.0,0 / 2,0,0.0000000000,0.0,-11.0000,NULL,1,0,0.0000000000,1,0,0.0000000000,2,0,0.0000000000,0,0.0000000000,323.00,364.17,0,0,below_floor,393,0.0780768749,0.07638571932468,0.0356083086,0.0666666667,0.1016949153,0.1428571429,0.1752577320,0,0,0,0,0,1,NULL,standard_terms,usable_n_lt_30
ee2fbacc2fc3794e656cc4d933d59ce7,SP,sao paulo,2,0,2,0.0000000000,0.0,0 / 2,0,0.0000000000,0.0,-19.0000,NULL,0,0,NULL,2,0,0.0000000000,2,0,0.0000000000,0,0.0000000000,464.97,518.70,1,0,below_floor,393,0.0780768749,0.07638571932468,0.0356083086,0.0666666667,0.1016949153,0.1428571429,0.1752577320,0,0,0,0,0,1,NULL,standard_terms,usable_n_lt_30
eec3469d83e142f9a104886655338c37,SP,bauru,2,0,2,0.0000000000,0.0,0 / 2,0,0.0000000000,0.0,-20.5000,NULL,0,0,NULL,2,0,0.0000000000,2,0,0.0000000000,0,0.0000000000,134.90,167.72,0,0,below_floor,393,0.0780768749,0.07638571932468,0.0356083086,0.0666666667,0.1016949153,0.1428571429,0.1752577320,0,0,0,0,0,1,NULL,standard_terms,usable_n_lt_30
f08a5b9dd6767129688d001acafc21e5,RS,porto alegre,2,0,2,0.0000000000,0.0,0 / 2,0,0.0000000000,0.0,-15.5000,NULL,2,0,0.0000000000,0,0,NULL,2,0,0.0000000000,0,0.0000000000,1933.94,2028.20,0,0,below_floor,393,0.0780768749,0.07638571932468,0.0356083086,0.0666666667,0.1016949153,0.1428571429,0.1752577320,0,0,0,0,0,1,NULL,standard_terms,usable_n_lt_30
f08c008c8a8d31417763738a1788a2a8,PR,santa terezinha de itaipu,2,0,2,0.0000000000,0.0,0 / 2,0,0.0000000000,0.0,-17.5000,NULL,2,0,0.0000000000,0,0,NULL,1,0,0.0000000000,1,0.5000000000,209.70,359.45,0,0,below_floor,393,0.0780768749,0.07638571932468,0.0356083086,0.0666666667,0.1016949153,0.1428571429,0.1752577320,0,0,0,0,0,1,NULL,standard_terms,usable_n_lt_30
f0ec78809fe0bc3edb11c9fe5b97b059,SP,sao paulo,2,0,2,0.0000000000,0.0,0 / 2,0,0.0000000000,0.0,-10.0000,NULL,0,0,NULL,2,0,0.0000000000,2,0,0.0000000000,0,0.0000000000,62.60,86.26,0,0,below_floor,393,0.0780768749,0.07638571932468,0.0356083086,0.0666666667,0.1016949153,0.1428571429,0.1752577320,0,0,0,0,0,1,NULL,standard_terms,usable_n_lt_30
f18112da765e0971ca5d510dec322bdd,SC,brusque,2,0,2,0.0000000000,0.0,0 / 2,0,0.0000000000,0.0,-7.5000,NULL,2,0,0.0000000000,0,0,NULL,2,0,0.0000000000,0,0.0000000000,327.80,410.75,0,0,below_floor,393,0.0780768749,0.07638571932468,0.0356083086,0.0666666667,0.1016949153,0.1428571429,0.1752577320,0,0,0,0,0,1,NULL,standard_terms,usable_n_lt_30
f356c348fbc8df6a882823e21f5ce8b7,RS,canoas,2,0,2,0.0000000000,0.0,0 / 2,0,0.0000000000,0.0,-24.0000,NULL,0,0,NULL,2,0,0.0000000000,1,0,0.0000000000,1,0.5000000000,195.18,225.65,0,0,below_floor,393,0.0780768749,0.07638571932468,0.0356083086,0.0666666667,0.1016949153,0.1428571429,0.1752577320,0,0,0,0,0,1,NULL,standard_terms,usable_n_lt_30
f3975e8a41157005d4bcbb358678cd9b,SC,pinhalzinho,2,0,2,0.0000000000,0.0,0 / 2,0,0.0000000000,0.0,-5.5000,NULL,1,0,0.0000000000,1,0,0.0000000000,2,0,0.0000000000,0,0.0000000000,178.80,262.78,0,0,below_floor,393,0.0780768749,0.07638571932468,0.0356083086,0.0666666667,0.1016949153,0.1428571429,0.1752577320,0,0,0,0,0,1,NULL,standard_terms,usable_n_lt_30
f410c8873029fcc3809b9df6d0b28914,SP,caxias do sul,2,0,2,0.0000000000,0.0,0 / 2,0,0.0000000000,0.0,-7.5000,NULL,0,0,NULL,2,0,0.0000000000,2,0,0.0000000000,0,0.0000000000,289.80,327.10,0,0,below_floor,393,0.0780768749,0.07638571932468,0.0356083086,0.0666666667,0.1016949153,0.1428571429,0.1752577320,0,0,0,0,0,1,NULL,standard_terms,usable_n_lt_30
f7315bb81aea4ddca2d39e249a801c98,SP,guarulhos,2,0,2,0.0000000000,0.0,0 / 2,1,0.5000000000,50.0,-6.5000,NULL,0,0,NULL,2,0,0.0000000000,2,0,0.0000000000,0,0.0000000000,379.80,430.08,0,0,below_floor,393,0.0780768749,0.07638571932468,0.0356083086,0.0666666667,0.1016949153,0.1428571429,0.1752577320,0,0,0,0,0,1,NULL,standard_terms,usable_n_lt_30
f805b96fa705ba7995a221f1749dc141,PR,maringa,2,0,2,0.0000000000,0.0,0 / 2,0,0.0000000000,0.0,-15.0000,NULL,2,0,0.0000000000,0,0,NULL,2,0,0.0000000000,0,0.0000000000,188.45,230.72,0,0,below_floor,393,0.0780768749,0.07638571932468,0.0356083086,0.0666666667,0.1016949153,0.1428571429,0.1752577320,0,0,0,0,0,1,NULL,standard_terms,usable_n_lt_30
f9eedec3129e8cc6b6429c42d0808c5b,RJ,"rio de janeiro, rio de janeiro, brasil",2,0,2,0.0000000000,0.0,0 / 2,0,0.0000000000,0.0,-9.0000,NULL,0,0,NULL,2,0,0.0000000000,2,0,0.0000000000,0,0.0000000000,789.80,833.15,0,0,below_floor,393,0.0780768749,0.07638571932468,0.0356083086,0.0666666667,0.1016949153,0.1428571429,0.1752577320,0,0,0,0,0,1,NULL,standard_terms,usable_n_lt_30
fedf2c1386e137f296b3bbf3b635e69d,SP,sao paulo,2,0,2,0.0000000000,0.0,0 / 2,0,0.0000000000,0.0,-18.5000,NULL,1,0,0.0000000000,1,0,0.0000000000,2,0,0.0000000000,0,0.0000000000,131.74,210.90,0,0,below_floor,393,0.0780768749,0.07638571932468,0.0356083086,0.0666666667,0.1016949153,0.1428571429,0.1752577320,0,0,0,0,0,1,NULL,standard_terms,usable_n_lt_30
00d8b143d12632bad99c0ad66ad52825,MG,belo horizonte,1,0,1,0.0000000000,0.0,0 / 1,0,0.0000000000,0.0,-22.0000,NULL,1,0,0.0000000000,0,0,NULL,1,0,0.0000000000,0,0.0000000000,86.00,137.10,0,0,below_floor,393,0.0780768749,0.07638571932468,0.0356083086,0.0666666667,0.1016949153,0.1428571429,0.1752577320,0,0,0,0,0,1,NULL,standard_terms,usable_n_lt_30
010da0602d7774602cd1b3f5fb7b709e,SP,sao bernardo do campo,1,0,1,0.0000000000,0.0,0 / 1,0,0.0000000000,0.0,-10.0000,NULL,0,0,NULL,1,0,0.0000000000,1,0,0.0000000000,0,0.0000000000,849.50,1079.75,0,0,below_floor,393,0.0780768749,0.07638571932468,0.0356083086,0.0666666667,0.1016949153,0.1428571429,0.1752577320,0,0,0,0,0,1,NULL,standard_terms,usable_n_lt_30
04843805947f0fc584fc1969b6e50fe7,RS,ivoti,1,0,1,0.0000000000,0.0,0 / 1,1,1.0000000000,100.0,0.0000,NULL,0,0,NULL,1,0,0.0000000000,1,0,0.0000000000,0,0.0000000000,1400.00,1474.76,0,0,below_floor,393,0.0780768749,0.07638571932468,0.0356083086,0.0666666667,0.1016949153,0.1428571429,0.1752577320,0,0,0,0,0,1,NULL,standard_terms,usable_n_lt_30
04aa0a1c5ce6b222003403a3e11c3cc0,SP,cosmopolis,1,0,1,0.0000000000,0.0,0 / 1,0,0.0000000000,0.0,-5.0000,NULL,1,0,0.0000000000,0,0,NULL,1,0,0.0000000000,0,0.0000000000,109.00,207.02,0,0,below_floor,393,0.0780768749,0.07638571932468,0.0356083086,0.0666666667,0.1016949153,0.1428571429,0.1752577320,0,0,0,0,0,1,NULL,standard_terms,usable_n_lt_30
04ee0ec01589969663ba5967c0e0bdc0,RS,lajeado,1,0,1,0.0000000000,0.0,0 / 1,0,0.0000000000,0.0,-13.0000,NULL,0,0,NULL,1,0,0.0000000000,1,0,0.0000000000,0,0.0000000000,289.49,314.32,0,0,below_floor,393,0.0780768749,0.07638571932468,0.0356083086,0.0666666667,0.1016949153,0.1428571429,0.1752577320,0,0,0,0,0,1,NULL,standard_terms,usable_n_lt_30
05a48cc8859962767935ab9087417fbb,SP,sao paulo,1,0,1,0.0000000000,0.0,0 / 1,0,0.0000000000,0.0,-18.0000,NULL,0,0,NULL,1,0,0.0000000000,1,0,0.0000000000,0,0.0000000000,42.90,59.39,0,0,below_floor,393,0.0780768749,0.07638571932468,0.0356083086,0.0666666667,0.1016949153,0.1428571429,0.1752577320,0,0,0,0,0,1,NULL,standard_terms,usable_n_lt_30
05ca864204d09595ae591b93ea9cf93d,SP,barueri,1,0,1,0.0000000000,0.0,0 / 1,1,1.0000000000,100.0,0.0000,NULL,0,0,NULL,1,0,0.0000000000,1,0,0.0000000000,0,0.0000000000,179.90,188.42,0,0,below_floor,393,0.0780768749,0.07638571932468,0.0356083086,0.0666666667,0.1016949153,0.1428571429,0.1752577320,0,0,0,0,0,1,NULL,standard_terms,usable_n_lt_30
07017df32dc5f2f1d2801e579548d620,PB,joao pessoa,1,0,1,0.0000000000,0.0,0 / 1,0,0.0000000000,0.0,-21.0000,NULL,0,0,NULL,1,0,0.0000000000,1,0,0.0000000000,0,0.0000000000,149.00,172.76,0,0,below_floor,393,0.0780768749,0.07638571932468,0.0356083086,0.0666666667,0.1016949153,0.1428571429,0.1752577320,0,0,0,0,0,1,NULL,standard_terms,usable_n_lt_30
077c5fae4bea9500e3737b16f71b9d3a,SP,sorocaba,1,0,1,0.0000000000,0.0,0 / 1,0,0.0000000000,0.0,-14.0000,NULL,0,0,NULL,1,0,0.0000000000,1,0,0.0000000000,0,0.0000000000,86.40,122.19,0,0,below_floor,393,0.0780768749,0.07638571932468,0.0356083086,0.0666666667,0.1016949153,0.1428571429,0.1752577320,0,0,0,0,0,1,NULL,standard_terms,usable_n_lt_30
08d1c9478fb0d7d7fcac9c0da4e82fc7,MG,belo horizonte,1,0,1,0.0000000000,0.0,0 / 1,0,0.0000000000,0.0,-13.0000,NULL,0,0,NULL,1,0,0.0000000000,1,0,0.0000000000,0,0.0000000000,538.00,605.57,0,0,below_floor,393,0.0780768749,0.07638571932468,0.0356083086,0.0666666667,0.1016949153,0.1428571429,0.1752577320,0,0,0,0,0,1,NULL,standard_terms,usable_n_lt_30
091065b789659bc3cd9af9cb3a6253ff,RS,canoas,1,0,1,0.0000000000,0.0,0 / 1,0,0.0000000000,0.0,-13.0000,NULL,1,0,0.0000000000,0,0,NULL,1,0,0.0000000000,0,0.0000000000,669.00,734.14,0,0,below_floor,393,0.0780768749,0.07638571932468,0.0356083086,0.0666666667,0.1016949153,0.1428571429,0.1752577320,0,0,0,0,0,1,NULL,standard_terms,usable_n_lt_30
0a198e95d32b1be2da9424c962a6ebfa,MG,contagem,1,0,1,0.0000000000,0.0,0 / 1,0,0.0000000000,0.0,-4.0000,NULL,0,0,NULL,1,0,0.0000000000,1,0,0.0000000000,0,0.0000000000,69.99,86.67,0,0,below_floor,393,0.0780768749,0.07638571932468,0.0356083086,0.0666666667,0.1016949153,0.1428571429,0.1752577320,0,0,0,0,0,1,NULL,standard_terms,usable_n_lt_30
0ad80de75c811326389cfb1daba7d45e,RJ,rio de janeiro,1,0,1,0.0000000000,0.0,0 / 1,0,0.0000000000,0.0,-21.0000,NULL,1,0,0.0000000000,0,0,NULL,1,0,0.0000000000,0,0.0000000000,229.90,252.00,0,0,below_floor,393,0.0780768749,0.07638571932468,0.0356083086,0.0666666667,0.1016949153,0.1428571429,0.1752577320,0,0,0,0,0,1,NULL,standard_terms,usable_n_lt_30
0ade5cc4a305ed7093a23f68ca47519c,PR,curitiba,1,0,1,0.0000000000,0.0,0 / 1,0,0.0000000000,0.0,-22.0000,NULL,1,0,0.0000000000,0,0,NULL,1,0,0.0000000000,0,0.0000000000,78.99,95.98,0,0,below_floor,393,0.0780768749,0.07638571932468,0.0356083086,0.0666666667,0.1016949153,0.1428571429,0.1752577320,0,0,0,0,0,1,NULL,standard_terms,usable_n_lt_30
0af2ab31141893d26aca5a404a537dab,SP,sao paulo,1,0,1,0.0000000000,0.0,0 / 1,0,0.0000000000,0.0,-6.0000,NULL,0,0,NULL,1,0,0.0000000000,1,0,0.0000000000,0,0.0000000000,59.00,74.51,0,0,below_floor,393,0.0780768749,0.07638571932468,0.0356083086,0.0666666667,0.1016949153,0.1428571429,0.1752577320,0,0,0,0,0,1,NULL,standard_terms,usable_n_lt_30
0b1ca3ef18a63d7eb0c8897fa0849c08,SP,sao roque,1,0,1,0.0000000000,0.0,0 / 1,0,0.0000000000,0.0,-6.0000,NULL,1,0,0.0000000000,0,0,NULL,1,0,0.0000000000,0,0.0000000000,55.00,62.87,0,0,below_floor,393,0.0780768749,0.07638571932468,0.0356083086,0.0666666667,0.1016949153,0.1428571429,0.1752577320,0,0,0,0,0,1,NULL,standard_terms,usable_n_lt_30
0bfd0b434243adc5c2e1aa6baf19c6aa,RJ,rio de janeiro,1,0,1,0.0000000000,0.0,0 / 1,0,0.0000000000,0.0,-13.0000,NULL,1,0,0.0000000000,0,0,NULL,1,0,0.0000000000,0,0.0000000000,84.90,92.91,0,0,below_floor,393,0.0780768749,0.07638571932468,0.0356083086,0.0666666667,0.1016949153,0.1428571429,0.1752577320,0,0,0,0,0,1,NULL,standard_terms,usable_n_lt_30
0e44d110fa6a54e121cb2c095a77762f,SP,francisco morato,1,0,1,0.0000000000,0.0,0 / 1,0,0.0000000000,0.0,-12.0000,NULL,0,0,NULL,1,0,0.0000000000,1,0,0.0000000000,0,0.0000000000,34.08,42.48,0,0,below_floor,393,0.0780768749,0.07638571932468,0.0356083086,0.0666666667,0.1016949153,0.1428571429,0.1752577320,0,0,0,0,0,1,NULL,standard_terms,usable_n_lt_30
0f80a40c312b2472dca482cf50f5186f,SP,lencois paulista,1,0,1,0.0000000000,0.0,0 / 1,0,0.0000000000,0.0,-17.0000,NULL,0,0,NULL,1,0,0.0000000000,1,0,0.0000000000,0,0.0000000000,129.90,150.00,0,0,below_floor,393,0.0780768749,0.07638571932468,0.0356083086,0.0666666667,0.1016949153,0.1428571429,0.1752577320,0,0,0,0,0,1,NULL,standard_terms,usable_n_lt_30
119c7f1a00ef43fad0e57604e76a747c,SP,sao paulo,1,0,1,0.0000000000,0.0,0 / 1,0,0.0000000000,0.0,-4.0000,NULL,1,0,0.0000000000,0,0,NULL,1,0,0.0000000000,0,0.0000000000,39.90,47.68,0,0,below_floor,393,0.0780768749,0.07638571932468,0.0356083086,0.0666666667,0.1016949153,0.1428571429,0.1752577320,0,0,0,0,0,1,NULL,standard_terms,usable_n_lt_30
12c2ed9cded6138cf0c75f525f565fc7,SP,praia grande,1,0,1,0.0000000000,0.0,0 / 1,0,0.0000000000,0.0,-11.0000,NULL,0,0,NULL,1,0,0.0000000000,0,0,NULL,1,1.0000000000,99.99,113.28,0,0,below_floor,393,0.0780768749,0.07638571932468,0.0356083086,0.0666666667,0.1016949153,0.1428571429,0.1752577320,0,0,0,0,0,1,NULL,standard_terms,usable_n_lt_30
134b867a0f7f8bbe6abf10f91874891e,SP,valinhos,1,0,1,0.0000000000,0.0,0 / 1,0,0.0000000000,0.0,-19.0000,NULL,1,0,0.0000000000,0,0,NULL,1,0,0.0000000000,0,0.0000000000,789.89,922.84,0,0,below_floor,393,0.0780768749,0.07638571932468,0.0356083086,0.0666666667,0.1016949153,0.1428571429,0.1752577320,0,0,0,0,0,1,NULL,standard_terms,usable_n_lt_30
1444c08e64d55fb3c25f0f09c07ffcf2,BA,lauro de freitas,1,0,1,0.0000000000,0.0,0 / 1,0,0.0000000000,0.0,-22.0000,NULL,1,0,0.0000000000,0,0,NULL,1,0,0.0000000000,0,0.0000000000,2749.00,2818.74,0,0,below_floor,393,0.0780768749,0.07638571932468,0.0356083086,0.0666666667,0.1016949153,0.1428571429,0.1752577320,0,0,0,0,0,1,NULL,standard_terms,usable_n_lt_30
164a5a8794e6d42e14f55e447b12a3bc,PR,guaira,1,0,1,0.0000000000,0.0,0 / 1,0,0.0000000000,0.0,-19.0000,NULL,0,0,NULL,1,0,0.0000000000,1,0,0.0000000000,0,0.0000000000,73.99,136.76,0,0,below_floor,393,0.0780768749,0.07638571932468,0.0356083086,0.0666666667,0.1016949153,0.1428571429,0.1752577320,0,0,0,0,0,1,NULL,standard_terms,usable_n_lt_30
16bdc8cefd0e32a6f0824d296c5ad14a,SP,sp,1,0,1,0.0000000000,0.0,0 / 1,0,0.0000000000,0.0,-12.0000,NULL,1,0,0.0000000000,0,0,NULL,1,0,0.0000000000,0,0.0000000000,41.76,61.08,0,0,below_floor,393,0.0780768749,0.07638571932468,0.0356083086,0.0666666667,0.1016949153,0.1428571429,0.1752577320,0,0,0,0,0,1,NULL,standard_terms,usable_n_lt_30
1703bc09972dab9782e7a9194943b69f,MG,minas gerais,1,0,1,0.0000000000,0.0,0 / 1,0,0.0000000000,0.0,-18.0000,NULL,0,0,NULL,1,0,0.0000000000,1,0,0.0000000000,0,0.0000000000,249.90,356.11,0,0,below_floor,393,0.0780768749,0.07638571932468,0.0356083086,0.0666666667,0.1016949153,0.1428571429,0.1752577320,0,0,0,0,0,1,NULL,standard_terms,usable_n_lt_30
17998cf586426bf0f2c3726cb0a4b211,MG,belo horizonte,1,0,1,0.0000000000,0.0,0 / 1,0,0.0000000000,0.0,-19.0000,NULL,1,0,0.0000000000,0,0,NULL,0,0,NULL,1,1.0000000000,49.90,74.47,0,0,below_floor,393,0.0780768749,0.07638571932468,0.0356083086,0.0666666667,0.1016949153,0.1428571429,0.1752577320,0,0,0,0,0,1,NULL,standard_terms,usable_n_lt_30
191d55f7edb8524d525ed01b20fe32e8,DF,brasilia,1,0,1,0.0000000000,0.0,0 / 1,0,0.0000000000,0.0,-11.0000,NULL,1,0,0.0000000000,0,0,NULL,1,0,0.0000000000,0,0.0000000000,249.00,266.18,0,0,below_floor,393,0.0780768749,0.07638571932468,0.0356083086,0.0666666667,0.1016949153,0.1428571429,0.1752577320,0,0,0,0,0,1,NULL,standard_terms,usable_n_lt_30
1927cdb9fa74f5270097f6250e8e8f34,SP,marilia,1,0,1,0.0000000000,0.0,0 / 1,0,0.0000000000,0.0,NULL,NULL,0,0,NULL,1,0,0.0000000000,1,0,0.0000000000,0,0.0000000000,120.00,178.92,1,0,below_floor,393,0.0780768749,0.07638571932468,0.0356083086,0.0666666667,0.1016949153,0.1428571429,0.1752577320,0,0,0,0,0,1,NULL,standard_terms,usable_n_lt_30
19d62d484cba71963c93f0f00ab42013,SC,gaspar,1,0,1,0.0000000000,0.0,0 / 1,0,0.0000000000,0.0,-8.0000,NULL,1,0,0.0000000000,0,0,NULL,1,0,0.0000000000,0,0.0000000000,139.90,162.59,0,0,below_floor,393,0.0780768749,0.07638571932468,0.0356083086,0.0666666667,0.1016949153,0.1428571429,0.1752577320,0,0,0,0,0,1,NULL,standard_terms,usable_n_lt_30
1a8e2d9c38b84a9702ac7922924b0573,SC,araquari,1,0,1,0.0000000000,0.0,0 / 1,0,0.0000000000,0.0,-15.0000,NULL,1,0,0.0000000000,0,0,NULL,1,0,0.0000000000,0,0.0000000000,80.00,97.00,0,0,below_floor,393,0.0780768749,0.07638571932468,0.0356083086,0.0666666667,0.1016949153,0.1428571429,0.1752577320,0,0,0,0,0,1,NULL,standard_terms,usable_n_lt_30
1b0b0f4f95e962d6f32fe90c759d0479,SP,sao paulo,1,0,1,0.0000000000,0.0,0 / 1,0,0.0000000000,0.0,-7.0000,NULL,0,0,NULL,1,0,0.0000000000,1,0,0.0000000000,0,0.0000000000,69.90,85.49,0,0,below_floor,393,0.0780768749,0.07638571932468,0.0356083086,0.0666666667,0.1016949153,0.1428571429,0.1752577320,0,0,0,0,0,1,NULL,standard_terms,usable_n_lt_30
1c742ac33582852aaf3bcfbf5893abcf,MG,belo horizonte,1,0,1,0.0000000000,0.0,0 / 1,0,0.0000000000,0.0,-20.0000,NULL,0,0,NULL,1,0,0.0000000000,1,0,0.0000000000,0,0.0000000000,97.90,113.69,0,0,below_floor,393,0.0780768749,0.07638571932468,0.0356083086,0.0666666667,0.1016949153,0.1428571429,0.1752577320,0,0,0,0,0,1,NULL,standard_terms,usable_n_lt_30
1cbcd2ee0afb3fc09963b87eb65e7e4f,PR,curitiba,1,0,1,0.0000000000,0.0,0 / 1,0,0.0000000000,0.0,-13.0000,NULL,0,0,NULL,1,0,0.0000000000,1,0,0.0000000000,0,0.0000000000,90.00,130.65,0,0,below_floor,393,0.0780768749,0.07638571932468,0.0356083086,0.0666666667,0.1016949153,0.1428571429,0.1752577320,0,0,0,0,0,1,NULL,standard_terms,usable_n_lt_30
1d953075c2f0dd990bacf27b83b330f1,MG,belo horizonte,1,0,1,0.0000000000,0.0,0 / 1,0,0.0000000000,0.0,-24.0000,NULL,0,0,NULL,1,0,0.0000000000,1,0,0.0000000000,0,0.0000000000,59.00,78.32,0,0,below_floor,393,0.0780768749,0.07638571932468,0.0356083086,0.0666666667,0.1016949153,0.1428571429,0.1752577320,0,0,0,0,0,1,NULL,standard_terms,usable_n_lt_30
1f7dfad2cb384ea4d2d7e1ffbd78c407,SP,sao paulo,1,0,1,0.0000000000,0.0,0 / 1,0,0.0000000000,0.0,-4.0000,NULL,0,0,NULL,1,0,0.0000000000,1,0,0.0000000000,0,0.0000000000,49.00,57.29,0,0,below_floor,393,0.0780768749,0.07638571932468,0.0356083086,0.0666666667,0.1016949153,0.1428571429,0.1752577320,0,0,0,0,0,1,NULL,standard_terms,usable_n_lt_30
1f7fd2a6fcd5a6fa5d8a4dabc72aaae0,RS,venancio aires,1,0,1,0.0000000000,0.0,0 / 1,0,0.0000000000,0.0,-21.0000,NULL,0,0,NULL,1,0,0.0000000000,1,0,0.0000000000,0,0.0000000000,215.00,251.64,0,0,below_floor,393,0.0780768749,0.07638571932468,0.0356083086,0.0666666667,0.1016949153,0.1428571429,0.1752577320,0,0,0,0,0,1,NULL,standard_terms,usable_n_lt_30
1fa2d3def6adfa70e58c276bb64fe5bb,SP,sao paulo,1,0,1,0.0000000000,0.0,0 / 1,0,0.0000000000,0.0,NULL,NULL,0,0,NULL,1,0,0.0000000000,0,0,NULL,1,1.0000000000,6.90,15.90,1,0,below_floor,393,0.0780768749,0.07638571932468,0.0356083086,0.0666666667,0.1016949153,0.1428571429,0.1752577320,0,0,0,0,0,1,NULL,standard_terms,usable_n_lt_30
2039c5e51785b5dde7cf93ccb3b7be2c,SP,guaira,1,0,1,0.0000000000,0.0,0 / 1,0,0.0000000000,0.0,-8.0000,NULL,0,0,NULL,1,0,0.0000000000,1,0,0.0000000000,0,0.0000000000,159.90,173.68,0,0,below_floor,393,0.0780768749,0.07638571932468,0.0356083086,0.0666666667,0.1016949153,0.1428571429,0.1752577320,0,0,0,0,0,1,NULL,standard_terms,usable_n_lt_30
204b4e07bddef3c9b317f70189135b22,MG,borda da mata,1,0,1,0.0000000000,0.0,0 / 1,0,0.0000000000,0.0,-11.0000,NULL,0,0,NULL,1,0,0.0000000000,0,0,NULL,1,1.0000000000,73.40,88.13,0,0,below_floor,393,0.0780768749,0.07638571932468,0.0356083086,0.0666666667,0.1016949153,0.1428571429,0.1752577320,0,0,0,0,0,1,NULL,standard_terms,usable_n_lt_30
247587846358bb1d2e4c6522020b36fe,SP,sao jose do rio preto,1,0,1,0.0000000000,0.0,0 / 1,0,0.0000000000,0.0,-13.0000,NULL,0,0,NULL,1,0,0.0000000000,1,0,0.0000000000,0,0.0000000000,99.00,121.51,0,0,below_floor,393,0.0780768749,0.07638571932468,0.0356083086,0.0666666667,0.1016949153,0.1428571429,0.1752577320,0,0,0,0,0,1,NULL,standard_terms,usable_n_lt_30
252e76235acb79183cfca6e34f13337d,SP,campinas,1,0,1,0.0000000000,0.0,0 / 1,0,0.0000000000,0.0,-23.0000,NULL,0,0,NULL,1,0,0.0000000000,1,0,0.0000000000,0,0.0000000000,57.20,70.04,0,0,below_floor,393,0.0780768749,0.07638571932468,0.0356083086,0.0666666667,0.1016949153,0.1428571429,0.1752577320,0,0,0,0,0,1,NULL,standard_terms,usable_n_lt_30
253c025bab43881055aeecde5e2d8b77,PR,curitiba,1,0,1,0.0000000000,0.0,0 / 1,0,0.0000000000,0.0,-15.0000,NULL,0,0,NULL,1,0,0.0000000000,1,0,0.0000000000,0,0.0000000000,44.92,60.33,0,0,below_floor,393,0.0780768749,0.07638571932468,0.0356083086,0.0666666667,0.1016949153,0.1428571429,0.1752577320,0,0,0,0,0,1,NULL,standard_terms,usable_n_lt_30
258447aad3f7b01e2643c89f64dc5647,PR,cianorte,1,0,1,0.0000000000,0.0,0 / 1,0,0.0000000000,0.0,-12.0000,NULL,0,0,NULL,1,0,0.0000000000,1,0,0.0000000000,0,0.0000000000,51.90,71.45,0,0,below_floor,393,0.0780768749,0.07638571932468,0.0356083086,0.0666666667,0.1016949153,0.1428571429,0.1752577320,0,0,0,0,0,1,NULL,standard_terms,usable_n_lt_30
25debeafbce801fdd479539350185eee,SP,igaracu do tiete,1,0,1,0.0000000000,0.0,0 / 1,0,0.0000000000,0.0,-13.0000,NULL,1,0,0.0000000000,0,0,NULL,0,0,NULL,1,1.0000000000,64.99,83.11,0,0,below_floor,393,0.0780768749,0.07638571932468,0.0356083086,0.0666666667,0.1016949153,0.1428571429,0.1752577320,0,0,0,0,0,1,NULL,standard_terms,usable_n_lt_30
265fdc289dffa9f1ad801c74f7d0de47,SP,jaci,1,0,1,0.0000000000,0.0,0 / 1,0,0.0000000000,0.0,-8.0000,NULL,0,0,NULL,1,0,0.0000000000,1,0,0.0000000000,0,0.0000000000,495.00,546.55,0,0,below_floor,393,0.0780768749,0.07638571932468,0.0356083086,0.0666666667,0.1016949153,0.1428571429,0.1752577320,0,0,0,0,0,1,NULL,standard_terms,usable_n_lt_30
26e2e5033827d2ba53929f43e03d8ffe,SP,sao paulo,1,0,1,0.0000000000,0.0,0 / 1,0,0.0000000000,0.0,-14.0000,NULL,0,0,NULL,1,0,0.0000000000,1,0,0.0000000000,0,0.0000000000,139.49,154.78,0,0,below_floor,393,0.0780768749,0.07638571932468,0.0356083086,0.0666666667,0.1016949153,0.1428571429,0.1752577320,0,0,0,0,0,1,NULL,standard_terms,usable_n_lt_30
270572bb714b00531be85e16e1550f26,SP,maua,1,0,1,0.0000000000,0.0,0 / 1,0,0.0000000000,0.0,-16.0000,NULL,0,0,NULL,1,0,0.0000000000,1,0,0.0000000000,0,0.0000000000,96.99,111.76,0,0,below_floor,393,0.0780768749,0.07638571932468,0.0356083086,0.0666666667,0.1016949153,0.1428571429,0.1752577320,0,0,0,0,0,1,NULL,standard_terms,usable_n_lt_30
28872dc528e978a639754bc8c2ce5a4c,RS,caxias do sul,1,0,1,0.0000000000,0.0,0 / 1,0,0.0000000000,0.0,-31.0000,NULL,0,0,NULL,1,0,0.0000000000,1,0,0.0000000000,0,0.0000000000,1009.90,1038.90,0,0,below_floor,393,0.0780768749,0.07638571932468,0.0356083086,0.0666666667,0.1016949153,0.1428571429,0.1752577320,0,0,0,0,0,1,NULL,standard_terms,usable_n_lt_30
28a26ebce31d5918b181ede016fd693b,MG,belo horizonte,1,0,1,0.0000000000,0.0,0 / 1,0,0.0000000000,0.0,-10.0000,NULL,0,0,NULL,1,0,0.0000000000,1,0,0.0000000000,0,0.0000000000,29.90,47.04,0,0,below_floor,393,0.0780768749,0.07638571932468,0.0356083086,0.0666666667,0.1016949153,0.1428571429,0.1752577320,0,0,0,0,0,1,NULL,standard_terms,usable_n_lt_30
28ea411b354f14b1a494be4e79f0ce02,SP,sao paulo,1,0,1,0.0000000000,0.0,0 / 1,1,1.0000000000,100.0,0.0000,NULL,1,0,0.0000000000,0,0,NULL,1,0,0.0000000000,0,0.0000000000,135.00,147.45,0,0,below_floor,393,0.0780768749,0.07638571932468,0.0356083086,0.0666666667,0.1016949153,0.1428571429,0.1752577320,0,0,0,0,0,1,NULL,standard_terms,usable_n_lt_30
299c89a525fee36c567f4fe72f038100,CE,varzea alegre,1,0,1,0.0000000000,0.0,0 / 1,0,0.0000000000,0.0,-5.0000,NULL,0,0,NULL,1,0,0.0000000000,1,0,0.0000000000,0,0.0000000000,189.00,242.67,0,0,below_floor,393,0.0780768749,0.07638571932468,0.0356083086,0.0666666667,0.1016949153,0.1428571429,0.1752577320,0,0,0,0,0,1,NULL,standard_terms,usable_n_lt_30
29c322e3f09f886f8bacbe91dfbd979e,RS,santa maria,1,0,1,0.0000000000,0.0,0 / 1,0,0.0000000000,0.0,-20.0000,NULL,0,0,NULL,1,0,0.0000000000,0,0,NULL,1,1.0000000000,48.98,105.57,0,0,below_floor,393,0.0780768749,0.07638571932468,0.0356083086,0.0666666667,0.1016949153,0.1428571429,0.1752577320,0,0,0,0,0,1,NULL,standard_terms,usable_n_lt_30
2a73cba571d90c694b7caca072ccf6ce,SP,sao caetano do sul,1,0,1,0.0000000000,0.0,0 / 1,1,1.0000000000,100.0,0.0000,NULL,0,0,NULL,1,0,0.0000000000,1,0,0.0000000000,0,0.0000000000,342.78,381.48,0,0,below_floor,393,0.0780768749,0.07638571932468,0.0356083086,0.0666666667,0.1016949153,0.1428571429,0.1752577320,0,0,0,0,0,1,NULL,standard_terms,usable_n_lt_30
2b402d5dc42554061f8ea98d1916f148,BA,irece,1,0,1,0.0000000000,0.0,0 / 1,0,0.0000000000,0.0,-25.0000,NULL,1,0,0.0000000000,0,0,NULL,1,0,0.0000000000,0,0.0000000000,299.89,363.79,0,0,below_floor,393,0.0780768749,0.07638571932468,0.0356083086,0.0666666667,0.1016949153,0.1428571429,0.1752577320,0,0,0,0,0,1,NULL,standard_terms,usable_n_lt_30
2be17df1c49978426251562096c3cc09,SC,tubarao,1,0,1,0.0000000000,0.0,0 / 1,0,0.0000000000,0.0,-21.0000,NULL,0,0,NULL,1,0,0.0000000000,1,0,0.0000000000,0,0.0000000000,132.90,155.76,0,0,below_floor,393,0.0780768749,0.07638571932468,0.0356083086,0.0666666667,0.1016949153,0.1428571429,0.1752577320,0,0,0,0,0,1,NULL,standard_terms,usable_n_lt_30
2c00c85d30361cd2ced2969cffbbffa3,MG,belo horizonte,1,0,1,0.0000000000,0.0,0 / 1,0,0.0000000000,0.0,-8.0000,NULL,1,0,0.0000000000,0,0,NULL,1,0,0.0000000000,0,0.0000000000,49.80,57.51,0,0,below_floor,393,0.0780768749,0.07638571932468,0.0356083086,0.0666666667,0.1016949153,0.1428571429,0.1752577320,0,0,0,0,0,1,NULL,standard_terms,usable_n_lt_30
2c2c9832d1bb38c5b0034a3b47d313ee,RS,santa maria,1,0,1,0.0000000000,0.0,0 / 1,0,0.0000000000,0.0,-14.0000,NULL,0,0,NULL,1,0,0.0000000000,1,0,0.0000000000,0,0.0000000000,49.90,68.35,0,0,below_floor,393,0.0780768749,0.07638571932468,0.0356083086,0.0666666667,0.1016949153,0.1428571429,0.1752577320,0,0,0,0,0,1,NULL,standard_terms,usable_n_lt_30
2c538755f1ca9540af144f266e70df6c,MG,castro pires,1,0,1,0.0000000000,0.0,0 / 1,0,0.0000000000,0.0,-17.0000,NULL,0,0,NULL,1,0,0.0000000000,1,0,0.0000000000,0,0.0000000000,334.99,359.91,0,0,below_floor,393,0.0780768749,0.07638571932468,0.0356083086,0.0666666667,0.1016949153,0.1428571429,0.1752577320,0,0,0,0,0,1,NULL,standard_terms,usable_n_lt_30
2c54051840f19eca309a5423cf22df36,PR,curitiba,1,0,1,0.0000000000,0.0,0 / 1,0,0.0000000000,0.0,-7.0000,NULL,1,0,0.0000000000,0,0,NULL,1,0,0.0000000000,0,0.0000000000,12.35,25.82,0,0,below_floor,393,0.0780768749,0.07638571932468,0.0356083086,0.0666666667,0.1016949153,0.1428571429,0.1752577320,0,0,0,0,0,1,NULL,standard_terms,usable_n_lt_30
2c9005d8043aff18b8557ffb7b13cda4,ES,cachoeiro de itapemirim,1,0,1,0.0000000000,0.0,0 / 1,0,0.0000000000,0.0,-8.0000,NULL,0,0,NULL,1,0,0.0000000000,1,0,0.0000000000,0,0.0000000000,109.90,129.64,0,0,below_floor,393,0.0780768749,0.07638571932468,0.0356083086,0.0666666667,0.1016949153,0.1428571429,0.1752577320,0,0,0,0,0,1,NULL,standard_terms,usable_n_lt_30
2cb98e27ce1c18abdb42209b34c382a7,SP,ribeirao preto,1,0,1,0.0000000000,0.0,0 / 1,0,0.0000000000,0.0,-16.0000,NULL,0,0,NULL,1,0,0.0000000000,1,0,0.0000000000,0,0.0000000000,62.49,119.70,0,0,below_floor,393,0.0780768749,0.07638571932468,0.0356083086,0.0666666667,0.1016949153,0.1428571429,0.1752577320,0,0,0,0,0,1,NULL,standard_terms,usable_n_lt_30
2d20f1cd18725c91147da0791d498022,PR,londrina,1,0,1,0.0000000000,0.0,0 / 1,0,0.0000000000,0.0,-8.0000,NULL,0,0,NULL,1,0,0.0000000000,1,0,0.0000000000,0,0.0000000000,99.80,119.69,0,0,below_floor,393,0.0780768749,0.07638571932468,0.0356083086,0.0666666667,0.1016949153,0.1428571429,0.1752577320,0,0,0,0,0,1,NULL,standard_terms,usable_n_lt_30
2d34636518ba88f5349b732fcf8ba2e4,SP,sao paulo,1,0,1,0.0000000000,0.0,0 / 1,0,0.0000000000,0.0,-28.0000,NULL,1,0,0.0000000000,0,0,NULL,1,0,0.0000000000,0,0.0000000000,150.00,168.63,0,0,below_floor,393,0.0780768749,0.07638571932468,0.0356083086,0.0666666667,0.1016949153,0.1428571429,0.1752577320,0,0,0,0,0,1,NULL,standard_terms,usable_n_lt_30
2e2f44824ab87a0cb961f68bf4073e7f,PR,curitiba,1,0,1,0.0000000000,0.0,0 / 1,0,0.0000000000,0.0,-10.0000,NULL,1,0,0.0000000000,0,0,NULL,1,0,0.0000000000,0,0.0000000000,48.00,65.93,0,0,below_floor,393,0.0780768749,0.07638571932468,0.0356083086,0.0666666667,0.1016949153,0.1428571429,0.1752577320,0,0,0,0,0,1,NULL,standard_terms,usable_n_lt_30
2ef086a599b597572aca4433b7ed6b3d,SC,jaragua do sul,1,0,1,0.0000000000,0.0,0 / 1,0,0.0000000000,0.0,-15.0000,NULL,1,0,0.0000000000,0,0,NULL,1,0,0.0000000000,0,0.0000000000,49.00,64.10,0,0,below_floor,393,0.0780768749,0.07638571932468,0.0356083086,0.0666666667,0.1016949153,0.1428571429,0.1752577320,0,0,0,0,0,1,NULL,standard_terms,usable_n_lt_30
2f73e04d12cdf0c945ded66bb3fcf6c7,ES,cachoeiro de itapemirim,1,0,1,0.0000000000,0.0,0 / 1,0,0.0000000000,0.0,-15.0000,NULL,0,0,NULL,1,0,0.0000000000,1,0,0.0000000000,0,0.0000000000,379.00,422.63,0,0,below_floor,393,0.0780768749,0.07638571932468,0.0356083086,0.0666666667,0.1016949153,0.1428571429,0.1752577320,0,0,0,0,0,1,NULL,standard_terms,usable_n_lt_30
2fb25ab44bdbeae6a4d816e0d0c9d500,RJ,volta redonda,1,0,1,0.0000000000,0.0,0 / 1,0,0.0000000000,0.0,-30.0000,NULL,0,0,NULL,1,0,0.0000000000,1,0,0.0000000000,0,0.0000000000,387.10,412.96,0,0,below_floor,393,0.0780768749,0.07638571932468,0.0356083086,0.0666666667,0.1016949153,0.1428571429,0.1752577320,0,0,0,0,0,1,NULL,standard_terms,usable_n_lt_30
31e60bf8d103ce47932a85f5562deb16,GO,goiania,1,0,1,0.0000000000,0.0,0 / 1,0,0.0000000000,0.0,-20.0000,NULL,0,0,NULL,1,0,0.0000000000,1,0,0.0000000000,0,0.0000000000,181.00,239.04,0,0,below_floor,393,0.0780768749,0.07638571932468,0.0356083086,0.0666666667,0.1016949153,0.1428571429,0.1752577320,0,0,0,0,0,1,NULL,standard_terms,usable_n_lt_30
3289d8c3eef4873f91ce0b1343c0dd58,SP,praia grande,1,0,1,0.0000000000,0.0,0 / 1,0,0.0000000000,0.0,-20.0000,NULL,0,0,NULL,1,0,0.0000000000,1,0,0.0000000000,0,0.0000000000,199.99,219.27,0,0,below_floor,393,0.0780768749,0.07638571932468,0.0356083086,0.0666666667,0.1016949153,0.1428571429,0.1752577320,0,0,0,0,0,1,NULL,standard_terms,usable_n_lt_30
3296662b1331dea51e744505065ae889,SP,catanduva,1,0,1,0.0000000000,0.0,0 / 1,0,0.0000000000,0.0,-11.0000,NULL,0,0,NULL,1,0,0.0000000000,1,0,0.0000000000,0,0.0000000000,517.80,545.51,0,0,below_floor,393,0.0780768749,0.07638571932468,0.0356083086,0.0666666667,0.1016949153,0.1428571429,0.1752577320,0,0,0,0,0,1,NULL,standard_terms,usable_n_lt_30
33fd411ed63a7c2f9005e3f065d9f85d,RS,condor,1,0,1,0.0000000000,0.0,0 / 1,0,0.0000000000,0.0,-25.0000,NULL,1,0,0.0000000000,0,0,NULL,1,0,0.0000000000,0,0.0000000000,24.90,43.13,0,0,below_floor,393,0.0780768749,0.07638571932468,0.0356083086,0.0666666667,0.1016949153,0.1428571429,0.1752577320,0,0,0,0,0,1,NULL,standard_terms,usable_n_lt_30
3442033154be05bac582e173ef54fd12,SP,sao paulo,1,0,1,0.0000000000,0.0,0 / 1,0,0.0000000000,0.0,-3.0000,NULL,0,0,NULL,1,0,0.0000000000,1,0,0.0000000000,0,0.0000000000,161.00,169.39,0,0,below_floor,393,0.0780768749,0.07638571932468,0.0356083086,0.0666666667,0.1016949153,0.1428571429,0.1752577320,0,0,0,0,0,1,NULL,standard_terms,usable_n_lt_30
344223b2a90784f64136a8a5da012e7f,SC,gaspar,1,0,1,0.0000000000,0.0,0 / 1,1,1.0000000000,100.0,0.0000,NULL,1,0,0.0000000000,0,0,NULL,1,0,0.0000000000,0,0.0000000000,10.90,27.69,0,0,below_floor,393,0.0780768749,0.07638571932468,0.0356083086,0.0666666667,0.1016949153,0.1428571429,0.1752577320,0,0,0,0,0,1,NULL,standard_terms,usable_n_lt_30
35281d148dcf7134bae913c57db4e6da,SP,sao paulo,1,0,1,0.0000000000,0.0,0 / 1,0,0.0000000000,0.0,-22.0000,NULL,0,0,NULL,1,0,0.0000000000,1,0,0.0000000000,0,0.0000000000,119.99,137.02,0,0,below_floor,393,0.0780768749,0.07638571932468,0.0356083086,0.0666666667,0.1016949153,0.1428571429,0.1752577320,0,0,0,0,0,1,NULL,standard_terms,usable_n_lt_30
35857757f553273b1056c1cabdace7fb,SP,ribeirao preto,1,0,1,0.0000000000,0.0,0 / 1,1,1.0000000000,100.0,0.0000,NULL,1,0,0.0000000000,0,0,NULL,1,0,0.0000000000,0,0.0000000000,54.90,81.36,0,0,below_floor,393,0.0780768749,0.07638571932468,0.0356083086,0.0666666667,0.1016949153,0.1428571429,0.1752577320,0,0,0,0,0,1,NULL,standard_terms,usable_n_lt_30
376d67b61dce0c990155286e7ae486a4,SP,sao paulo,1,0,1,0.0000000000,0.0,0 / 1,0,0.0000000000,0.0,-5.0000,NULL,1,0,0.0000000000,0,0,NULL,1,0,0.0000000000,0,0.0000000000,94.00,111.91,0,0,below_floor,393,0.0780768749,0.07638571932468,0.0356083086,0.0666666667,0.1016949153,0.1428571429,0.1752577320,0,0,0,0,0,1,NULL,standard_terms,usable_n_lt_30
377bc18334c78dd2f1535ef22a3ad225,PR,sao jose dos pinhais,1,0,1,0.0000000000,0.0,0 / 1,0,0.0000000000,0.0,-13.0000,NULL,0,0,NULL,1,0,0.0000000000,1,0,0.0000000000,0,0.0000000000,135.98,224.44,0,0,below_floor,393,0.0780768749,0.07638571932468,0.0356083086,0.0666666667,0.1016949153,0.1428571429,0.1752577320,0,0,0,0,0,1,NULL,standard_terms,usable_n_lt_30
38102b031c2a15e54623d711bfc753d3,CE,mucambo,1,0,1,0.0000000000,0.0,0 / 1,0,0.0000000000,0.0,-12.0000,NULL,1,0,0.0000000000,0,0,NULL,0,0,NULL,1,1.0000000000,30.00,61.64,0,0,below_floor,393,0.0780768749,0.07638571932468,0.0356083086,0.0666666667,0.1016949153,0.1428571429,0.1752577320,0,0,0,0,0,1,NULL,standard_terms,usable_n_lt_30
389e45560e33d2d0747f949dcddbc08e,SP,sao jose dos campos,1,0,1,0.0000000000,0.0,0 / 1,0,0.0000000000,0.0,-7.0000,NULL,0,0,NULL,1,0,0.0000000000,1,0,0.0000000000,0,0.0000000000,39.00,47.43,0,0,below_floor,393,0.0780768749,0.07638571932468,0.0356083086,0.0666666667,0.1016949153,0.1428571429,0.1752577320,0,0,0,0,0,1,NULL,standard_terms,usable_n_lt_30
392e0502231ae2f8b29994ef6398cd77,SP,cerqueira cesar,1,0,1,0.0000000000,0.0,0 / 1,0,0.0000000000,0.0,-18.0000,NULL,1,0,0.0000000000,0,0,NULL,1,0,0.0000000000,0,0.0000000000,109.90,131.16,0,0,below_floor,393,0.0780768749,0.07638571932468,0.0356083086,0.0666666667,0.1016949153,0.1428571429,0.1752577320,0,0,0,0,0,1,NULL,standard_terms,usable_n_lt_30
3986c0b54f6b748b75e7bd4e092aa3e5,PR,curitiba,1,0,1,0.0000000000,0.0,0 / 1,0,0.0000000000,0.0,-12.0000,NULL,0,0,NULL,1,0,0.0000000000,1,0,0.0000000000,0,0.0000000000,24.99,40.27,0,0,below_floor,393,0.0780768749,0.07638571932468,0.0356083086,0.0666666667,0.1016949153,0.1428571429,0.1752577320,0,0,0,0,0,1,NULL,standard_terms,usable_n_lt_30
398cb257329ef7af7f1943a8974a3cbc,BA,salvador,1,0,1,0.0000000000,0.0,0 / 1,0,0.0000000000,0.0,-18.0000,NULL,0,0,NULL,1,0,0.0000000000,1,0,0.0000000000,0,0.0000000000,145.90,161.37,0,0,below_floor,393,0.0780768749,0.07638571932468,0.0356083086,0.0666666667,0.1016949153,0.1428571429,0.1752577320,0,0,0,0,0,1,NULL,standard_terms,usable_n_lt_30
3a3c180dd702a725bd0ba4117689239e,PR,uniao da vitoria,1,0,1,0.0000000000,0.0,0 / 1,0,0.0000000000,0.0,-7.0000,NULL,0,0,NULL,1,0,0.0000000000,1,0,0.0000000000,0,0.0000000000,41.90,77.38,0,0,below_floor,393,0.0780768749,0.07638571932468,0.0356083086,0.0666666667,0.1016949153,0.1428571429,0.1752577320,0,0,0,0,0,1,NULL,standard_terms,usable_n_lt_30
3a734b715d333a2588a3d54a0c9b8746,SP,osasco,1,0,1,0.0000000000,0.0,0 / 1,0,0.0000000000,0.0,-8.0000,NULL,1,0,0.0000000000,0,0,NULL,0,0,NULL,1,1.0000000000,69.00,97.64,0,0,below_floor,393,0.0780768749,0.07638571932468,0.0356083086,0.0666666667,0.1016949153,0.1428571429,0.1752577320,0,0,0,0,0,1,NULL,standard_terms,usable_n_lt_30
3aa3c89ae3cd482385568be76120f63c,GO,goiania,1,0,1,0.0000000000,0.0,0 / 1,0,0.0000000000,0.0,-8.0000,NULL,0,0,NULL,1,0,0.0000000000,1,0,0.0000000000,0,0.0000000000,29.90,48.94,0,0,below_floor,393,0.0780768749,0.07638571932468,0.0356083086,0.0666666667,0.1016949153,0.1428571429,0.1752577320,0,0,0,0,0,1,NULL,standard_terms,usable_n_lt_30
3ac588cd562971392504a9e17130c40b,SP,limeira,1,0,1,0.0000000000,0.0,0 / 1,0,0.0000000000,0.0,-6.0000,NULL,0,0,NULL,1,0,0.0000000000,1,0,0.0000000000,0,0.0000000000,11.90,19.29,0,0,below_floor,393,0.0780768749,0.07638571932468,0.0356083086,0.0666666667,0.1016949153,0.1428571429,0.1752577320,0,0,0,0,0,1,NULL,standard_terms,usable_n_lt_30
3b18f9856c6eb2413eafedb58e9eecd9,SP,santo andre,1,0,1,0.0000000000,0.0,0 / 1,0,0.0000000000,0.0,-17.0000,NULL,1,0,0.0000000000,0,0,NULL,1,0,0.0000000000,0,0.0000000000,315.00,335.09,0,0,below_floor,393,0.0780768749,0.07638571932468,0.0356083086,0.0666666667,0.1016949153,0.1428571429,0.1752577320,0,0,0,0,0,1,NULL,standard_terms,usable_n_lt_30
3c88ed2e76a2247933a15daa7161eb1c,SP,cosmopolis,1,0,1,0.0000000000,0.0,0 / 1,0,0.0000000000,0.0,-9.0000,NULL,1,0,0.0000000000,0,0,NULL,1,0,0.0000000000,0,0.0000000000,155.00,306.20,0,0,below_floor,393,0.0780768749,0.07638571932468,0.0356083086,0.0666666667,0.1016949153,0.1428571429,0.1752577320,0,0,0,0,0,1,NULL,standard_terms,usable_n_lt_30
3d2400ac620cffa23ac81bd192f7f555,SP,sao bernardo do campo,1,0,1,0.0000000000,0.0,0 / 1,0,0.0000000000,0.0,-1.0000,NULL,0,0,NULL,1,0,0.0000000000,1,0,0.0000000000,0,0.0000000000,105.00,113.90,0,0,below_floor,393,0.0780768749,0.07638571932468,0.0356083086,0.0666666667,0.1016949153,0.1428571429,0.1752577320,0,0,0,0,0,1,NULL,standard_terms,usable_n_lt_30
3d62f86afa7c73be2628a3be1423f5a0,SP,jacarei,1,0,1,0.0000000000,0.0,0 / 1,0,0.0000000000,0.0,-19.0000,NULL,1,0,0.0000000000,0,0,NULL,1,0,0.0000000000,0,0.0000000000,6.00,22.79,0,0,below_floor,393,0.0780768749,0.07638571932468,0.0356083086,0.0666666667,0.1016949153,0.1428571429,0.1752577320,0,0,0,0,0,1,NULL,standard_terms,usable_n_lt_30
3dc69bf2c42f0568a5c4791ec3fd3745,SP,sao paulo,1,0,1,0.0000000000,0.0,0 / 1,0,0.0000000000,0.0,-1.0000,NULL,1,0,0.0000000000,0,0,NULL,1,0,0.0000000000,0,0.0000000000,150.00,167.62,0,0,below_floor,393,0.0780768749,0.07638571932468,0.0356083086,0.0666666667,0.1016949153,0.1428571429,0.1752577320,0,0,0,0,0,1,NULL,standard_terms,usable_n_lt_30
3ded4e2d5f135cb103e5949d7263d2dd,MG,pouso alegre,1,0,1,0.0000000000,0.0,0 / 1,0,0.0000000000,0.0,-17.0000,NULL,1,0,0.0000000000,0,0,NULL,1,0,0.0000000000,0,0.0000000000,49.90,62.38,0,0,below_floor,393,0.0780768749,0.07638571932468,0.0356083086,0.0666666667,0.1016949153,0.1428571429,0.1752577320,0,0,0,0,0,1,NULL,standard_terms,usable_n_lt_30
3e35a8bb43569389d3cebef0ce820f69,SP,sao paulo,1,0,1,0.0000000000,0.0,0 / 1,0,0.0000000000,0.0,-10.0000,NULL,1,0,0.0000000000,0,0,NULL,1,0,0.0000000000,0,0.0000000000,55.80,84.68,0,0,below_floor,393,0.0780768749,0.07638571932468,0.0356083086,0.0666666667,0.1016949153,0.1428571429,0.1752577320,0,0,0,0,0,1,NULL,standard_terms,usable_n_lt_30
3e46a38ee171c503c3b4a3f23fe3bf0c,SP,sorocaba,1,0,1,0.0000000000,0.0,0 / 1,0,0.0000000000,0.0,-9.0000,NULL,0,0,NULL,1,0,0.0000000000,1,0,0.0000000000,0,0.0000000000,59.90,69.01,0,0,below_floor,393,0.0780768749,0.07638571932468,0.0356083086,0.0666666667,0.1016949153,0.1428571429,0.1752577320,0,0,0,0,0,1,NULL,standard_terms,usable_n_lt_30
3e51f9cbe317bc3a88f2c76583811ee4,SP,sao paulo,1,0,1,0.0000000000,0.0,0 / 1,0,0.0000000000,0.0,-6.0000,NULL,0,0,NULL,1,0,0.0000000000,1,0,0.0000000000,0,0.0000000000,76.09,84.78,0,0,below_floor,393,0.0780768749,0.07638571932468,0.0356083086,0.0666666667,0.1016949153,0.1428571429,0.1752577320,0,0,0,0,0,1,NULL,standard_terms,usable_n_lt_30
3ea00e1dea2b0659dbaf654735929220,PR,curitiba,1,0,1,0.0000000000,0.0,0 / 1,0,0.0000000000,0.0,-7.0000,NULL,1,0,0.0000000000,0,0,NULL,1,0,0.0000000000,0,0.0000000000,75.00,98.46,0,0,below_floor,393,0.0780768749,0.07638571932468,0.0356083086,0.0666666667,0.1016949153,0.1428571429,0.1752577320,0,0,0,0,0,1,NULL,standard_terms,usable_n_lt_30
3ea08c48e851106d2f584349daba335f,MG,barbacena,1,0,1,0.0000000000,0.0,0 / 1,0,0.0000000000,0.0,-16.0000,NULL,0,0,NULL,1,0,0.0000000000,1,0,0.0000000000,0,0.0000000000,170.00,192.94,0,0,below_floor,393,0.0780768749,0.07638571932468,0.0356083086,0.0666666667,0.1016949153,0.1428571429,0.1752577320,0,0,0,0,0,1,NULL,standard_terms,usable_n_lt_30
4125d9385a25e82d2f72d3a0fd55bc3f,SP,santos,1,0,1,0.0000000000,0.0,0 / 1,0,0.0000000000,0.0,-4.0000,NULL,0,0,NULL,1,0,0.0000000000,1,0,0.0000000000,0,0.0000000000,42.90,61.30,0,0,below_floor,393,0.0780768749,0.07638571932468,0.0356083086,0.0666666667,0.1016949153,0.1428571429,0.1752577320,0,0,0,0,0,1,NULL,standard_terms,usable_n_lt_30
417a1e6c7321084d2a0ae0d023cfad93,RS,imigrante,1,0,1,0.0000000000,0.0,0 / 1,0,0.0000000000,0.0,-17.0000,NULL,1,0,0.0000000000,0,0,NULL,1,0,0.0000000000,0,0.0000000000,48.90,61.38,0,0,below_floor,393,0.0780768749,0.07638571932468,0.0356083086,0.0666666667,0.1016949153,0.1428571429,0.1752577320,0,0,0,0,0,1,NULL,standard_terms,usable_n_lt_30
41958cbd3335433c8740300e8cd600d5,SP,sao paulo,1,0,1,0.0000000000,0.0,0 / 1,0,0.0000000000,0.0,-11.0000,NULL,0,0,NULL,1,0,0.0000000000,1,0,0.0000000000,0,0.0000000000,32.99,40.38,0,0,below_floor,393,0.0780768749,0.07638571932468,0.0356083086,0.0666666667,0.1016949153,0.1428571429,0.1752577320,0,0,0,0,0,1,NULL,standard_terms,usable_n_lt_30
42d4b7e70819438f5ada61c965e92d7e,GO,goiania,1,0,1,0.0000000000,0.0,0 / 1,0,0.0000000000,0.0,-2.0000,NULL,1,0,0.0000000000,0,0,NULL,1,0,0.0000000000,0,0.0000000000,49.60,100.78,0,0,below_floor,393,0.0780768749,0.07638571932468,0.0356083086,0.0666666667,0.1016949153,0.1428571429,0.1752577320,0,0,0,0,0,1,NULL,standard_terms,usable_n_lt_30
4391ea5c5990502176a1dcda44a2373d,RS,porto alegre,1,0,1,0.0000000000,0.0,0 / 1,0,0.0000000000,0.0,-15.0000,NULL,0,0,NULL,1,0,0.0000000000,1,0,0.0000000000,0,0.0000000000,95.00,112.38,0,0,below_floor,393,0.0780768749,0.07638571932468,0.0356083086,0.0666666667,0.1016949153,0.1428571429,0.1752577320,0,0,0,0,0,1,NULL,standard_terms,usable_n_lt_30
447d377bdb757058acb569025ee18a93,RS,carazinho,1,0,1,0.0000000000,0.0,0 / 1,0,0.0000000000,0.0,-14.0000,NULL,1,0,0.0000000000,0,0,NULL,1,0,0.0000000000,0,0.0000000000,64.99,83.01,0,0,below_floor,393,0.0780768749,0.07638571932468,0.0356083086,0.0666666667,0.1016949153,0.1428571429,0.1752577320,0,0,0,0,0,1,NULL,standard_terms,usable_n_lt_30
455befea1bb853c75ccbca94cff26e5c,RJ,resende,1,0,1,0.0000000000,0.0,0 / 1,0,0.0000000000,0.0,-38.0000,NULL,0,0,NULL,1,0,0.0000000000,1,0,0.0000000000,0,0.0000000000,19.99,42.05,0,0,below_floor,393,0.0780768749,0.07638571932468,0.0356083086,0.0666666667,0.1016949153,0.1428571429,0.1752577320,0,0,0,0,0,1,NULL,standard_terms,usable_n_lt_30
455f46ef09a9e45667e2981df84b5cc2,SP,sorocaba,1,0,1,0.0000000000,0.0,0 / 1,0,0.0000000000,0.0,-2.0000,NULL,0,0,NULL,1,0,0.0000000000,1,0,0.0000000000,0,0.0000000000,29.90,48.21,0,0,below_floor,393,0.0780768749,0.07638571932468,0.0356083086,0.0666666667,0.1016949153,0.1428571429,0.1752577320,0,0,0,0,0,1,NULL,standard_terms,usable_n_lt_30
466222e777149751370e7e98fb623b0c,RJ,rio de janeiro,1,0,1,0.0000000000,0.0,0 / 1,0,0.0000000000,0.0,-9.0000,NULL,0,0,NULL,1,0,0.0000000000,1,0,0.0000000000,0,0.0000000000,87.90,105.45,0,0,below_floor,393,0.0780768749,0.07638571932468,0.0356083086,0.0666666667,0.1016949153,0.1428571429,0.1752577320,0,0,0,0,0,1,NULL,standard_terms,usable_n_lt_30
483ca627d131e18f988349b1655c0acd,SP,mogi mirim,1,0,1,0.0000000000,0.0,0 / 1,0,0.0000000000,0.0,-5.0000,NULL,1,0,0.0000000000,0,0,NULL,1,0,0.0000000000,0,0.0000000000,264.00,283.73,0,0,below_floor,393,0.0780768749,0.07638571932468,0.0356083086,0.0666666667,0.1016949153,0.1428571429,0.1752577320,0,0,0,0,0,1,NULL,standard_terms,usable_n_lt_30
4867209cb29b56b92893d7bde3ce8012,SP,jau,1,0,1,0.0000000000,0.0,0 / 1,0,0.0000000000,0.0,-17.0000,NULL,0,0,NULL,1,0,0.0000000000,1,0,0.0000000000,0,0.0000000000,150.00,169.15,0,0,below_floor,393,0.0780768749,0.07638571932468,0.0356083086,0.0666666667,0.1016949153,0.1428571429,0.1752577320,0,0,0,0,0,1,NULL,standard_terms,usable_n_lt_30
48e5ee06fb2dc74df1c711a9b6dfac2a,MG,oliveira,1,0,1,0.0000000000,0.0,0 / 1,0,0.0000000000,0.0,-20.0000,NULL,1,0,0.0000000000,0,0,NULL,1,0,0.0000000000,0,0.0000000000,57.00,102.30,0,0,below_floor,393,0.0780768749,0.07638571932468,0.0356083086,0.0666666667,0.1016949153,0.1428571429,0.1752577320,0,0,0,0,0,1,NULL,standard_terms,usable_n_lt_30
4965a7002cca77301c82d3f91b82e1a9,SP,sorocaba,1,0,1,0.0000000000,0.0,0 / 1,0,0.0000000000,0.0,-13.0000,NULL,1,0,0.0000000000,0,0,NULL,1,0,0.0000000000,0,0.0000000000,8.49,16.36,0,0,below_floor,393,0.0780768749,0.07638571932468,0.0356083086,0.0666666667,0.1016949153,0.1428571429,0.1752577320,0,0,0,0,0,1,NULL,standard_terms,usable_n_lt_30
497709c2976a8fa308730a2dec5b0726,SP,diadema,1,0,1,0.0000000000,0.0,0 / 1,0,0.0000000000,0.0,-2.0000,NULL,0,0,NULL,1,0,0.0000000000,1,0,0.0000000000,0,0.0000000000,76.00,94.04,0,0,below_floor,393,0.0780768749,0.07638571932468,0.0356083086,0.0666666667,0.1016949153,0.1428571429,0.1752577320,0,0,0,0,0,1,NULL,standard_terms,usable_n_lt_30
499185655c29ecfdbfe776ef7cf875b5,RS,porto alegre,1,0,1,0.0000000000,0.0,0 / 1,0,0.0000000000,0.0,-34.0000,NULL,0,0,NULL,1,0,0.0000000000,1,0,0.0000000000,0,0.0000000000,89.00,106.33,0,0,below_floor,393,0.0780768749,0.07638571932468,0.0356083086,0.0666666667,0.1016949153,0.1428571429,0.1752577320,0,0,0,0,0,1,NULL,standard_terms,usable_n_lt_30
49f8d2ea7b718d0ce587d34207caf2b4,SP,sao bernardo do campo,1,0,1,0.0000000000,0.0,0 / 1,0,0.0000000000,0.0,-1.0000,NULL,0,0,NULL,1,0,0.0000000000,1,0,0.0000000000,0,0.0000000000,149.90,165.26,0,0,below_floor,393,0.0780768749,0.07638571932468,0.0356083086,0.0666666667,0.1016949153,0.1428571429,0.1752577320,0,0,0,0,0,1,NULL,standard_terms,usable_n_lt_30
4a5b36211b1f51bf7eaa5c10a57fa483,RJ,sao goncalo,1,0,1,0.0000000000,0.0,0 / 1,0,0.0000000000,0.0,-8.0000,NULL,0,0,NULL,1,0,0.0000000000,1,0,0.0000000000,0,0.0000000000,139.19,155.26,0,0,below_floor,393,0.0780768749,0.07638571932468,0.0356083086,0.0666666667,0.1016949153,0.1428571429,0.1752577320,0,0,0,0,0,1,NULL,standard_terms,usable_n_lt_30
4aba6a02a788d3ec81c03137144d9a80,SC,canoinhas,1,0,1,0.0000000000,0.0,0 / 1,0,0.0000000000,0.0,-11.0000,NULL,1,0,0.0000000000,0,0,NULL,1,0,0.0000000000,0,0.0000000000,89.90,105.28,0,0,below_floor,393,0.0780768749,0.07638571932468,0.0356083086,0.0666666667,0.1016949153,0.1428571429,0.1752577320,0,0,0,0,0,1,NULL,standard_terms,usable_n_lt_30
4b39558c138930b9e5489c93b6df5fe3,SE,aracaju,1,0,1,0.0000000000,0.0,0 / 1,0,0.0000000000,0.0,-10.0000,NULL,1,0,0.0000000000,0,0,NULL,1,0,0.0000000000,0,0.0000000000,360.80,397.13,0,0,below_floor,393,0.0780768749,0.07638571932468,0.0356083086,0.0666666667,0.1016949153,0.1428571429,0.1752577320,0,0,0,0,0,1,NULL,standard_terms,usable_n_lt_30
4be9ae93c4fc0f41713d71a4194ee1b3,MG,divinopolis,1,0,1,0.0000000000,0.0,0 / 1,0,0.0000000000,0.0,-7.0000,NULL,0,0,NULL,1,0,0.0000000000,1,0,0.0000000000,0,0.0000000000,109.90,136.97,0,0,below_floor,393,0.0780768749,0.07638571932468,0.0356083086,0.0666666667,0.1016949153,0.1428571429,0.1752577320,0,0,0,0,0,1,NULL,standard_terms,usable_n_lt_30
4c60877808f4318ef1107fbeb8f89afa,SP,atibaia,1,0,1,0.0000000000,0.0,0 / 1,0,0.0000000000,0.0,-5.0000,NULL,1,0,0.0000000000,0,0,NULL,1,0,0.0000000000,0,0.0000000000,70.00,85.03,0,0,below_floor,393,0.0780768749,0.07638571932468,0.0356083086,0.0666666667,0.1016949153,0.1428571429,0.1752577320,0,0,0,0,0,1,NULL,standard_terms,usable_n_lt_30
4cc43a222a0f94910728b62b97a8c5f8,SP,ribeirao preto,1,0,1,0.0000000000,0.0,0 / 1,0,0.0000000000,0.0,-12.0000,NULL,1,0,0.0000000000,0,0,NULL,1,0,0.0000000000,0,0.0000000000,108.50,120.76,0,0,below_floor,393,0.0780768749,0.07638571932468,0.0356083086,0.0666666667,0.1016949153,0.1428571429,0.1752577320,0,0,0,0,0,1,NULL,standard_terms,usable_n_lt_30
4cc4fd4fdd406a85bbdc1f824b731bd7,PR,toledo,1,0,1,0.0000000000,0.0,0 / 1,0,0.0000000000,0.0,-14.0000,NULL,1,0,0.0000000000,0,0,NULL,1,0,0.0000000000,0,0.0000000000,539.98,571.22,0,0,below_floor,393,0.0780768749,0.07638571932468,0.0356083086,0.0666666667,0.1016949153,0.1428571429,0.1752577320,0,0,0,0,0,1,NULL,standard_terms,usable_n_lt_30
4dab98ca6cd6d3df586203cefd28a042,RS,porto alegre,1,0,1,0.0000000000,0.0,0 / 1,0,0.0000000000,0.0,-1.0000,NULL,1,0,0.0000000000,0,0,NULL,1,0,0.0000000000,0,0.0000000000,154.90,173.23,0,0,below_floor,393,0.0780768749,0.07638571932468,0.0356083086,0.0666666667,0.1016949153,0.1428571429,0.1752577320,0,0,0,0,0,1,NULL,standard_terms,usable_n_lt_30
4dc2e811a1760953cb7c6a590b498943,SP,itapui,1,0,1,0.0000000000,0.0,0 / 1,0,0.0000000000,0.0,-9.0000,NULL,0,0,NULL,1,0,0.0000000000,1,0,0.0000000000,0,0.0000000000,175.00,199.84,0,0,below_floor,393,0.0780768749,0.07638571932468,0.0356083086,0.0666666667,0.1016949153,0.1428571429,0.1752577320,0,0,0,0,0,1,NULL,standard_terms,usable_n_lt_30
4e0d109ccfba9a1151c103049880c857,RJ,sao joao de meriti,1,0,1,0.0000000000,0.0,0 / 1,0,0.0000000000,0.0,-23.0000,NULL,0,0,NULL,1,0,0.0000000000,1,0,0.0000000000,0,0.0000000000,180.54,233.93,0,0,below_floor,393,0.0780768749,0.07638571932468,0.0356083086,0.0666666667,0.1016949153,0.1428571429,0.1752577320,0,0,0,0,0,1,NULL,standard_terms,usable_n_lt_30
4e2627090e6e5b9fabba883a37897683,MG,belo horizonte,1,0,1,0.0000000000,0.0,0 / 1,0,0.0000000000,0.0,-14.0000,NULL,1,0,0.0000000000,0,0,NULL,0,0,NULL,1,1.0000000000,39.90,51.62,0,0,below_floor,393,0.0780768749,0.07638571932468,0.0356083086,0.0666666667,0.1016949153,0.1428571429,0.1752577320,0,0,0,0,0,1,NULL,standard_terms,usable_n_lt_30
4e480be820e37de1444325ff358c9296,MG,tres coracoes,1,0,1,0.0000000000,0.0,0 / 1,0,0.0000000000,0.0,-10.0000,NULL,0,0,NULL,1,0,0.0000000000,1,0,0.0000000000,0,0.0000000000,430.30,573.74,0,0,below_floor,393,0.0780768749,0.07638571932468,0.0356083086,0.0666666667,0.1016949153,0.1428571429,0.1752577320,0,0,0,0,0,1,NULL,standard_terms,usable_n_lt_30
4e6015589b781adaa5ce7f1892d06bb1,SP,guaruja,1,0,1,0.0000000000,0.0,0 / 1,0,0.0000000000,0.0,-20.0000,NULL,1,0,0.0000000000,0,0,NULL,1,0,0.0000000000,0,0.0000000000,228.00,246.31,0,0,below_floor,393,0.0780768749,0.07638571932468,0.0356083086,0.0666666667,0.1016949153,0.1428571429,0.1752577320,0,0,0,0,0,1,NULL,standard_terms,usable_n_lt_30
4e92348462c75b6c842b994ce84a0ed4,RS,cachoeirinha,1,0,1,0.0000000000,0.0,0 / 1,0,0.0000000000,0.0,-19.0000,NULL,0,0,NULL,1,0,0.0000000000,1,0,0.0000000000,0,0.0000000000,69.90,85.49,0,0,below_floor,393,0.0780768749,0.07638571932468,0.0356083086,0.0666666667,0.1016949153,0.1428571429,0.1752577320,0,0,0,0,0,1,NULL,standard_terms,usable_n_lt_30
4ea2f12dbe91deeacd2c1e74f069a6e6,SP,sao paulo,1,0,1,0.0000000000,0.0,0 / 1,0,0.0000000000,0.0,-11.0000,NULL,1,0,0.0000000000,0,0,NULL,1,0,0.0000000000,0,0.0000000000,53.00,67.78,0,0,below_floor,393,0.0780768749,0.07638571932468,0.0356083086,0.0666666667,0.1016949153,0.1428571429,0.1752577320,0,0,0,0,0,1,NULL,standard_terms,usable_n_lt_30
4fae87d32467e18eb46e4a76a0a0b9ce,RS,ronda alta,1,0,1,0.0000000000,0.0,0 / 1,0,0.0000000000,0.0,-12.0000,NULL,0,0,NULL,1,0,0.0000000000,1,0,0.0000000000,0,0.0000000000,100.90,120.80,0,0,below_floor,393,0.0780768749,0.07638571932468,0.0356083086,0.0666666667,0.1016949153,0.1428571429,0.1752577320,0,0,0,0,0,1,NULL,standard_terms,usable_n_lt_30
5075aaa8404020ae6aa8bf4792099b41,MG,pocos de caldas,1,0,1,0.0000000000,0.0,0 / 1,0,0.0000000000,0.0,-7.0000,NULL,1,0,0.0000000000,0,0,NULL,1,0,0.0000000000,0,0.0000000000,63.96,120.28,0,0,below_floor,393,0.0780768749,0.07638571932468,0.0356083086,0.0666666667,0.1016949153,0.1428571429,0.1752577320,0,0,0,0,0,1,NULL,standard_terms,usable_n_lt_30
50a7e551a7b3f8d37cd6e32d8bfbe5ea,SP,sao caetano do sul,1,0,1,0.0000000000,0.0,0 / 1,0,0.0000000000,0.0,-4.0000,NULL,0,0,NULL,1,0,0.0000000000,1,0,0.0000000000,0,0.0000000000,140.00,167.96,0,0,below_floor,393,0.0780768749,0.07638571932468,0.0356083086,0.0666666667,0.1016949153,0.1428571429,0.1752577320,0,0,0,0,0,1,NULL,standard_terms,usable_n_lt_30
50bf89f1349bc0409a268c3a49678009,SP,jaci,1,0,1,0.0000000000,0.0,0 / 1,0,0.0000000000,0.0,-26.0000,NULL,0,0,NULL,1,0,0.0000000000,1,0,0.0000000000,0,0.0000000000,179.90,282.47,0,0,below_floor,393,0.0780768749,0.07638571932468,0.0356083086,0.0666666667,0.1016949153,0.1428571429,0.1752577320,0,0,0,0,0,1,NULL,standard_terms,usable_n_lt_30
51702dc2a3e106c76dbff722b5bf0726,SP,conchal,1,0,1,0.0000000000,0.0,0 / 1,0,0.0000000000,0.0,-4.0000,NULL,1,0,0.0000000000,0,0,NULL,1,0,0.0000000000,0,0.0000000000,169.90,217.92,0,0,below_floor,393,0.0780768749,0.07638571932468,0.0356083086,0.0666666667,0.1016949153,0.1428571429,0.1752577320,0,0,0,0,0,1,NULL,standard_terms,usable_n_lt_30
51ed72984a04e5dd35c2b27e77179038,SP,sao jose do rio preto,1,0,1,0.0000000000,0.0,0 / 1,0,0.0000000000,0.0,-13.0000,NULL,1,0,0.0000000000,0,0,NULL,1,0,0.0000000000,0,0.0000000000,209.90,254.95,0,0,below_floor,393,0.0780768749,0.07638571932468,0.0356083086,0.0666666667,0.1016949153,0.1428571429,0.1752577320,0,0,0,0,0,1,NULL,standard_terms,usable_n_lt_30
52831e5990d0771cb4951d6f12928167,SP,tupa,1,0,1,0.0000000000,0.0,0 / 1,0,0.0000000000,0.0,-10.0000,NULL,0,0,NULL,1,0,0.0000000000,1,0,0.0000000000,0,0.0000000000,65.00,78.12,0,0,below_floor,393,0.0780768749,0.07638571932468,0.0356083086,0.0666666667,0.1016949153,0.1428571429,0.1752577320,0,0,0,0,0,1,NULL,standard_terms,usable_n_lt_30
5305693ffae2d3463377b1f6fe67b15a,SP,penapolis,1,0,1,0.0000000000,0.0,0 / 1,0,0.0000000000,0.0,-9.0000,NULL,1,0,0.0000000000,0,0,NULL,1,0,0.0000000000,0,0.0000000000,93.56,106.55,0,0,below_floor,393,0.0780768749,0.07638571932468,0.0356083086,0.0666666667,0.1016949153,0.1428571429,0.1752577320,0,0,0,0,0,1,NULL,standard_terms,usable_n_lt_30
535bf14f36346c7f59d87cece104d70c,RJ,rio de janeiro,1,0,1,0.0000000000,0.0,0 / 1,1,1.0000000000,100.0,0.0000,NULL,0,0,NULL,1,0,0.0000000000,1,0,0.0000000000,0,0.0000000000,50.00,57.77,0,0,below_floor,393,0.0780768749,0.07638571932468,0.0356083086,0.0666666667,0.1016949153,0.1428571429,0.1752577320,0,0,0,0,0,1,NULL,standard_terms,usable_n_lt_30
5415337f1863452476d42d9f14a16a61,MG,belo horizonte,1,0,1,0.0000000000,0.0,0 / 1,0,0.0000000000,0.0,-23.0000,NULL,0,0,NULL,1,0,0.0000000000,0,0,NULL,1,1.0000000000,44.90,68.35,0,0,below_floor,393,0.0780768749,0.07638571932468,0.0356083086,0.0666666667,0.1016949153,0.1428571429,0.1752577320,0,0,0,0,0,1,NULL,standard_terms,usable_n_lt_30
544863df86ed3b78a04e0820d41430ee,ES,serra,1,0,1,0.0000000000,0.0,0 / 1,0,0.0000000000,0.0,-18.0000,NULL,0,0,NULL,1,0,0.0000000000,1,0,0.0000000000,0,0.0000000000,23.90,39.17,0,0,below_floor,393,0.0780768749,0.07638571932468,0.0356083086,0.0666666667,0.1016949153,0.1428571429,0.1752577320,0,0,0,0,0,1,NULL,standard_terms,usable_n_lt_30
5566627eab3fe93fd6ee08798226101a,PR,sao jose dos pinhais,1,0,1,0.0000000000,0.0,0 / 1,0,0.0000000000,0.0,-18.0000,NULL,1,0,0.0000000000,0,0,NULL,1,0,0.0000000000,0,0.0000000000,24.90,40.69,0,0,below_floor,393,0.0780768749,0.07638571932468,0.0356083086,0.0666666667,0.1016949153,0.1428571429,0.1752577320,0,0,0,0,0,1,NULL,standard_terms,usable_n_lt_30
56db5c0782e8f7ddc9343f9576ff6d16,SC,palhoca,1,0,1,0.0000000000,0.0,0 / 1,0,0.0000000000,0.0,-9.0000,NULL,0,0,NULL,1,0,0.0000000000,1,0,0.0000000000,0,0.0000000000,559.90,599.05,0,0,below_floor,393,0.0780768749,0.07638571932468,0.0356083086,0.0666666667,0.1016949153,0.1428571429,0.1752577320,0,0,0,0,0,1,NULL,standard_terms,usable_n_lt_30
57a834594e1e9e9219603bfec184eadc,RS,santa rosa,1,0,1,0.0000000000,0.0,0 / 1,0,0.0000000000,0.0,-37.0000,NULL,0,0,NULL,1,0,0.0000000000,1,0,0.0000000000,0,0.0000000000,139.00,166.05,0,0,below_floor,393,0.0780768749,0.07638571932468,0.0356083086,0.0666666667,0.1016949153,0.1428571429,0.1752577320,0,0,0,0,0,1,NULL,standard_terms,usable_n_lt_30
5996cddab893a4652a15592fb58ab8db,SP,presidente prudente,1,0,1,0.0000000000,0.0,0 / 1,0,0.0000000000,0.0,-16.0000,NULL,0,0,NULL,1,0,0.0000000000,1,0,0.0000000000,0,0.0000000000,810.00,880.75,0,0,below_floor,393,0.0780768749,0.07638571932468,0.0356083086,0.0666666667,0.1016949153,0.1428571429,0.1752577320,0,0,0,0,0,1,NULL,standard_terms,usable_n_lt_30
5a32c398a06c345440bf2a683b017ad3,RJ,rio de janeiro,1,0,1,0.0000000000,0.0,0 / 1,0,0.0000000000,0.0,-7.0000,NULL,1,0,0.0000000000,0,0,NULL,1,0,0.0000000000,0,0.0000000000,34.90,50.13,0,0,below_floor,393,0.0780768749,0.07638571932468,0.0356083086,0.0666666667,0.1016949153,0.1428571429,0.1752577320,0,0,0,0,0,1,NULL,standard_terms,usable_n_lt_30
5a4236931428800e9d9cc04af0987118,SP,sao paulo,1,0,1,0.0000000000,0.0,0 / 1,0,0.0000000000,0.0,-13.0000,NULL,0,0,NULL,1,0,0.0000000000,1,0,0.0000000000,0,0.0000000000,44.97,90.66,0,0,below_floor,393,0.0780768749,0.07638571932468,0.0356083086,0.0666666667,0.1016949153,0.1428571429,0.1752577320,0,0,0,0,0,1,NULL,standard_terms,usable_n_lt_30
5a9b3bcab695173c820e53934574ae80,SP,salto,1,0,1,0.0000000000,0.0,0 / 1,0,0.0000000000,0.0,-26.0000,NULL,0,0,NULL,1,0,0.0000000000,1,0,0.0000000000,0,0.0000000000,139.00,203.77,0,0,below_floor,393,0.0780768749,0.07638571932468,0.0356083086,0.0666666667,0.1016949153,0.1428571429,0.1752577320,0,0,0,0,0,1,NULL,standard_terms,usable_n_lt_30
5b33b527da3c5b969cc99dc435cad09a,PR,paranavai,1,0,1,0.0000000000,0.0,0 / 1,0,0.0000000000,0.0,-10.0000,NULL,0,0,NULL,1,0,0.0000000000,1,0,0.0000000000,0,0.0000000000,24.00,42.27,0,0,below_floor,393,0.0780768749,0.07638571932468,0.0356083086,0.0666666667,0.1016949153,0.1428571429,0.1752577320,0,0,0,0,0,1,NULL,standard_terms,usable_n_lt_30
5d9f3746e112e696f98ea22c56b3e912,SP,sao paulo,1,0,1,0.0000000000,0.0,0 / 1,0,0.0000000000,0.0,-17.0000,NULL,0,0,NULL,1,0,0.0000000000,1,0,0.0000000000,0,0.0000000000,1322.64,1370.41,0,0,below_floor,393,0.0780768749,0.07638571932468,0.0356083086,0.0666666667,0.1016949153,0.1428571429,0.1752577320,0,0,0,0,0,1,NULL,standard_terms,usable_n_lt_30
5db42a6cd9bf1bf0d3aab9582767f168,ES,vitoria,1,0,1,0.0000000000,0.0,0 / 1,0,0.0000000000,0.0,-6.0000,NULL,0,0,NULL,1,0,0.0000000000,1,0,0.0000000000,0,0.0000000000,200.00,219.33,0,0,below_floor,393,0.0780768749,0.07638571932468,0.0356083086,0.0666666667,0.1016949153,0.1428571429,0.1752577320,0,0,0,0,0,1,NULL,standard_terms,usable_n_lt_30
5e063e85d44b0f5c3e6ec3131103a57e,SP,sao paulo,1,0,1,0.0000000000,0.0,0 / 1,0,0.0000000000,0.0,-7.0000,NULL,0,0,NULL,1,0,0.0000000000,1,0,0.0000000000,0,0.0000000000,22.90,30.32,0,0,below_floor,393,0.0780768749,0.07638571932468,0.0356083086,0.0666666667,0.1016949153,0.1428571429,0.1752577320,0,0,0,0,0,1,NULL,standard_terms,usable_n_lt_30
5e25c632f9db6cfb8bc100421c2737b6,SC,chapeco,1,0,1,0.0000000000,0.0,0 / 1,0,0.0000000000,0.0,-24.0000,NULL,0,0,NULL,1,0,0.0000000000,1,0,0.0000000000,0,0.0000000000,259.00,278.91,0,0,below_floor,393,0.0780768749,0.07638571932468,0.0356083086,0.0666666667,0.1016949153,0.1428571429,0.1752577320,0,0,0,0,0,1,NULL,standard_terms,usable_n_lt_30
5f57db27027655e6c6a391601daa0258,ES,viana,1,0,1,0.0000000000,0.0,0 / 1,0,0.0000000000,0.0,-8.0000,NULL,0,0,NULL,1,0,0.0000000000,1,0,0.0000000000,0,0.0000000000,98.00,151.04,0,0,below_floor,393,0.0780768749,0.07638571932468,0.0356083086,0.0666666667,0.1016949153,0.1428571429,0.1752577320,0,0,0,0,0,1,NULL,standard_terms,usable_n_lt_30
612a743d294c27884fb7b80d2b19ba35,PR,curitiba,1,0,1,0.0000000000,0.0,0 / 1,0,0.0000000000,0.0,-1.0000,NULL,0,0,NULL,1,0,0.0000000000,1,0,0.0000000000,0,0.0000000000,2999.90,3076.13,0,0,below_floor,393,0.0780768749,0.07638571932468,0.0356083086,0.0666666667,0.1016949153,0.1428571429,0.1752577320,0,0,0,0,0,1,NULL,standard_terms,usable_n_lt_30
6187a137b2af59dfdbad8d9f8c373c14,SP,osasco,1,0,1,0.0000000000,0.0,0 / 1,0,0.0000000000,0.0,-15.0000,NULL,1,0,0.0000000000,0,0,NULL,1,0,0.0000000000,0,0.0000000000,39.90,55.01,0,0,below_floor,393,0.0780768749,0.07638571932468,0.0356083086,0.0666666667,0.1016949153,0.1428571429,0.1752577320,0,0,0,0,0,1,NULL,standard_terms,usable_n_lt_30
61c36f0fc4a47f9532e5512b66668e62,SP,guarulhos,1,0,1,0.0000000000,0.0,0 / 1,0,0.0000000000,0.0,-7.0000,NULL,1,0,0.0000000000,0,0,NULL,1,0,0.0000000000,0,0.0000000000,750.00,767.69,0,0,below_floor,393,0.0780768749,0.07638571932468,0.0356083086,0.0666666667,0.1016949153,0.1428571429,0.1752577320,0,0,0,0,0,1,NULL,standard_terms,usable_n_lt_30
6235903333ba7de1928c869e268e5964,SC,treze tilias,1,0,1,0.0000000000,0.0,0 / 1,0,0.0000000000,0.0,-17.0000,NULL,0,0,NULL,1,0,0.0000000000,1,0,0.0000000000,0,0.0000000000,94.06,135.48,0,0,below_floor,393,0.0780768749,0.07638571932468,0.0356083086,0.0666666667,0.1016949153,0.1428571429,0.1752577320,0,0,0,0,0,1,NULL,standard_terms,usable_n_lt_30
623ad9d0c1e14bb5464a8c72bff7b4af,MG,claudio,1,0,1,0.0000000000,0.0,0 / 1,0,0.0000000000,0.0,-1.0000,NULL,0,0,NULL,1,0,0.0000000000,1,0,0.0000000000,0,0.0000000000,95.00,133.96,0,0,below_floor,393,0.0780768749,0.07638571932468,0.0356083086,0.0666666667,0.1016949153,0.1428571429,0.1752577320,0,0,0,0,0,1,NULL,standard_terms,usable_n_lt_30
62de60d81c55c29d76a6bce418b31cef,SP,ibitinga,1,0,1,0.0000000000,0.0,0 / 1,0,0.0000000000,0.0,-2.0000,NULL,0,0,NULL,1,0,0.0000000000,1,0,0.0000000000,0,0.0000000000,103.00,126.87,0,0,below_floor,393,0.0780768749,0.07638571932468,0.0356083086,0.0666666667,0.1016949153,0.1428571429,0.1752577320,0,0,0,0,0,1,NULL,standard_terms,usable_n_lt_30
630008e0f062605a415d694489f6f82e,SP,sao paulo,1,0,1,0.0000000000,0.0,0 / 1,0,0.0000000000,0.0,-7.0000,NULL,0,0,NULL,1,0,0.0000000000,1,0,0.0000000000,0,0.0000000000,35.35,50.70,0,0,below_floor,393,0.0780768749,0.07638571932468,0.0356083086,0.0666666667,0.1016949153,0.1428571429,0.1752577320,0,0,0,0,0,1,NULL,standard_terms,usable_n_lt_30
63191ead8d3b2f937cd1996fdcbbad20,SP,jundiai,1,0,1,0.0000000000,0.0,0 / 1,0,0.0000000000,0.0,-26.0000,NULL,0,0,NULL,1,0,0.0000000000,1,0,0.0000000000,0,0.0000000000,367.00,420.29,0,0,below_floor,393,0.0780768749,0.07638571932468,0.0356083086,0.0666666667,0.1016949153,0.1428571429,0.1752577320,0,0,0,0,0,1,NULL,standard_terms,usable_n_lt_30
63b464dbf392c7b80d12d932fa7cafed,SP,sao paulo,1,0,1,0.0000000000,0.0,0 / 1,0,0.0000000000,0.0,-19.0000,NULL,1,0,0.0000000000,0,0,NULL,1,0,0.0000000000,0,0.0000000000,189.00,206.03,0,0,below_floor,393,0.0780768749,0.07638571932468,0.0356083086,0.0666666667,0.1016949153,0.1428571429,0.1752577320,0,0,0,0,0,1,NULL,standard_terms,usable_n_lt_30
64c9a1db4e73e19aaafd3286dc448c96,PR,curitiba,1,0,1,0.0000000000,0.0,0 / 1,0,0.0000000000,0.0,-9.0000,NULL,0,0,NULL,1,0,0.0000000000,1,0,0.0000000000,0,0.0000000000,439.00,482.60,0,0,below_floor,393,0.0780768749,0.07638571932468,0.0356083086,0.0666666667,0.1016949153,0.1428571429,0.1752577320,0,0,0,0,0,1,NULL,standard_terms,usable_n_lt_30
651530bf5c607240ccdd89a30c9c9712,BA,ipira,1,0,1,0.0000000000,0.0,0 / 1,0,0.0000000000,0.0,-15.0000,NULL,0,0,NULL,1,0,0.0000000000,1,0,0.0000000000,0,0.0000000000,199.90,224.45,0,0,below_floor,393,0.0780768749,0.07638571932468,0.0356083086,0.0666666667,0.1016949153,0.1428571429,0.1752577320,0,0,0,0,0,1,NULL,standard_terms,usable_n_lt_30
6561d6bf844e464b4019442692b40e02,SP,franco da rocha,1,0,1,0.0000000000,0.0,0 / 1,0,0.0000000000,0.0,-7.0000,NULL,0,0,NULL,1,0,0.0000000000,1,0,0.0000000000,0,0.0000000000,41.90,49.45,0,0,below_floor,393,0.0780768749,0.07638571932468,0.0356083086,0.0666666667,0.1016949153,0.1428571429,0.1752577320,0,0,0,0,0,1,NULL,standard_terms,usable_n_lt_30
6562efe88ce0826a4ca4f189f03b4b84,PR,maringa,1,0,1,0.0000000000,0.0,0 / 1,0,0.0000000000,0.0,-20.0000,NULL,1,0,0.0000000000,0,0,NULL,1,0,0.0000000000,0,0.0000000000,359.40,444.30,0,0,below_floor,393,0.0780768749,0.07638571932468,0.0356083086,0.0666666667,0.1016949153,0.1428571429,0.1752577320,0,0,0,0,0,1,NULL,standard_terms,usable_n_lt_30
668bf321538e5072858eaef6087ce027,PR,pinhais,1,0,1,0.0000000000,0.0,0 / 1,0,0.0000000000,0.0,-10.0000,NULL,1,0,0.0000000000,0,0,NULL,1,0,0.0000000000,0,0.0000000000,19.90,28.01,0,0,below_floor,393,0.0780768749,0.07638571932468,0.0356083086,0.0666666667,0.1016949153,0.1428571429,0.1752577320,0,0,0,0,0,1,NULL,standard_terms,usable_n_lt_30
674207551483fec113276b67b0d871ff,SP,sorocaba,1,0,1,0.0000000000,0.0,0 / 1,0,0.0000000000,0.0,-11.0000,NULL,0,0,NULL,1,0,0.0000000000,1,0,0.0000000000,0,0.0000000000,119.90,133.84,0,0,below_floor,393,0.0780768749,0.07638571932468,0.0356083086,0.0666666667,0.1016949153,0.1428571429,0.1752577320,0,0,0,0,0,1,NULL,standard_terms,usable_n_lt_30
686886775c8f6b1191c7b953fb52708c,SP,pedreira,1,0,1,0.0000000000,0.0,0 / 1,0,0.0000000000,0.0,-14.0000,NULL,0,0,NULL,1,0,0.0000000000,1,0,0.0000000000,0,0.0000000000,189.00,202.62,0,0,below_floor,393,0.0780768749,0.07638571932468,0.0356083086,0.0666666667,0.1016949153,0.1428571429,0.1752577320,0,0,0,0,0,1,NULL,standard_terms,usable_n_lt_30
698624c6632eeba1774924dbea24c700,SP,sao paulo,1,0,1,0.0000000000,0.0,0 / 1,0,0.0000000000,0.0,-11.0000,NULL,1,0,0.0000000000,0,0,NULL,1,0,0.0000000000,0,0.0000000000,19.90,35.13,0,0,below_floor,393,0.0780768749,0.07638571932468,0.0356083086,0.0666666667,0.1016949153,0.1428571429,0.1752577320,0,0,0,0,0,1,NULL,standard_terms,usable_n_lt_30
6989574bd97d9773f10d232b6c07da59,PR,curitiba,1,0,1,0.0000000000,0.0,0 / 1,0,0.0000000000,0.0,-15.0000,NULL,0,0,NULL,1,0,0.0000000000,1,0,0.0000000000,0,0.0000000000,319.90,376.22,0,0,below_floor,393,0.0780768749,0.07638571932468,0.0356083086,0.0666666667,0.1016949153,0.1428571429,0.1752577320,0,0,0,0,0,1,NULL,standard_terms,usable_n_lt_30
6a3139c7bf09ece22a4713d956acbe5e,SP,sao sebastiao da grama/sp,1,0,1,0.0000000000,0.0,0 / 1,0,0.0000000000,0.0,-13.0000,NULL,0,0,NULL,1,0,0.0000000000,1,0,0.0000000000,0,0.0000000000,61.90,76.64,0,0,below_floor,393,0.0780768749,0.07638571932468,0.0356083086,0.0666666667,0.1016949153,0.1428571429,0.1752577320,0,0,0,0,0,1,NULL,standard_terms,usable_n_lt_30
6b1c4d4d9ccf0be3d8544eb0e71e5318,RS,porto alegre,1,0,1,0.0000000000,0.0,0 / 1,0,0.0000000000,0.0,-14.0000,NULL,1,0,0.0000000000,0,0,NULL,1,0,0.0000000000,0,0.0000000000,1699.00,1759.04,0,0,below_floor,393,0.0780768749,0.07638571932468,0.0356083086,0.0666666667,0.1016949153,0.1428571429,0.1752577320,0,0,0,0,0,1,NULL,standard_terms,usable_n_lt_30
6c6cc59a5c00cacc5054ca06d65cc282,RS,santa maria,1,0,1,0.0000000000,0.0,0 / 1,0,0.0000000000,0.0,-17.0000,NULL,0,0,NULL,1,0,0.0000000000,1,0,0.0000000000,0,0.0000000000,1107.00,1255.71,0,0,below_floor,393,0.0780768749,0.07638571932468,0.0356083086,0.0666666667,0.1016949153,0.1428571429,0.1752577320,0,0,0,0,0,1,NULL,standard_terms,usable_n_lt_30
6c77cd583b36a13aacccf2b3ee23e233,SP,marilia,1,0,1,0.0000000000,0.0,0 / 1,0,0.0000000000,0.0,-12.0000,NULL,0,0,NULL,1,0,0.0000000000,1,0,0.0000000000,0,0.0000000000,18.90,31.69,0,0,below_floor,393,0.0780768749,0.07638571932468,0.0356083086,0.0666666667,0.1016949153,0.1428571429,0.1752577320,0,0,0,0,0,1,NULL,standard_terms,usable_n_lt_30
6ebf4eceee4dd9847201c82e77ef8123,RJ,rio de janeiro,1,0,1,0.0000000000,0.0,0 / 1,0,0.0000000000,0.0,-5.0000,NULL,1,0,0.0000000000,0,0,NULL,1,0,0.0000000000,0,0.0000000000,59.90,82.03,0,0,below_floor,393,0.0780768749,0.07638571932468,0.0356083086,0.0666666667,0.1016949153,0.1428571429,0.1752577320,0,0,0,0,0,1,NULL,standard_terms,usable_n_lt_30
70c0fda4c313d87115644d39e62eec60,PE,caruaru,1,0,1,0.0000000000,0.0,0 / 1,0,0.0000000000,0.0,-14.0000,NULL,0,0,NULL,1,0,0.0000000000,1,0,0.0000000000,0,0.0000000000,25.99,63.08,0,0,below_floor,393,0.0780768749,0.07638571932468,0.0356083086,0.0666666667,0.1016949153,0.1428571429,0.1752577320,0,0,0,0,0,1,NULL,standard_terms,usable_n_lt_30
70f7e8018e3d46c748c92f026aa2585a,SP,sao paulo,1,0,1,0.0000000000,0.0,0 / 1,0,0.0000000000,0.0,-22.0000,NULL,0,0,NULL,1,0,0.0000000000,1,0,0.0000000000,0,0.0000000000,239.80,277.68,0,0,below_floor,393,0.0780768749,0.07638571932468,0.0356083086,0.0666666667,0.1016949153,0.1428571429,0.1752577320,0,0,0,0,0,1,NULL,standard_terms,usable_n_lt_30
712efd3b68f9686dc856b84abd0f21ae,PR,curitiba,1,0,1,0.0000000000,0.0,0 / 1,0,0.0000000000,0.0,-2.0000,NULL,0,0,NULL,1,0,0.0000000000,1,0,0.0000000000,0,0.0000000000,139.00,156.16,0,0,below_floor,393,0.0780768749,0.07638571932468,0.0356083086,0.0666666667,0.1016949153,0.1428571429,0.1752577320,0,0,0,0,0,1,NULL,standard_terms,usable_n_lt_30
718539d38d07dd351c76db862760e2e2,SP,campinas,1,0,1,0.0000000000,0.0,0 / 1,0,0.0000000000,0.0,-11.0000,NULL,1,0,0.0000000000,0,0,NULL,1,0,0.0000000000,0,0.0000000000,19.99,38.88,0,0,below_floor,393,0.0780768749,0.07638571932468,0.0356083086,0.0666666667,0.1016949153,0.1428571429,0.1752577320,0,0,0,0,0,1,NULL,standard_terms,usable_n_lt_30
723a46b89fd5c3ed78ccdf039e33ac63,RS,"novo hamburgo, rio grande do sul, brasil",1,0,1,0.0000000000,0.0,0 / 1,0,0.0000000000,0.0,-30.0000,NULL,0,0,NULL,1,0,0.0000000000,1,0,0.0000000000,0,0.0000000000,66.64,90.04,0,0,below_floor,393,0.0780768749,0.07638571932468,0.0356083086,0.0666666667,0.1016949153,0.1428571429,0.1752577320,0,0,0,0,0,1,NULL,standard_terms,usable_n_lt_30
72431a818f97fe6ab9c81eee3e297e54,SP,rio das pedras,1,0,1,0.0000000000,0.0,0 / 1,0,0.0000000000,0.0,-15.0000,NULL,1,0,0.0000000000,0,0,NULL,1,0,0.0000000000,0,0.0000000000,229.90,249.39,0,0,below_floor,393,0.0780768749,0.07638571932468,0.0356083086,0.0666666667,0.1016949153,0.1428571429,0.1752577320,0,0,0,0,0,1,NULL,standard_terms,usable_n_lt_30
73da1880b39c71de2b262bc7720c1494,SP,sao carlos,1,0,1,0.0000000000,0.0,0 / 1,0,0.0000000000,0.0,-16.0000,NULL,1,0,0.0000000000,0,0,NULL,1,0,0.0000000000,0,0.0000000000,199.00,226.71,0,0,below_floor,393,0.0780768749,0.07638571932468,0.0356083086,0.0666666667,0.1016949153,0.1428571429,0.1752577320,0,0,0,0,0,1,NULL,standard_terms,usable_n_lt_30
747c1cdcd1737dcfbd1547f6eb6f2cf3,SP,ibitinga,1,0,1,0.0000000000,0.0,0 / 1,0,0.0000000000,0.0,-17.0000,NULL,1,0,0.0000000000,0,0,NULL,0,0,NULL,1,1.0000000000,88.00,100.77,0,0,below_floor,393,0.0780768749,0.07638571932468,0.0356083086,0.0666666667,0.1016949153,0.1428571429,0.1752577320,0,0,0,0,0,1,NULL,standard_terms,usable_n_lt_30
7494d0dcba8551df6cf37f1b905dc2f7,SP,santos,1,0,1,0.0000000000,0.0,0 / 1,0,0.0000000000,0.0,-15.0000,NULL,0,0,NULL,1,0,0.0000000000,0,0,NULL,1,1.0000000000,45.90,62.97,0,0,below_floor,393,0.0780768749,0.07638571932468,0.0356083086,0.0666666667,0.1016949153,0.1428571429,0.1752577320,0,0,0,0,0,1,NULL,standard_terms,usable_n_lt_30
74a9b9bddf14ece02beb81f52c41a88d,SP,sao paulo,1,0,1,0.0000000000,0.0,0 / 1,0,0.0000000000,0.0,-15.0000,NULL,1,0,0.0000000000,0,0,NULL,1,0,0.0000000000,0,0.0000000000,60.00,77.70,0,0,below_floor,393,0.0780768749,0.07638571932468,0.0356083086,0.0666666667,0.1016949153,0.1428571429,0.1752577320,0,0,0,0,0,1,NULL,standard_terms,usable_n_lt_30
74bafed391319577bce6f4d2acc0589a,SP,sao paulo,1,0,1,0.0000000000,0.0,0 / 1,0,0.0000000000,0.0,-17.0000,NULL,1,0,0.0000000000,0,0,NULL,1,0,0.0000000000,0,0.0000000000,899.00,988.48,0,0,below_floor,393,0.0780768749,0.07638571932468,0.0356083086,0.0666666667,0.1016949153,0.1428571429,0.1752577320,0,0,0,0,0,1,NULL,standard_terms,usable_n_lt_30
751e274377499a8503fd6243ad9c56f6,SP,campinas,1,0,1,0.0000000000,0.0,0 / 1,0,0.0000000000,0.0,-6.0000,NULL,0,0,NULL,1,0,0.0000000000,1,0,0.0000000000,0,0.0000000000,218.00,235.84,0,0,below_floor,393,0.0780768749,0.07638571932468,0.0356083086,0.0666666667,0.1016949153,0.1428571429,0.1752577320,0,0,0,0,0,1,NULL,standard_terms,usable_n_lt_30
76623fde66e6b63b59440fd34160512d,SP,guarulhos,1,0,1,0.0000000000,0.0,0 / 1,0,0.0000000000,0.0,-13.0000,NULL,1,0,0.0000000000,0,0,NULL,1,0,0.0000000000,0,0.0000000000,29.50,37.28,0,0,below_floor,393,0.0780768749,0.07638571932468,0.0356083086,0.0666666667,0.1016949153,0.1428571429,0.1752577320,0,0,0,0,0,1,NULL,standard_terms,usable_n_lt_30
76de363de16dacc923eec8daf91df504,SC,xaxim,1,0,1,0.0000000000,0.0,0 / 1,0,0.0000000000,0.0,-15.0000,NULL,1,0,0.0000000000,0,0,NULL,1,0,0.0000000000,0,0.0000000000,250.00,282.40,0,0,below_floor,393,0.0780768749,0.07638571932468,0.0356083086,0.0666666667,0.1016949153,0.1428571429,0.1752577320,0,0,0,0,0,1,NULL,standard_terms,usable_n_lt_30
7816cd9c5b1238e320545f5bf7eb80e8,SP,araraquara,1,0,1,0.0000000000,0.0,0 / 1,0,0.0000000000,0.0,-14.0000,NULL,0,0,NULL,1,0,0.0000000000,1,0,0.0000000000,0,0.0000000000,489.00,511.76,0,0,below_floor,393,0.0780768749,0.07638571932468,0.0356083086,0.0666666667,0.1016949153,0.1428571429,0.1752577320,0,0,0,0,0,1,NULL,standard_terms,usable_n_lt_30
78813699ffac347fe27dba345a5f1551,RS,bento goncalves,1,0,1,0.0000000000,0.0,0 / 1,0,0.0000000000,0.0,-29.0000,NULL,0,0,NULL,1,0,0.0000000000,1,0,0.0000000000,0,0.0000000000,152.42,200.54,0,0,below_floor,393,0.0780768749,0.07638571932468,0.0356083086,0.0666666667,0.1016949153,0.1428571429,0.1752577320,0,0,0,0,0,1,NULL,standard_terms,usable_n_lt_30
7a704e63bb29c446869efde5d57524c8,PR,francisco beltrao,1,0,1,0.0000000000,0.0,0 / 1,0,0.0000000000,0.0,-19.0000,NULL,1,0,0.0000000000,0,0,NULL,1,0,0.0000000000,0,0.0000000000,94.49,109.90,0,0,below_floor,393,0.0780768749,0.07638571932468,0.0356083086,0.0666666667,0.1016949153,0.1428571429,0.1752577320,0,0,0,0,0,1,NULL,standard_terms,usable_n_lt_30
7bb8fac2913a6064ec412e583c6d8b4d,SP,bauru,1,0,1,0.0000000000,0.0,0 / 1,0,0.0000000000,0.0,-23.0000,NULL,1,0,0.0000000000,0,0,NULL,1,0,0.0000000000,0,0.0000000000,109.00,125.52,0,0,below_floor,393,0.0780768749,0.07638571932468,0.0356083086,0.0666666667,0.1016949153,0.1428571429,0.1752577320,0,0,0,0,0,1,NULL,standard_terms,usable_n_lt_30
7caa63f175b1cecbfaadd8b5ab9998c7,SP,sao paulo,1,0,1,0.0000000000,0.0,0 / 1,0,0.0000000000,0.0,-22.0000,NULL,1,0,0.0000000000,0,0,NULL,0,0,NULL,1,1.0000000000,19.90,27.64,0,0,below_floor,393,0.0780768749,0.07638571932468,0.0356083086,0.0666666667,0.1016949153,0.1428571429,0.1752577320,0,0,0,0,0,1,NULL,standard_terms,usable_n_lt_30
7cf4ea70955b00d6b3c22542598e2715,SP,sao paulo,1,0,1,0.0000000000,0.0,0 / 1,0,0.0000000000,0.0,-11.0000,NULL,0,0,NULL,1,0,0.0000000000,1,0,0.0000000000,0,0.0000000000,189.90,204.81,0,0,below_floor,393,0.0780768749,0.07638571932468,0.0356083086,0.0666666667,0.1016949153,0.1428571429,0.1752577320,0,0,0,0,0,1,NULL,standard_terms,usable_n_lt_30
7d81e74a4755b552267cd5e081563028,SP,sao paulo,1,0,1,0.0000000000,0.0,0 / 1,0,0.0000000000,0.0,-6.0000,NULL,0,0,NULL,1,0,0.0000000000,1,0,0.0000000000,0,0.0000000000,32.50,39.99,0,0,below_floor,393,0.0780768749,0.07638571932468,0.0356083086,0.0666666667,0.1016949153,0.1428571429,0.1752577320,0,0,0,0,0,1,NULL,standard_terms,usable_n_lt_30
7d948535954aaf8c5d39db007f74372e,SP,guaruja,1,0,1,0.0000000000,0.0,0 / 1,0,0.0000000000,0.0,-9.0000,NULL,1,0,0.0000000000,0,0,NULL,1,0,0.0000000000,0,0.0000000000,49.00,57.82,0,0,below_floor,393,0.0780768749,0.07638571932468,0.0356083086,0.0666666667,0.1016949153,0.1428571429,0.1752577320,0,0,0,0,0,1,NULL,standard_terms,usable_n_lt_30
7dc9a3355bae96dd82008b313d3a456c,MG,dores de campos,1,0,1,0.0000000000,0.0,0 / 1,0,0.0000000000,0.0,-14.0000,NULL,0,0,NULL,1,0,0.0000000000,1,0,0.0000000000,0,0.0000000000,899.00,949.62,0,0,below_floor,393,0.0780768749,0.07638571932468,0.0356083086,0.0666666667,0.1016949153,0.1428571429,0.1752577320,0,0,0,0,0,1,NULL,standard_terms,usable_n_lt_30
82921991ff5b557b045605b8bbf08d49,SP,sao paulo,1,0,1,0.0000000000,0.0,0 / 1,0,0.0000000000,0.0,-13.0000,NULL,0,0,NULL,1,0,0.0000000000,1,0,0.0000000000,0,0.0000000000,18.90,37.13,0,0,below_floor,393,0.0780768749,0.07638571932468,0.0356083086,0.0666666667,0.1016949153,0.1428571429,0.1752577320,0,0,0,0,0,1,NULL,standard_terms,usable_n_lt_30
83e197e95a1bbabc8c75e883ed016c47,RJ,mage,1,0,1,0.0000000000,0.0,0 / 1,0,0.0000000000,0.0,-12.0000,NULL,1,0,0.0000000000,0,0,NULL,1,0,0.0000000000,0,0.0000000000,117.50,129.78,0,0,below_floor,393,0.0780768749,0.07638571932468,0.0356083086,0.0666666667,0.1016949153,0.1428571429,0.1752577320,0,0,0,0,0,1,NULL,standard_terms,usable_n_lt_30
850857dfac77488c307e2b1cbd84ab5a,PR,cascavel,1,0,1,0.0000000000,0.0,0 / 1,0,0.0000000000,0.0,-26.0000,NULL,0,0,NULL,1,0,0.0000000000,1,0,0.0000000000,0,0.0000000000,1599.00,1638.72,0,0,below_floor,393,0.0780768749,0.07638571932468,0.0356083086,0.0666666667,0.1016949153,0.1428571429,0.1752577320,0,0,0,0,0,1,NULL,standard_terms,usable_n_lt_30
85e7c62c1d6ea078c3897424f867a7c8,SC,itapema,1,0,1,0.0000000000,0.0,0 / 1,0,0.0000000000,0.0,-17.0000,NULL,1,0,0.0000000000,0,0,NULL,1,0,0.0000000000,0,0.0000000000,30.00,42.60,0,0,below_floor,393,0.0780768749,0.07638571932468,0.0356083086,0.0666666667,0.1016949153,0.1428571429,0.1752577320,0,0,0,0,0,1,NULL,standard_terms,usable_n_lt_30
8603f0038fe0e52fedd3382d266723de,SC,garopaba,1,0,1,0.0000000000,0.0,0 / 1,0,0.0000000000,0.0,-2.0000,NULL,1,0,0.0000000000,0,0,NULL,1,0,0.0000000000,0,0.0000000000,167.00,213.64,0,0,below_floor,393,0.0780768749,0.07638571932468,0.0356083086,0.0666666667,0.1016949153,0.1428571429,0.1752577320,0,0,0,0,0,1,NULL,standard_terms,usable_n_lt_30
876182d1918783bbe15233febfbd4926,SP,sao paulo,1,0,1,0.0000000000,0.0,0 / 1,0,0.0000000000,0.0,-10.0000,NULL,1,0,0.0000000000,0,0,NULL,1,0,0.0000000000,0,0.0000000000,34.98,43.70,0,0,below_floor,393,0.0780768749,0.07638571932468,0.0356083086,0.0666666667,0.1016949153,0.1428571429,0.1752577320,0,0,0,0,0,1,NULL,standard_terms,usable_n_lt_30
87b4428a334b8f676fd9a7f3bf544fb5,SP,guaimbe,1,0,1,0.0000000000,0.0,0 / 1,0,0.0000000000,0.0,-24.0000,NULL,0,0,NULL,1,0,0.0000000000,1,0,0.0000000000,0,0.0000000000,29.99,48.98,0,0,below_floor,393,0.0780768749,0.07638571932468,0.0356083086,0.0666666667,0.1016949153,0.1428571429,0.1752577320,0,0,0,0,0,1,NULL,standard_terms,usable_n_lt_30
87d73636a3acf123e842bb890a4db036,SP,nhandeara,1,0,1,0.0000000000,0.0,0 / 1,0,0.0000000000,0.0,-3.0000,NULL,0,0,NULL,1,0,0.0000000000,1,0,0.0000000000,0,0.0000000000,269.90,313.61,0,0,below_floor,393,0.0780768749,0.07638571932468,0.0356083086,0.0666666667,0.1016949153,0.1428571429,0.1752577320,0,0,0,0,0,1,NULL,standard_terms,usable_n_lt_30
880ce4951cf857ab1d9e0b75c1d856f4,MG,belo horizont,1,0,1,0.0000000000,0.0,0 / 1,0,0.0000000000,0.0,-19.0000,NULL,1,0,0.0000000000,0,0,NULL,1,0,0.0000000000,0,0.0000000000,178.90,197.72,0,0,below_floor,393,0.0780768749,0.07638571932468,0.0356083086,0.0666666667,0.1016949153,0.1428571429,0.1752577320,0,0,0,0,0,1,NULL,standard_terms,usable_n_lt_30
88cd3681e0a2ba85e190f7d817629c4c,SC,brusque,1,0,1,0.0000000000,0.0,0 / 1,0,0.0000000000,0.0,-9.0000,NULL,0,0,NULL,1,0,0.0000000000,1,0,0.0000000000,0,0.0000000000,180.00,199.36,0,0,below_floor,393,0.0780768749,0.07638571932468,0.0356083086,0.0666666667,0.1016949153,0.1428571429,0.1752577320,0,0,0,0,0,1,NULL,standard_terms,usable_n_lt_30
89c127985a8b130cfa45c1d36764017a,SP,osasco,1,0,1,0.0000000000,0.0,0 / 1,0,0.0000000000,0.0,-14.0000,NULL,1,0,0.0000000000,0,0,NULL,1,0,0.0000000000,0,0.0000000000,94.90,106.77,0,0,below_floor,393,0.0780768749,0.07638571932468,0.0356083086,0.0666666667,0.1016949153,0.1428571429,0.1752577320,0,0,0,0,0,1,NULL,standard_terms,usable_n_lt_30
89dda63a3c907c468ec88c310ed91213,SP,maua/sao paulo,1,0,1,0.0000000000,0.0,0 / 1,0,0.0000000000,0.0,-6.0000,NULL,1,0,0.0000000000,0,0,NULL,1,0,0.0000000000,0,0.0000000000,44.99,65.39,0,0,below_floor,393,0.0780768749,0.07638571932468,0.0356083086,0.0666666667,0.1016949153,0.1428571429,0.1752577320,0,0,0,0,0,1,NULL,standard_terms,usable_n_lt_30
8b181ee5518df84f18f4e1a43fe07923,SP,goioere,1,0,1,0.0000000000,0.0,0 / 1,0,0.0000000000,0.0,-22.0000,NULL,0,0,NULL,1,0,0.0000000000,1,0,0.0000000000,0,0.0000000000,27.90,54.98,0,0,below_floor,393,0.0780768749,0.07638571932468,0.0356083086,0.0666666667,0.1016949153,0.1428571429,0.1752577320,0,0,0,0,0,1,NULL,standard_terms,usable_n_lt_30
8bd0e3abda539b9479c4b44a691be1ec,RS,tres de maio,1,0,1,0.0000000000,0.0,0 / 1,0,0.0000000000,0.0,-29.0000,NULL,1,0,0.0000000000,0,0,NULL,1,0,0.0000000000,0,0.0000000000,121.50,209.50,0,0,below_floor,393,0.0780768749,0.07638571932468,0.0356083086,0.0666666667,0.1016949153,0.1428571429,0.1752577320,0,0,0,0,0,1,NULL,standard_terms,usable_n_lt_30
8c351ed7c326c62123318f4f3246e906,SP,praia grande,1,0,1,0.0000000000,0.0,0 / 1,0,0.0000000000,0.0,-13.0000,NULL,0,0,NULL,1,0,0.0000000000,1,0,0.0000000000,0,0.0000000000,59.90,79.51,0,0,below_floor,393,0.0780768749,0.07638571932468,0.0356083086,0.0666666667,0.1016949153,0.1428571429,0.1752577320,0,0,0,0,0,1,NULL,standard_terms,usable_n_lt_30
8cb7c5ddf41f4d506eba76e9a4702a25,GO,anapolis,1,0,1,0.0000000000,0.0,0 / 1,0,0.0000000000,0.0,-12.0000,NULL,1,0,0.0000000000,0,0,NULL,1,0,0.0000000000,0,0.0000000000,69.00,97.88,0,0,below_floor,393,0.0780768749,0.07638571932468,0.0356083086,0.0666666667,0.1016949153,0.1428571429,0.1752577320,0,0,0,0,0,1,NULL,standard_terms,usable_n_lt_30
8d46553a36e68f95350a200c12f8f2e2,SP,campinas,1,0,1,0.0000000000,0.0,0 / 1,0,0.0000000000,0.0,-5.0000,NULL,1,0,0.0000000000,0,0,NULL,1,0,0.0000000000,0,0.0000000000,500.00,546.25,0,0,below_floor,393,0.0780768749,0.07638571932468,0.0356083086,0.0666666667,0.1016949153,0.1428571429,0.1752577320,0,0,0,0,0,1,NULL,standard_terms,usable_n_lt_30
8d79c8a04e42d722a75097ce5cbcf2ef,CE,caucaia,1,0,1,0.0000000000,0.0,0 / 1,0,0.0000000000,0.0,-12.0000,NULL,1,0,0.0000000000,0,0,NULL,1,0,0.0000000000,0,0.0000000000,149.90,173.49,0,0,below_floor,393,0.0780768749,0.07638571932468,0.0356083086,0.0666666667,0.1016949153,0.1428571429,0.1752577320,0,0,0,0,0,1,NULL,standard_terms,usable_n_lt_30
8dd386be0767c330276ea6a3f96532d3,SC,paulo lopes,1,0,1,0.0000000000,0.0,0 / 1,0,0.0000000000,0.0,-9.0000,NULL,0,0,NULL,1,0,0.0000000000,1,0,0.0000000000,0,0.0000000000,89.98,134.48,0,0,below_floor,393,0.0780768749,0.07638571932468,0.0356083086,0.0666666667,0.1016949153,0.1428571429,0.1752577320,0,0,0,0,0,1,NULL,standard_terms,usable_n_lt_30
8de8fe3af4449ed695d2434c933ed73e,SP,sao paulo,1,0,1,0.0000000000,0.0,0 / 1,0,0.0000000000,0.0,-20.0000,NULL,0,0,NULL,1,0,0.0000000000,1,0,0.0000000000,0,0.0000000000,2090.00,2155.35,0,0,below_floor,393,0.0780768749,0.07638571932468,0.0356083086,0.0666666667,0.1016949153,0.1428571429,0.1752577320,0,0,0,0,0,1,NULL,standard_terms,usable_n_lt_30
8ea394aed8138685abe1eb9f25e1021d,SP,sorocaba,1,0,1,0.0000000000,0.0,0 / 1,0,0.0000000000,0.0,-3.0000,NULL,0,0,NULL,1,0,0.0000000000,1,0,0.0000000000,0,0.0000000000,670.00,698.45,0,0,below_floor,393,0.0780768749,0.07638571932468,0.0356083086,0.0666666667,0.1016949153,0.1428571429,0.1752577320,0,0,0,0,0,1,NULL,standard_terms,usable_n_lt_30
8eb88b0acb3f90a717ad659221471fa7,SC,cacador,1,0,1,0.0000000000,0.0,0 / 1,0,0.0000000000,0.0,-22.0000,NULL,1,0,0.0000000000,0,0,NULL,1,0,0.0000000000,0,0.0000000000,59.90,75.07,0,0,below_floor,393,0.0780768749,0.07638571932468,0.0356083086,0.0666666667,0.1016949153,0.1428571429,0.1752577320,0,0,0,0,0,1,NULL,standard_terms,usable_n_lt_30
8fb67a334bacec338885b4e9e1708073,PR,toledo,1,0,1,0.0000000000,0.0,0 / 1,0,0.0000000000,0.0,-11.0000,NULL,0,0,NULL,1,0,0.0000000000,1,0,0.0000000000,0,0.0000000000,59.90,98.42,0,0,below_floor,393,0.0780768749,0.07638571932468,0.0356083086,0.0666666667,0.1016949153,0.1428571429,0.1752577320,0,0,0,0,0,1,NULL,standard_terms,usable_n_lt_30
8fd3b4468f6425810648177996c14cbd,SP,sao jose do rio preto,1,0,1,0.0000000000,0.0,0 / 1,0,0.0000000000,0.0,-19.0000,NULL,0,0,NULL,1,0,0.0000000000,1,0,0.0000000000,0,0.0000000000,354.90,376.57,0,0,below_floor,393,0.0780768749,0.07638571932468,0.0356083086,0.0666666667,0.1016949153,0.1428571429,0.1752577320,0,0,0,0,0,1,NULL,standard_terms,usable_n_lt_30
913fd0ebba70bb919f7254a02239173c,SC,blumenau,1,0,1,0.0000000000,0.0,0 / 1,0,0.0000000000,0.0,-8.0000,NULL,0,0,NULL,1,0,0.0000000000,1,0,0.0000000000,0,0.0000000000,159.90,179.12,0,0,below_floor,393,0.0780768749,0.07638571932468,0.0356083086,0.0666666667,0.1016949153,0.1428571429,0.1752577320,0,0,0,0,0,1,NULL,standard_terms,usable_n_lt_30
9140ef75cc8211c4035935e80e567204,PR,maringa,1,0,1,0.0000000000,0.0,0 / 1,0,0.0000000000,0.0,-14.0000,NULL,0,0,NULL,1,0,0.0000000000,1,0,0.0000000000,0,0.0000000000,49.90,72.18,0,0,below_floor,393,0.0780768749,0.07638571932468,0.0356083086,0.0666666667,0.1016949153,0.1428571429,0.1752577320,0,0,0,0,0,1,NULL,standard_terms,usable_n_lt_30
91543f9849d68d023e17194926598543,SC,blumenau,1,0,1,0.0000000000,0.0,0 / 1,0,0.0000000000,0.0,-15.0000,NULL,1,0,0.0000000000,0,0,NULL,1,0,0.0000000000,0,0.0000000000,69.00,87.05,0,0,below_floor,393,0.0780768749,0.07638571932468,0.0356083086,0.0666666667,0.1016949153,0.1428571429,0.1752577320,0,0,0,0,0,1,NULL,standard_terms,usable_n_lt_30
9315e491484b1b0081ca166fc164108d,PR,londrina,1,0,1,0.0000000000,0.0,0 / 1,0,0.0000000000,0.0,-24.0000,NULL,0,0,NULL,1,0,0.0000000000,0,0,NULL,1,1.0000000000,29.99,60.40,0,0,below_floor,393,0.0780768749,0.07638571932468,0.0356083086,0.0666666667,0.1016949153,0.1428571429,0.1752577320,0,0,0,0,0,1,NULL,standard_terms,usable_n_lt_30
94165aea8a35c3c21499cbcae239b16c,MG,uberlandia,1,0,1,0.0000000000,0.0,0 / 1,0,0.0000000000,0.0,-13.0000,NULL,0,0,NULL,1,0,0.0000000000,1,0,0.0000000000,0,0.0000000000,180.00,196.11,0,0,below_floor,393,0.0780768749,0.07638571932468,0.0356083086,0.0666666667,0.1016949153,0.1428571429,0.1752577320,0,0,0,0,0,1,NULL,standard_terms,usable_n_lt_30
9449f25aeaf531019b76999ea49a6949,RJ,rio de janeiro,1,0,1,0.0000000000,0.0,0 / 1,0,0.0000000000,0.0,-12.0000,NULL,1,0,0.0000000000,0,0,NULL,1,0,0.0000000000,0,0.0000000000,239.99,254.66,0,0,below_floor,393,0.0780768749,0.07638571932468,0.0356083086,0.0666666667,0.1016949153,0.1428571429,0.1752577320,0,0,0,0,0,1,NULL,standard_terms,usable_n_lt_30
94d76e96eedd976258cd3278ce56d5f2,SP,sao roque,1,0,1,0.0000000000,0.0,0 / 1,0,0.0000000000,0.0,-7.0000,NULL,0,0,NULL,1,0,0.0000000000,1,0,0.0000000000,0,0.0000000000,385.61,454.17,0,0,below_floor,393,0.0780768749,0.07638571932468,0.0356083086,0.0666666667,0.1016949153,0.1428571429,0.1752577320,0,0,0,0,0,1,NULL,standard_terms,usable_n_lt_30
9523fb39dd240aa958e040f8183d64f3,SP,sao paulo,1,0,1,0.0000000000,0.0,0 / 1,0,0.0000000000,0.0,-17.0000,NULL,0,0,NULL,1,0,0.0000000000,1,0,0.0000000000,0,0.0000000000,146.99,168.29,0,0,below_floor,393,0.0780768749,0.07638571932468,0.0356083086,0.0666666667,0.1016949153,0.1428571429,0.1752577320,0,0,0,0,0,1,NULL,standard_terms,usable_n_lt_30
9599519be538b98748162a2b48248960,SP,sao paulo,1,0,1,0.0000000000,0.0,0 / 1,0,0.0000000000,0.0,-8.0000,NULL,1,0,0.0000000000,0,0,NULL,1,0,0.0000000000,0,0.0000000000,570.00,630.06,0,0,below_floor,393,0.0780768749,0.07638571932468,0.0356083086,0.0666666667,0.1016949153,0.1428571429,0.1752577320,0,0,0,0,0,1,NULL,standard_terms,usable_n_lt_30
95cca791657aabeff15a07eb152d7841,PR,palotina,1,0,1,0.0000000000,0.0,0 / 1,0,0.0000000000,0.0,-26.0000,NULL,0,0,NULL,1,0,0.0000000000,1,0,0.0000000000,0,0.0000000000,9.99,28.22,0,0,below_floor,393,0.0780768749,0.07638571932468,0.0356083086,0.0666666667,0.1016949153,0.1428571429,0.1752577320,0,0,0,0,0,1,NULL,standard_terms,usable_n_lt_30
964ff64dc05b13811c6d0f41e0aa5f6b,SP,sao paulo,1,0,1,0.0000000000,0.0,0 / 1,0,0.0000000000,0.0,-14.0000,NULL,0,0,NULL,1,0,0.0000000000,1,0,0.0000000000,0,0.0000000000,180.00,204.06,0,0,below_floor,393,0.0780768749,0.07638571932468,0.0356083086,0.0666666667,0.1016949153,0.1428571429,0.1752577320,0,0,0,0,0,1,NULL,standard_terms,usable_n_lt_30
96f7c797de9ca20efbe14545bed63eec,SP,cravinhos,1,0,1,0.0000000000,0.0,0 / 1,0,0.0000000000,0.0,-14.0000,NULL,1,0,0.0000000000,0,0,NULL,1,0,0.0000000000,0,0.0000000000,138.60,176.97,0,0,below_floor,393,0.0780768749,0.07638571932468,0.0356083086,0.0666666667,0.1016949153,0.1428571429,0.1752577320,0,0,0,0,0,1,NULL,standard_terms,usable_n_lt_30
97e50a621f8e801f4baf69e08687c192,SP,sao paulo,1,0,1,0.0000000000,0.0,0 / 1,0,0.0000000000,0.0,-5.0000,NULL,1,0,0.0000000000,0,0,NULL,1,0,0.0000000000,0,0.0000000000,89.90,97.78,0,0,below_floor,393,0.0780768749,0.07638571932468,0.0356083086,0.0666666667,0.1016949153,0.1428571429,0.1752577320,0,0,0,0,0,1,NULL,standard_terms,usable_n_lt_30
99a25c39b28a74d1151c35c18d178292,SP,sao paulo,1,0,1,0.0000000000,0.0,0 / 1,0,0.0000000000,0.0,-10.0000,NULL,0,0,NULL,1,0,0.0000000000,1,0,0.0000000000,0,0.0000000000,173.94,218.70,0,0,below_floor,393,0.0780768749,0.07638571932468,0.0356083086,0.0666666667,0.1016949153,0.1428571429,0.1752577320,0,0,0,0,0,1,NULL,standard_terms,usable_n_lt_30
9ac75591b69c3402684b6ce0310f22ee,SP,sao paulo,1,0,1,0.0000000000,0.0,0 / 1,1,1.0000000000,100.0,0.0000,NULL,0,0,NULL,1,0,0.0000000000,1,0,0.0000000000,0,0.0000000000,60.50,69.67,0,0,below_floor,393,0.0780768749,0.07638571932468,0.0356083086,0.0666666667,0.1016949153,0.1428571429,0.1752577320,0,0,0,0,0,1,NULL,standard_terms,usable_n_lt_30
9b522ba7eae9e1d04082f267144583cc,SP,sao paulo,1,0,1,0.0000000000,0.0,0 / 1,0,0.0000000000,0.0,-4.0000,NULL,1,0,0.0000000000,0,0,NULL,1,0,0.0000000000,0,0.0000000000,119.80,142.10,0,0,below_floor,393,0.0780768749,0.07638571932468,0.0356083086,0.0666666667,0.1016949153,0.1428571429,0.1752577320,0,0,0,0,0,1,NULL,standard_terms,usable_n_lt_30
9c3a1c416c765687bc79a04113269929,MG,carmo da mata,1,0,1,0.0000000000,0.0,0 / 1,0,0.0000000000,0.0,-11.0000,NULL,1,0,0.0000000000,0,0,NULL,1,0,0.0000000000,0,0.0000000000,74.90,133.80,0,0,below_floor,393,0.0780768749,0.07638571932468,0.0356083086,0.0666666667,0.1016949153,0.1428571429,0.1752577320,0,0,0,0,0,1,NULL,standard_terms,usable_n_lt_30
9c3c24eca51c52b91c1de727d2a2ae06,RS,caxias do sul,1,0,1,0.0000000000,0.0,0 / 1,0,0.0000000000,0.0,-10.0000,NULL,0,0,NULL,1,0,0.0000000000,1,0,0.0000000000,0,0.0000000000,49.90,68.13,0,0,below_floor,393,0.0780768749,0.07638571932468,0.0356083086,0.0666666667,0.1016949153,0.1428571429,0.1752577320,0,0,0,0,0,1,NULL,standard_terms,usable_n_lt_30
9d69ba0a7a626a64dc5db08e529559cf,SP,ribeirao preto,1,0,1,0.0000000000,0.0,0 / 1,0,0.0000000000,0.0,-3.0000,NULL,0,0,NULL,1,0,0.0000000000,1,0,0.0000000000,0,0.0000000000,19.30,37.54,0,0,below_floor,393,0.0780768749,0.07638571932468,0.0356083086,0.0666666667,0.1016949153,0.1428571429,0.1752577320,0,0,0,0,0,1,NULL,standard_terms,usable_n_lt_30
a00824eb9093d40e589b940ec45c4eb0,SP,bofete,1,0,1,0.0000000000,0.0,0 / 1,0,0.0000000000,0.0,-11.0000,NULL,1,0,0.0000000000,0,0,NULL,1,0,0.0000000000,0,0.0000000000,3399.99,3526.46,0,0,below_floor,393,0.0780768749,0.07638571932468,0.0356083086,0.0666666667,0.1016949153,0.1428571429,0.1752577320,0,0,0,0,0,1,NULL,standard_terms,usable_n_lt_30
a08692680c77d30a0b4280da5df01c5a,SP,sao paulo,1,0,1,0.0000000000,0.0,0 / 1,0,0.0000000000,0.0,-8.0000,NULL,1,0,0.0000000000,0,0,NULL,1,0,0.0000000000,0,0.0000000000,330.00,356.88,0,0,below_floor,393,0.0780768749,0.07638571932468,0.0356083086,0.0666666667,0.1016949153,0.1428571429,0.1752577320,0,0,0,0,0,1,NULL,standard_terms,usable_n_lt_30
a1040efe9ff4a6f93c28b0499eada8f5,SP,jundiai,1,0,1,0.0000000000,0.0,0 / 1,0,0.0000000000,0.0,-15.0000,NULL,1,0,0.0000000000,0,0,NULL,1,0,0.0000000000,0,0.0000000000,1658.83,1693.31,0,0,below_floor,393,0.0780768749,0.07638571932468,0.0356083086,0.0666666667,0.1016949153,0.1428571429,0.1752577320,0,0,0,0,0,1,NULL,standard_terms,usable_n_lt_30
a13580f0e8f782b7a543885a0ef99f08,RJ,rio de janeiro,1,0,1,0.0000000000,0.0,0 / 1,0,0.0000000000,0.0,-16.0000,NULL,0,0,NULL,1,0,0.0000000000,1,0,0.0000000000,0,0.0000000000,99.99,147.13,0,0,below_floor,393,0.0780768749,0.07638571932468,0.0356083086,0.0666666667,0.1016949153,0.1428571429,0.1752577320,0,0,0,0,0,1,NULL,standard_terms,usable_n_lt_30
a150c540f572d0fb53992264bc5c10b5,SP,sorocaba,1,0,1,0.0000000000,0.0,0 / 1,0,0.0000000000,0.0,-20.0000,NULL,1,0,0.0000000000,0,0,NULL,1,0,0.0000000000,0,0.0000000000,119.90,135.49,0,0,below_floor,393,0.0780768749,0.07638571932468,0.0356083086,0.0666666667,0.1016949153,0.1428571429,0.1752577320,0,0,0,0,0,1,NULL,standard_terms,usable_n_lt_30
a1bea9970d8f65b240555f99c2214f7f,PR,pinhais,1,0,1,0.0000000000,0.0,0 / 1,0,0.0000000000,0.0,-13.0000,NULL,0,0,NULL,1,0,0.0000000000,1,0,0.0000000000,0,0.0000000000,75.00,102.48,0,0,below_floor,393,0.0780768749,0.07638571932468,0.0356083086,0.0666666667,0.1016949153,0.1428571429,0.1752577320,0,0,0,0,0,1,NULL,standard_terms,usable_n_lt_30
a20d8058c866dbaeca014d2cd20ac62e,SP,sao jose dos campos,1,0,1,0.0000000000,0.0,0 / 1,1,1.0000000000,100.0,0.0000,NULL,0,0,NULL,1,0,0.0000000000,1,0,0.0000000000,0,0.0000000000,597.00,620.15,0,0,below_floor,393,0.0780768749,0.07638571932468,0.0356083086,0.0666666667,0.1016949153,0.1428571429,0.1752577320,0,0,0,0,0,1,NULL,standard_terms,usable_n_lt_30
a213f1bd6458f4a158f3746cb2514559,PR,maringa,1,0,1,0.0000000000,0.0,0 / 1,0,0.0000000000,0.0,-26.0000,NULL,0,0,NULL,1,0,0.0000000000,1,0,0.0000000000,0,0.0000000000,41.52,55.95,0,0,below_floor,393,0.0780768749,0.07638571932468,0.0356083086,0.0666666667,0.1016949153,0.1428571429,0.1752577320,0,0,0,0,0,1,NULL,standard_terms,usable_n_lt_30
a2fa0bdc798ee84cdb08281337cf4fb6,SC,florianopolis,1,0,1,0.0000000000,0.0,0 / 1,0,0.0000000000,0.0,-14.0000,NULL,1,0,0.0000000000,0,0,NULL,1,0,0.0000000000,0,0.0000000000,18.20,33.30,0,0,below_floor,393,0.0780768749,0.07638571932468,0.0356083086,0.0666666667,0.1016949153,0.1428571429,0.1752577320,0,0,0,0,0,1,NULL,standard_terms,usable_n_lt_30
a3b42d266fa8afc874b909422ce88582,SP,orlandia,1,0,1,0.0000000000,0.0,0 / 1,0,0.0000000000,0.0,-4.0000,NULL,0,0,NULL,1,0,0.0000000000,1,0,0.0000000000,0,0.0000000000,839.40,921.24,0,0,below_floor,393,0.0780768749,0.07638571932468,0.0356083086,0.0666666667,0.1016949153,0.1428571429,0.1752577320,0,0,0,0,0,1,NULL,standard_terms,usable_n_lt_30
a3fa18b3f688ec0fca3eb8bfcbd2d5b3,SP,sa╠âo paulo,1,0,1,0.0000000000,0.0,0 / 1,0,0.0000000000,0.0,-3.0000,NULL,1,0,0.0000000000,0,0,NULL,1,0,0.0000000000,0,0.0000000000,47.80,84.26,0,0,below_floor,393,0.0780768749,0.07638571932468,0.0356083086,0.0666666667,0.1016949153,0.1428571429,0.1752577320,0,0,0,0,0,1,NULL,standard_terms,usable_n_lt_30
a478c7961d6a992065b24e63b366f90b,SC,blumenau,1,0,1,0.0000000000,0.0,0 / 1,0,0.0000000000,0.0,-14.0000,NULL,1,0,0.0000000000,0,0,NULL,1,0,0.0000000000,0,0.0000000000,199.00,225.23,0,0,below_floor,393,0.0780768749,0.07638571932468,0.0356083086,0.0666666667,0.1016949153,0.1428571429,0.1752577320,0,0,0,0,0,1,NULL,standard_terms,usable_n_lt_30
a4b8d97cd5d3674eeff96abc99d8ed67,SP,sumare,1,0,1,0.0000000000,0.0,0 / 1,0,0.0000000000,0.0,-16.0000,NULL,0,0,NULL,1,0,0.0000000000,1,0,0.0000000000,0,0.0000000000,214.08,233.38,0,0,below_floor,393,0.0780768749,0.07638571932468,0.0356083086,0.0666666667,0.1016949153,0.1428571429,0.1752577320,0,0,0,0,0,1,NULL,standard_terms,usable_n_lt_30
a4bd6e9adf39b63f43dc545d3ca1f53d,RJ,rio de janeiro,1,0,1,0.0000000000,0.0,0 / 1,0,0.0000000000,0.0,-13.0000,NULL,0,0,NULL,1,0,0.0000000000,1,0,0.0000000000,0,0.0000000000,299.80,335.32,0,0,below_floor,393,0.0780768749,0.07638571932468,0.0356083086,0.0666666667,0.1016949153,0.1428571429,0.1752577320,0,0,0,0,0,1,NULL,standard_terms,usable_n_lt_30
a4fc6eadaff1576af888509a53420f6a,SP,sao caetano do sul,1,0,1,0.0000000000,0.0,0 / 1,0,0.0000000000,0.0,-6.0000,NULL,0,0,NULL,1,0,0.0000000000,1,0,0.0000000000,0,0.0000000000,100.86,121.62,0,0,below_floor,393,0.0780768749,0.07638571932468,0.0356083086,0.0666666667,0.1016949153,0.1428571429,0.1752577320,0,0,0,0,0,1,NULL,standard_terms,usable_n_lt_30
a56a8043ebf66e42119618fb8cf232c6,SC,joinville,1,0,1,0.0000000000,0.0,0 / 1,0,0.0000000000,0.0,-9.0000,NULL,0,0,NULL,1,0,0.0000000000,1,0,0.0000000000,0,0.0000000000,83.00,106.73,0,0,below_floor,393,0.0780768749,0.07638571932468,0.0356083086,0.0666666667,0.1016949153,0.1428571429,0.1752577320,0,0,0,0,0,1,NULL,standard_terms,usable_n_lt_30
a61cc04793308395a840807104365121,SP,jarinu,1,0,1,0.0000000000,0.0,0 / 1,0,0.0000000000,0.0,-10.0000,NULL,0,0,NULL,1,0,0.0000000000,1,0,0.0000000000,0,0.0000000000,14.63,38.37,0,0,below_floor,393,0.0780768749,0.07638571932468,0.0356083086,0.0666666667,0.1016949153,0.1428571429,0.1752577320,0,0,0,0,0,1,NULL,standard_terms,usable_n_lt_30
a663d9c3797e90eac99ff60939416a56,SP,sao paulo,1,0,1,0.0000000000,0.0,0 / 1,0,0.0000000000,0.0,-7.0000,NULL,0,0,NULL,1,0,0.0000000000,1,0,0.0000000000,0,0.0000000000,235.00,249.08,0,0,below_floor,393,0.0780768749,0.07638571932468,0.0356083086,0.0666666667,0.1016949153,0.1428571429,0.1752577320,0,0,0,0,0,1,NULL,standard_terms,usable_n_lt_30
a72f15980dc3e9bfd1a49ac9b2f3af65,SP,marilia,1,0,1,0.0000000000,0.0,0 / 1,0,0.0000000000,0.0,-14.0000,NULL,0,0,NULL,1,0,0.0000000000,1,0,0.0000000000,0,0.0000000000,89.90,108.63,0,0,below_floor,393,0.0780768749,0.07638571932468,0.0356083086,0.0666666667,0.1016949153,0.1428571429,0.1752577320,0,0,0,0,0,1,NULL,standard_terms,usable_n_lt_30
a7c88262832dfc683781d6a421edefae,SP,mogi das cruzes,1,0,1,0.0000000000,0.0,0 / 1,0,0.0000000000,0.0,-7.0000,NULL,1,0,0.0000000000,0,0,NULL,1,0,0.0000000000,0,0.0000000000,409.00,426.62,0,0,below_floor,393,0.0780768749,0.07638571932468,0.0356083086,0.0666666667,0.1016949153,0.1428571429,0.1752577320,0,0,0,0,0,1,NULL,standard_terms,usable_n_lt_30
a7ecf689b40a44361e259b28939023e4,ES,vila velha,1,0,1,0.0000000000,0.0,0 / 1,0,0.0000000000,0.0,-9.0000,NULL,0,0,NULL,1,0,0.0000000000,1,0,0.0000000000,0,0.0000000000,389.00,410.91,0,0,below_floor,393,0.0780768749,0.07638571932468,0.0356083086,0.0666666667,0.1016949153,0.1428571429,0.1752577320,0,0,0,0,0,1,NULL,standard_terms,usable_n_lt_30
a9415cf907dfa12f9ed18693244f5329,MG,prados,1,0,1,0.0000000000,0.0,0 / 1,0,0.0000000000,0.0,-15.0000,NULL,1,0,0.0000000000,0,0,NULL,1,0,0.0000000000,0,0.0000000000,210.00,385.42,0,0,below_floor,393,0.0780768749,0.07638571932468,0.0356083086,0.0666666667,0.1016949153,0.1428571429,0.1752577320,0,0,0,0,0,1,NULL,standard_terms,usable_n_lt_30
aa2640d851ec322526f1295bbeb20092,SP,sao paulo,1,0,1,0.0000000000,0.0,0 / 1,0,0.0000000000,0.0,-5.0000,NULL,0,0,NULL,1,0,0.0000000000,1,0,0.0000000000,0,0.0000000000,159.98,182.34,0,0,below_floor,393,0.0780768749,0.07638571932468,0.0356083086,0.0666666667,0.1016949153,0.1428571429,0.1752577320,0,0,0,0,0,1,NULL,standard_terms,usable_n_lt_30
aa8af66c623d7d544dfe4bb85b5ebe3b,MG,betim,1,0,1,0.0000000000,0.0,0 / 1,0,0.0000000000,0.0,-18.0000,NULL,0,0,NULL,1,0,0.0000000000,1,0,0.0000000000,0,0.0000000000,99.00,114.57,0,0,below_floor,393,0.0780768749,0.07638571932468,0.0356083086,0.0666666667,0.1016949153,0.1428571429,0.1752577320,0,0,0,0,0,1,NULL,standard_terms,usable_n_lt_30
ac9b01377919cdbd2a1bbb8d5837c70b,SP,mogi das cruzes,1,0,1,0.0000000000,0.0,0 / 1,0,0.0000000000,0.0,-30.0000,NULL,0,0,NULL,1,0,0.0000000000,1,0,0.0000000000,0,0.0000000000,55.90,79.44,0,0,below_floor,393,0.0780768749,0.07638571932468,0.0356083086,0.0666666667,0.1016949153,0.1428571429,0.1752577320,0,0,0,0,0,1,NULL,standard_terms,usable_n_lt_30
aec99834ab5d38ead22766ada8497e87,PR,colombo,1,0,1,0.0000000000,0.0,0 / 1,0,0.0000000000,0.0,-13.0000,NULL,0,0,NULL,1,0,0.0000000000,1,0,0.0000000000,0,0.0000000000,459.00,476.51,0,0,below_floor,393,0.0780768749,0.07638571932468,0.0356083086,0.0666666667,0.1016949153,0.1428571429,0.1752577320,0,0,0,0,0,1,NULL,standard_terms,usable_n_lt_30
b00af24704019bd2e1b335e70ad11f7c,BA,salvador,1,0,1,0.0000000000,0.0,0 / 1,0,0.0000000000,0.0,-20.0000,NULL,0,0,NULL,1,0,0.0000000000,1,0,0.0000000000,0,0.0000000000,189.00,207.25,0,0,below_floor,393,0.0780768749,0.07638571932468,0.0356083086,0.0666666667,0.1016949153,0.1428571429,0.1752577320,0,0,0,0,0,1,NULL,standard_terms,usable_n_lt_30
b19c48688808720822399ffa9f2dbe2f,SP,sao paulo,1,0,1,0.0000000000,0.0,0 / 1,0,0.0000000000,0.0,NULL,NULL,0,0,NULL,1,0,0.0000000000,1,0,0.0000000000,0,0.0000000000,959.99,984.81,1,0,below_floor,393,0.0780768749,0.07638571932468,0.0356083086,0.0666666667,0.1016949153,0.1428571429,0.1752577320,0,0,0,0,0,1,NULL,standard_terms,usable_n_lt_30
b3809b8d4394588a47c8470ea331e135,SP,sao paulo,1,0,1,0.0000000000,0.0,0 / 1,0,0.0000000000,0.0,-8.0000,NULL,0,0,NULL,1,0,0.0000000000,1,0,0.0000000000,0,0.0000000000,89.00,96.88,0,0,below_floor,393,0.0780768749,0.07638571932468,0.0356083086,0.0666666667,0.1016949153,0.1428571429,0.1752577320,0,0,0,0,0,1,NULL,standard_terms,usable_n_lt_30
b5b800c4065bebf4d3442311c9857344,SP,sao paulo,1,0,1,0.0000000000,0.0,0 / 1,0,0.0000000000,0.0,-3.0000,NULL,0,0,NULL,1,0,0.0000000000,1,0,0.0000000000,0,0.0000000000,79.90,88.81,0,0,below_floor,393,0.0780768749,0.07638571932468,0.0356083086,0.0666666667,0.1016949153,0.1428571429,0.1752577320,0,0,0,0,0,1,NULL,standard_terms,usable_n_lt_30
b5d034ac251546e25afe9067f05c1539,SP,itapecerica da serra,1,0,1,0.0000000000,0.0,0 / 1,0,0.0000000000,0.0,-19.0000,NULL,1,0,0.0000000000,0,0,NULL,1,0,0.0000000000,0,0.0000000000,69.90,85.27,0,0,below_floor,393,0.0780768749,0.07638571932468,0.0356083086,0.0666666667,0.1016949153,0.1428571429,0.1752577320,0,0,0,0,0,1,NULL,standard_terms,usable_n_lt_30
b5dd7151a92ccaaa282cbe9681a05f44,SP,ribeirao preto,1,0,1,0.0000000000,0.0,0 / 1,0,0.0000000000,0.0,-6.0000,NULL,0,0,NULL,1,0,0.0000000000,1,0,0.0000000000,0,0.0000000000,85.00,103.70,0,0,below_floor,393,0.0780768749,0.07638571932468,0.0356083086,0.0666666667,0.1016949153,0.1428571429,0.1752577320,0,0,0,0,0,1,NULL,standard_terms,usable_n_lt_30
b5f0712d22a873b6797ab6cc65c3fcba,SP,sao paulo,1,0,1,0.0000000000,0.0,0 / 1,0,0.0000000000,0.0,-4.0000,NULL,0,0,NULL,1,0,0.0000000000,1,0,0.0000000000,0,0.0000000000,12.99,21.28,0,0,below_floor,393,0.0780768749,0.07638571932468,0.0356083086,0.0666666667,0.1016949153,0.1428571429,0.1752577320,0,0,0,0,0,1,NULL,standard_terms,usable_n_lt_30
b5f49fe968dff6b112861e6cd8e192ef,PR,curitiba,1,0,1,0.0000000000,0.0,0 / 1,0,0.0000000000,0.0,-14.0000,NULL,1,0,0.0000000000,0,0,NULL,1,0,0.0000000000,0,0.0000000000,194.70,237.67,0,0,below_floor,393,0.0780768749,0.07638571932468,0.0356083086,0.0666666667,0.1016949153,0.1428571429,0.1752577320,0,0,0,0,0,1,NULL,standard_terms,usable_n_lt_30
b6f52e346160519c24a23af05410ad32,SP,sao paulo,1,0,1,0.0000000000,0.0,0 / 1,0,0.0000000000,0.0,-3.0000,NULL,1,0,0.0000000000,0,0,NULL,1,0,0.0000000000,0,0.0000000000,129.90,143.25,0,0,below_floor,393,0.0780768749,0.07638571932468,0.0356083086,0.0666666667,0.1016949153,0.1428571429,0.1752577320,0,0,0,0,0,1,NULL,standard_terms,usable_n_lt_30
b76f4d90e85657a240495c876313adc5,SP,hortolandia,1,0,1,0.0000000000,0.0,0 / 1,0,0.0000000000,0.0,-6.0000,NULL,0,0,NULL,1,0,0.0000000000,1,0,0.0000000000,0,0.0000000000,299.00,318.30,0,0,below_floor,393,0.0780768749,0.07638571932468,0.0356083086,0.0666666667,0.1016949153,0.1428571429,0.1752577320,0,0,0,0,0,1,NULL,standard_terms,usable_n_lt_30
b7ed9fb14c8eadb37adb9c45d67ab0fb,SP,jacarei,1,0,1,0.0000000000,0.0,0 / 1,0,0.0000000000,0.0,-7.0000,NULL,0,0,NULL,1,0,0.0000000000,1,0,0.0000000000,0,0.0000000000,64.90,76.37,0,0,below_floor,393,0.0780768749,0.07638571932468,0.0356083086,0.0666666667,0.1016949153,0.1428571429,0.1752577320,0,0,0,0,0,1,NULL,standard_terms,usable_n_lt_30
b86a47b3366e3b5424a7b225781f4908,MG,passos,1,0,1,0.0000000000,0.0,0 / 1,0,0.0000000000,0.0,-14.0000,NULL,1,0,0.0000000000,0,0,NULL,1,0,0.0000000000,0,0.0000000000,86.50,106.35,0,0,below_floor,393,0.0780768749,0.07638571932468,0.0356083086,0.0666666667,0.1016949153,0.1428571429,0.1752577320,0,0,0,0,0,1,NULL,standard_terms,usable_n_lt_30
b98b715fe9e276204e2a3464f48cd796,SP,sao paulo,1,0,1,0.0000000000,0.0,0 / 1,1,1.0000000000,100.0,0.0000,NULL,1,0,0.0000000000,0,0,NULL,1,0,0.0000000000,0,0.0000000000,148.90,161.85,0,0,below_floor,393,0.0780768749,0.07638571932468,0.0356083086,0.0666666667,0.1016949153,0.1428571429,0.1752577320,0,0,0,0,0,1,NULL,standard_terms,usable_n_lt_30
b9de031b671cd48b28fae9d828cbf2b4,SP,sao paulo,1,0,1,0.0000000000,0.0,0 / 1,0,0.0000000000,0.0,-13.0000,NULL,0,0,NULL,1,0,0.0000000000,1,0,0.0000000000,0,0.0000000000,155.32,198.69,0,0,below_floor,393,0.0780768749,0.07638571932468,0.0356083086,0.0666666667,0.1016949153,0.1428571429,0.1752577320,0,0,0,0,0,1,NULL,standard_terms,usable_n_lt_30
ba8e85df286308fe68a2ce83a8f8b2d6,SC,santa catarina,1,0,1,0.0000000000,0.0,0 / 1,0,0.0000000000,0.0,-21.0000,NULL,0,0,NULL,1,0,0.0000000000,1,0,0.0000000000,0,0.0000000000,80.90,97.66,0,0,below_floor,393,0.0780768749,0.07638571932468,0.0356083086,0.0666666667,0.1016949153,0.1428571429,0.1752577320,0,0,0,0,0,1,NULL,standard_terms,usable_n_lt_30
babcc0ab201e4c60188427cae51a5b8b,SP,porto ferreira,1,0,1,0.0000000000,0.0,0 / 1,0,0.0000000000,0.0,-11.0000,NULL,0,0,NULL,1,0,0.0000000000,1,0,0.0000000000,0,0.0000000000,79.00,93.13,0,0,below_floor,393,0.0780768749,0.07638571932468,0.0356083086,0.0666666667,0.1016949153,0.1428571429,0.1752577320,0,0,0,0,0,1,NULL,standard_terms,usable_n_lt_30
bac692d6c0ed08467878018e6cc9c26c,SC,blumenau,1,0,1,0.0000000000,0.0,0 / 1,0,0.0000000000,0.0,-17.0000,NULL,0,0,NULL,1,0,0.0000000000,1,0,0.0000000000,0,0.0000000000,477.00,559.23,0,0,below_floor,393,0.0780768749,0.07638571932468,0.0356083086,0.0666666667,0.1016949153,0.1428571429,0.1752577320,0,0,0,0,0,1,NULL,standard_terms,usable_n_lt_30
bacb1f0ed56ad24198f5810d2b3fe9a5,SP,jacarei,1,0,1,0.0000000000,0.0,0 / 1,0,0.0000000000,0.0,-14.0000,NULL,1,0,0.0000000000,0,0,NULL,1,0,0.0000000000,0,0.0000000000,179.90,201.65,0,0,below_floor,393,0.0780768749,0.07638571932468,0.0356083086,0.0666666667,0.1016949153,0.1428571429,0.1752577320,0,0,0,0,0,1,NULL,standard_terms,usable_n_lt_30
bba8d0c234a52b87b3957037a215d1a4,GO,goiania,1,0,1,0.0000000000,0.0,0 / 1,0,0.0000000000,0.0,-10.0000,NULL,0,0,NULL,1,0,0.0000000000,1,0,0.0000000000,0,0.0000000000,120.00,139.53,0,0,below_floor,393,0.0780768749,0.07638571932468,0.0356083086,0.0666666667,0.1016949153,0.1428571429,0.1752577320,0,0,0,0,0,1,NULL,standard_terms,usable_n_lt_30
bbf4a892cac7b82422baa711dffb8997,PR,curitiba,1,0,1,0.0000000000,0.0,0 / 1,0,0.0000000000,0.0,-29.0000,NULL,0,0,NULL,1,0,0.0000000000,1,0,0.0000000000,0,0.0000000000,70.00,105.34,0,0,below_floor,393,0.0780768749,0.07638571932468,0.0356083086,0.0666666667,0.1016949153,0.1428571429,0.1752577320,0,0,0,0,0,1,NULL,standard_terms,usable_n_lt_30
bc503e244f187939d10c92a5c8e378ce,SP,birigui,1,0,1,0.0000000000,0.0,0 / 1,1,1.0000000000,100.0,0.0000,NULL,1,0,0.0000000000,0,0,NULL,0,0,NULL,1,1.0000000000,49.76,59.48,0,0,below_floor,393,0.0780768749,0.07638571932468,0.0356083086,0.0666666667,0.1016949153,0.1428571429,0.1752577320,0,0,0,0,0,1,NULL,standard_terms,usable_n_lt_30
bd43e172d599bed47a85da877172ca8c,SC,sao bento do sul,1,0,1,0.0000000000,0.0,0 / 1,0,0.0000000000,0.0,-8.0000,NULL,0,0,NULL,1,0,0.0000000000,1,0,0.0000000000,0,0.0000000000,23.92,42.19,0,0,below_floor,393,0.0780768749,0.07638571932468,0.0356083086,0.0666666667,0.1016949153,0.1428571429,0.1752577320,0,0,0,0,0,1,NULL,standard_terms,usable_n_lt_30
be67f78487e2cecb0d55bc769709e4f5,MG,ibirite,1,0,1,0.0000000000,0.0,0 / 1,0,0.0000000000,0.0,-17.0000,NULL,1,0,0.0000000000,0,0,NULL,1,0,0.0000000000,0,0.0000000000,102.00,125.64,0,0,below_floor,393,0.0780768749,0.07638571932468,0.0356083086,0.0666666667,0.1016949153,0.1428571429,0.1752577320,0,0,0,0,0,1,NULL,standard_terms,usable_n_lt_30
be7a093e5b4d147b36b72bb1f9e415e5,PR,toledo,1,0,1,0.0000000000,0.0,0 / 1,0,0.0000000000,0.0,-22.0000,NULL,0,0,NULL,1,0,0.0000000000,1,0,0.0000000000,0,0.0000000000,60.90,83.26,0,0,below_floor,393,0.0780768749,0.07638571932468,0.0356083086,0.0666666667,0.1016949153,0.1428571429,0.1752577320,0,0,0,0,0,1,NULL,standard_terms,usable_n_lt_30
bf100ecb7997df312b285358fb32f92c,PR,sao jose dos pinhais,1,0,1,0.0000000000,0.0,0 / 1,0,0.0000000000,0.0,-26.0000,NULL,1,0,0.0000000000,0,0,NULL,1,0,0.0000000000,0,0.0000000000,29.90,45.00,0,0,below_floor,393,0.0780768749,0.07638571932468,0.0356083086,0.0666666667,0.1016949153,0.1428571429,0.1752577320,0,0,0,0,0,1,NULL,standard_terms,usable_n_lt_30
c00396cbdd2e088fe4281baa5920aef1,PR,campo magro,1,0,1,0.0000000000,0.0,0 / 1,0,0.0000000000,0.0,-10.0000,NULL,1,0,0.0000000000,0,0,NULL,1,0,0.0000000000,0,0.0000000000,832.41,905.85,0,0,below_floor,393,0.0780768749,0.07638571932468,0.0356083086,0.0666666667,0.1016949153,0.1428571429,0.1752577320,0,0,0,0,0,1,NULL,standard_terms,usable_n_lt_30
c026ef0d72e9132d9fa112308090c8dc,RJ,rio de janeiro,1,0,1,0.0000000000,0.0,0 / 1,0,0.0000000000,0.0,-7.0000,NULL,0,0,NULL,1,0,0.0000000000,1,0,0.0000000000,0,0.0000000000,520.00,557.72,0,0,below_floor,393,0.0780768749,0.07638571932468,0.0356083086,0.0666666667,0.1016949153,0.1428571429,0.1752577320,0,0,0,0,0,1,NULL,standard_terms,usable_n_lt_30
c092292535a57dacd95a8765f5518f87,RJ,paracambi,1,0,1,0.0000000000,0.0,0 / 1,0,0.0000000000,0.0,-17.0000,NULL,0,0,NULL,1,0,0.0000000000,1,0,0.0000000000,0,0.0000000000,125.00,143.98,0,0,below_floor,393,0.0780768749,0.07638571932468,0.0356083086,0.0666666667,0.1016949153,0.1428571429,0.1752577320,0,0,0,0,0,1,NULL,standard_terms,usable_n_lt_30
c0e0b73d039eb9a99b6ce4cb7a429cd3,SC,laurentino,1,0,1,0.0000000000,0.0,0 / 1,0,0.0000000000,0.0,-13.0000,NULL,0,0,NULL,1,0,0.0000000000,1,0,0.0000000000,0,0.0000000000,29.88,37.56,0,0,below_floor,393,0.0780768749,0.07638571932468,0.0356083086,0.0666666667,0.1016949153,0.1428571429,0.1752577320,0,0,0,0,0,1,NULL,standard_terms,usable_n_lt_30
c0f3eea2e14555b6faeea3dd58c1b1c3,SP,sao paulo,1,0,1,0.0000000000,0.0,0 / 1,0,0.0000000000,0.0,-16.0000,NULL,0,0,NULL,1,0,0.0000000000,1,0,0.0000000000,0,0.0000000000,79.99,95.65,0,0,below_floor,393,0.0780768749,0.07638571932468,0.0356083086,0.0666666667,0.1016949153,0.1428571429,0.1752577320,0,0,0,0,0,1,NULL,standard_terms,usable_n_lt_30
c1dde11f12d05c478f5de2d7319ad3b2,SP,sao paulo,1,0,1,0.0000000000,0.0,0 / 1,0,0.0000000000,0.0,-9.0000,NULL,0,0,NULL,1,0,0.0000000000,1,0,0.0000000000,0,0.0000000000,12.50,19.89,0,0,below_floor,393,0.0780768749,0.07638571932468,0.0356083086,0.0666666667,0.1016949153,0.1428571429,0.1752577320,0,0,0,0,0,1,NULL,standard_terms,usable_n_lt_30
c240c4061717ac1806ae6ee72be3533b,RJ,rio de janeiro,1,0,1,0.0000000000,0.0,0 / 1,0,0.0000000000,0.0,-15.0000,NULL,0,0,NULL,1,0,0.0000000000,0,0,NULL,1,1.0000000000,59.90,73.89,0,0,below_floor,393,0.0780768749,0.07638571932468,0.0356083086,0.0666666667,0.1016949153,0.1428571429,0.1752577320,0,0,0,0,0,1,NULL,standard_terms,usable_n_lt_30
c26ba52cf8d2f34915f2f6b7ffa0a3f3,RJ,rio de janeiro,1,0,1,0.0000000000,0.0,0 / 1,0,0.0000000000,0.0,-14.0000,NULL,1,0,0.0000000000,0,0,NULL,1,0,0.0000000000,0,0.0000000000,18.49,32.59,0,0,below_floor,393,0.0780768749,0.07638571932468,0.0356083086,0.0666666667,0.1016949153,0.1428571429,0.1752577320,0,0,0,0,0,1,NULL,standard_terms,usable_n_lt_30
c360e4787614ed31ac7a2f95d3b22dc6,SP,lencois paulista,1,0,1,0.0000000000,0.0,0 / 1,0,0.0000000000,0.0,-17.0000,NULL,0,0,NULL,1,0,0.0000000000,1,0,0.0000000000,0,0.0000000000,188.90,218.95,0,0,below_floor,393,0.0780768749,0.07638571932468,0.0356083086,0.0666666667,0.1016949153,0.1428571429,0.1752577320,0,0,0,0,0,1,NULL,standard_terms,usable_n_lt_30
c3e2398fcc7e581cda2e546557bf6968,SP,sao paulo,1,0,1,0.0000000000,0.0,0 / 1,0,0.0000000000,0.0,-14.0000,NULL,0,0,NULL,1,0,0.0000000000,1,0,0.0000000000,0,0.0000000000,14.90,30.13,0,0,below_floor,393,0.0780768749,0.07638571932468,0.0356083086,0.0666666667,0.1016949153,0.1428571429,0.1752577320,0,0,0,0,0,1,NULL,standard_terms,usable_n_lt_30
c52c644cc0dc85121207a27013efc6af,MG,tiradentes,1,0,1,0.0000000000,0.0,0 / 1,0,0.0000000000,0.0,-5.0000,NULL,0,0,NULL,1,0,0.0000000000,1,0,0.0000000000,0,0.0000000000,397.80,680.96,0,0,below_floor,393,0.0780768749,0.07638571932468,0.0356083086,0.0666666667,0.1016949153,0.1428571429,0.1752577320,0,0,0,0,0,1,NULL,standard_terms,usable_n_lt_30
c716e0b86ed568878475b60fbb6323ad,SP,rio de janeiro,1,0,1,0.0000000000,0.0,0 / 1,0,0.0000000000,0.0,-9.0000,NULL,1,0,0.0000000000,0,0,NULL,1,0,0.0000000000,0,0.0000000000,35.00,50.23,0,0,below_floor,393,0.0780768749,0.07638571932468,0.0356083086,0.0666666667,0.1016949153,0.1428571429,0.1752577320,0,0,0,0,0,1,NULL,standard_terms,usable_n_lt_30
c7246702dc991a06d788120dc7544391,CE,fortaleza,1,0,1,0.0000000000,0.0,0 / 1,0,0.0000000000,0.0,-4.0000,NULL,1,0,0.0000000000,0,0,NULL,1,0,0.0000000000,0,0.0000000000,54.86,72.52,0,0,below_floor,393,0.0780768749,0.07638571932468,0.0356083086,0.0666666667,0.1016949153,0.1428571429,0.1752577320,0,0,0,0,0,1,NULL,standard_terms,usable_n_lt_30
c74f14c1e26cf1bd5bd34b6a1e274426,SC,sao miguel do oeste,1,0,1,0.0000000000,0.0,0 / 1,0,0.0000000000,0.0,-26.0000,NULL,1,0,0.0000000000,0,0,NULL,1,0,0.0000000000,0,0.0000000000,39.00,55.79,0,0,below_floor,393,0.0780768749,0.07638571932468,0.0356083086,0.0666666667,0.1016949153,0.1428571429,0.1752577320,0,0,0,0,0,1,NULL,standard_terms,usable_n_lt_30
c8665a4dd081a2c436b1cd921079d0d9,SP,pitangueiras,1,0,1,0.0000000000,0.0,0 / 1,0,0.0000000000,0.0,-24.0000,NULL,0,0,NULL,1,0,0.0000000000,1,0,0.0000000000,0,0.0000000000,79.39,93.53,0,0,below_floor,393,0.0780768749,0.07638571932468,0.0356083086,0.0666666667,0.1016949153,0.1428571429,0.1752577320,0,0,0,0,0,1,NULL,standard_terms,usable_n_lt_30
c963a25b8671419c6ce9eebe8fd03218,RJ,angra dos reis rj,1,0,1,0.0000000000,0.0,0 / 1,0,0.0000000000,0.0,-15.0000,NULL,0,0,NULL,1,0,0.0000000000,1,0,0.0000000000,0,0.0000000000,49.00,68.32,0,0,below_floor,393,0.0780768749,0.07638571932468,0.0356083086,0.0666666667,0.1016949153,0.1428571429,0.1752577320,0,0,0,0,0,1,NULL,standard_terms,usable_n_lt_30
c97aa4ee7420f937da13b7f9e2228b99,RS,novo hamburgo,1,0,1,0.0000000000,0.0,0 / 1,0,0.0000000000,0.0,-28.0000,NULL,0,0,NULL,1,0,0.0000000000,0,0,NULL,1,1.0000000000,29.90,36.56,0,0,below_floor,393,0.0780768749,0.07638571932468,0.0356083086,0.0666666667,0.1016949153,0.1428571429,0.1752577320,0,0,0,0,0,1,NULL,standard_terms,usable_n_lt_30
cac4e0bc1a3269fa2b6ea5e763f6115b,SC,brusque,1,0,1,0.0000000000,0.0,0 / 1,0,0.0000000000,0.0,-11.0000,NULL,1,0,0.0000000000,0,0,NULL,1,0,0.0000000000,0,0.0000000000,43.64,81.18,0,0,below_floor,393,0.0780768749,0.07638571932468,0.0356083086,0.0666666667,0.1016949153,0.1428571429,0.1752577320,0,0,0,0,0,1,NULL,standard_terms,usable_n_lt_30
cad10cc982ab6a391570c211b995c17c,SP,avare,1,0,1,0.0000000000,0.0,0 / 1,0,0.0000000000,0.0,-14.0000,NULL,1,0,0.0000000000,0,0,NULL,1,0,0.0000000000,0,0.0000000000,47.40,60.19,0,0,below_floor,393,0.0780768749,0.07638571932468,0.0356083086,0.0666666667,0.1016949153,0.1428571429,0.1752577320,0,0,0,0,0,1,NULL,standard_terms,usable_n_lt_30
cad9969167c09b48ae6f1d123f7fa68d,MG,pocos de caldas,1,0,1,0.0000000000,0.0,0 / 1,0,0.0000000000,0.0,-11.0000,NULL,0,0,NULL,1,0,0.0000000000,1,0,0.0000000000,0,0.0000000000,24.00,37.51,0,0,below_floor,393,0.0780768749,0.07638571932468,0.0356083086,0.0666666667,0.1016949153,0.1428571429,0.1752577320,0,0,0,0,0,1,NULL,standard_terms,usable_n_lt_30
cb810bd318f51b3dc3c753944d61a1fa,RJ,niteroi,1,0,1,0.0000000000,0.0,0 / 1,0,0.0000000000,0.0,-27.0000,NULL,0,0,NULL,1,0,0.0000000000,1,0,0.0000000000,0,0.0000000000,1750.00,1789.02,0,0,below_floor,393,0.0780768749,0.07638571932468,0.0356083086,0.0666666667,0.1016949153,0.1428571429,0.1752577320,0,0,0,0,0,1,NULL,standard_terms,usable_n_lt_30
cc1f04647be106ba74e62b21f358af25,SP,sao paulo,1,0,1,0.0000000000,0.0,0 / 1,0,0.0000000000,0.0,-6.0000,NULL,0,0,NULL,1,0,0.0000000000,1,0,0.0000000000,0,0.0000000000,11.90,20.19,0,0,below_floor,393,0.0780768749,0.07638571932468,0.0356083086,0.0666666667,0.1016949153,0.1428571429,0.1752577320,0,0,0,0,0,1,NULL,standard_terms,usable_n_lt_30
ccbd753e6863fe7314dc6c0ca5a074e7,SC,blumenau,1,0,1,0.0000000000,0.0,0 / 1,0,0.0000000000,0.0,-19.0000,NULL,0,0,NULL,1,0,0.0000000000,1,0,0.0000000000,0,0.0000000000,495.00,596.56,0,0,below_floor,393,0.0780768749,0.07638571932468,0.0356083086,0.0666666667,0.1016949153,0.1428571429,0.1752577320,0,0,0,0,0,1,NULL,standard_terms,usable_n_lt_30
cd2169d9f31ff6fbb9ca3373b0c9e354,RJ,nova friburgo,1,0,1,0.0000000000,0.0,0 / 1,0,0.0000000000,0.0,-17.0000,NULL,0,0,NULL,1,0,0.0000000000,1,0,0.0000000000,0,0.0000000000,569.00,625.33,0,0,below_floor,393,0.0780768749,0.07638571932468,0.0356083086,0.0666666667,0.1016949153,0.1428571429,0.1752577320,0,0,0,0,0,1,NULL,standard_terms,usable_n_lt_30
cd233f8bfa30ebfd651f47ee7d054951,SP,birigui,1,0,1,0.0000000000,0.0,0 / 1,0,0.0000000000,0.0,-20.0000,NULL,0,0,NULL,1,0,0.0000000000,1,0,0.0000000000,0,0.0000000000,79.90,98.56,0,0,below_floor,393,0.0780768749,0.07638571932468,0.0356083086,0.0666666667,0.1016949153,0.1428571429,0.1752577320,0,0,0,0,0,1,NULL,standard_terms,usable_n_lt_30
cd843d4cf8ef32827de0396605163ba3,MG,juiz de fora,1,0,1,0.0000000000,0.0,0 / 1,0,0.0000000000,0.0,-6.0000,NULL,0,0,NULL,1,0,0.0000000000,1,0,0.0000000000,0,0.0000000000,369.00,502.27,0,0,below_floor,393,0.0780768749,0.07638571932468,0.0356083086,0.0666666667,0.1016949153,0.1428571429,0.1752577320,0,0,0,0,0,1,NULL,standard_terms,usable_n_lt_30
ce3ad9de960102d0677a81f5d0bb7b2d,RJ,rio de janeiro,1,0,1,0.0000000000,0.0,0 / 1,0,0.0000000000,0.0,-13.0000,NULL,0,0,NULL,1,0,0.0000000000,1,0,0.0000000000,0,0.0000000000,158.00,174.21,0,0,below_floor,393,0.0780768749,0.07638571932468,0.0356083086,0.0666666667,0.1016949153,0.1428571429,0.1752577320,0,0,0,0,0,1,NULL,standard_terms,usable_n_lt_30
ce4755084bc097113867e6454f8f5e52,SP,ribeirao preto,1,0,1,0.0000000000,0.0,0 / 1,0,0.0000000000,0.0,-11.0000,NULL,0,0,NULL,1,0,0.0000000000,1,0,0.0000000000,0,0.0000000000,18.90,31.69,0,0,below_floor,393,0.0780768749,0.07638571932468,0.0356083086,0.0666666667,0.1016949153,0.1428571429,0.1752577320,0,0,0,0,0,1,NULL,standard_terms,usable_n_lt_30
cecd97bc34ed8330bd4cd15713eda670,SC,cordilheira alta,1,0,1,0.0000000000,0.0,0 / 1,0,0.0000000000,0.0,-9.0000,NULL,0,0,NULL,1,0,0.0000000000,1,0,0.0000000000,0,0.0000000000,57.99,76.50,0,0,below_floor,393,0.0780768749,0.07638571932468,0.0356083086,0.0666666667,0.1016949153,0.1428571429,0.1752577320,0,0,0,0,0,1,NULL,standard_terms,usable_n_lt_30
cf2384dd2f1dddea3f838efed0945e65,SP,serra negra,1,0,1,0.0000000000,0.0,0 / 1,0,0.0000000000,0.0,-8.0000,NULL,0,0,NULL,1,0,0.0000000000,1,0,0.0000000000,0,0.0000000000,159.00,201.09,0,0,below_floor,393,0.0780768749,0.07638571932468,0.0356083086,0.0666666667,0.1016949153,0.1428571429,0.1752577320,0,0,0,0,0,1,NULL,standard_terms,usable_n_lt_30
d180e07dc1e58c31c3f0cd599dc4d945,MG,belo horizonte,1,0,1,0.0000000000,0.0,0 / 1,0,0.0000000000,0.0,-16.0000,NULL,1,0,0.0000000000,0,0,NULL,1,0,0.0000000000,0,0.0000000000,58.80,72.96,0,0,below_floor,393,0.0780768749,0.07638571932468,0.0356083086,0.0666666667,0.1016949153,0.1428571429,0.1752577320,0,0,0,0,0,1,NULL,standard_terms,usable_n_lt_30
d263fa444c1504a75cbca5cc465f592a,SP,americana,1,0,1,0.0000000000,0.0,0 / 1,0,0.0000000000,0.0,-14.0000,NULL,0,0,NULL,1,0,0.0000000000,1,0,0.0000000000,0,0.0000000000,399.00,444.07,0,0,below_floor,393,0.0780768749,0.07638571932468,0.0356083086,0.0666666667,0.1016949153,0.1428571429,0.1752577320,0,0,0,0,0,1,NULL,standard_terms,usable_n_lt_30
d297f1055de2956aedfd3b04113dce3e,SP,nova odessa,1,0,1,0.0000000000,0.0,0 / 1,0,0.0000000000,0.0,-4.0000,NULL,0,0,NULL,1,0,0.0000000000,1,0,0.0000000000,0,0.0000000000,54.30,61.94,0,0,below_floor,393,0.0780768749,0.07638571932468,0.0356083086,0.0666666667,0.1016949153,0.1428571429,0.1752577320,0,0,0,0,0,1,NULL,standard_terms,usable_n_lt_30
d3e7d37c0df9aef383f3f2a15b0dddfb,PR,sao jose dos pinhais,1,0,1,0.0000000000,0.0,0 / 1,0,0.0000000000,0.0,-24.0000,NULL,0,0,NULL,1,0,0.0000000000,1,0,0.0000000000,0,0.0000000000,161.00,201.34,0,0,below_floor,393,0.0780768749,0.07638571932468,0.0356083086,0.0666666667,0.1016949153,0.1428571429,0.1752577320,0,0,0,0,0,1,NULL,standard_terms,usable_n_lt_30
d4828feed4cda2cd9d6b37899a95a71e,CE,juzeiro do norte,1,0,1,0.0000000000,0.0,0 / 1,0,0.0000000000,0.0,-23.0000,NULL,0,0,NULL,1,0,0.0000000000,1,0,0.0000000000,0,0.0000000000,39.90,62.11,0,0,below_floor,393,0.0780768749,0.07638571932468,0.0356083086,0.0666666667,0.1016949153,0.1428571429,0.1752577320,0,0,0,0,0,1,NULL,standard_terms,usable_n_lt_30
d58d521f3789def2e7a22715e0badd93,SP,sao paulo,1,0,1,0.0000000000,0.0,0 / 1,0,0.0000000000,0.0,-12.0000,NULL,1,0,0.0000000000,0,0,NULL,1,0,0.0000000000,0,0.0000000000,32.99,41.87,0,0,below_floor,393,0.0780768749,0.07638571932468,0.0356083086,0.0666666667,0.1016949153,0.1428571429,0.1752577320,0,0,0,0,0,1,NULL,standard_terms,usable_n_lt_30
d598f929fc44e1e38678e7f47250ec04,GO,formosa,1,0,1,0.0000000000,0.0,0 / 1,0,0.0000000000,0.0,-23.0000,NULL,0,0,NULL,1,0,0.0000000000,1,0,0.0000000000,0,0.0000000000,69.90,107.30,0,0,below_floor,393,0.0780768749,0.07638571932468,0.0356083086,0.0666666667,0.1016949153,0.1428571429,0.1752577320,0,0,0,0,0,1,NULL,standard_terms,usable_n_lt_30
d63c73efd41eb002280e7ec831424edb,SP,piracicaba,1,0,1,0.0000000000,0.0,0 / 1,0,0.0000000000,0.0,-28.0000,NULL,0,0,NULL,1,0,0.0000000000,1,0,0.0000000000,0,0.0000000000,2699.00,2828.42,0,0,below_floor,393,0.0780768749,0.07638571932468,0.0356083086,0.0666666667,0.1016949153,0.1428571429,0.1752577320,0,0,0,0,0,1,NULL,standard_terms,usable_n_lt_30
d63f306de130e0391d38a792541723b8,SP,sao paulo,1,0,1,0.0000000000,0.0,0 / 1,0,0.0000000000,0.0,-4.0000,NULL,0,0,NULL,1,0,0.0000000000,1,0,0.0000000000,0,0.0000000000,49.00,56.60,0,0,below_floor,393,0.0780768749,0.07638571932468,0.0356083086,0.0666666667,0.1016949153,0.1428571429,0.1752577320,0,0,0,0,0,1,NULL,standard_terms,usable_n_lt_30
d6cd01c59123df02fc226eadbadb5f89,SP,sao paulo,1,0,1,0.0000000000,0.0,0 / 1,0,0.0000000000,0.0,-10.0000,NULL,1,0,0.0000000000,0,0,NULL,1,0,0.0000000000,0,0.0000000000,69.90,86.15,0,0,below_floor,393,0.0780768749,0.07638571932468,0.0356083086,0.0666666667,0.1016949153,0.1428571429,0.1752577320,0,0,0,0,0,1,NULL,standard_terms,usable_n_lt_30
d7827b2af99326a03b0ed9c7a24db0d3,SP,londrina,1,0,1,0.0000000000,0.0,0 / 1,0,0.0000000000,0.0,-13.0000,NULL,1,0,0.0000000000,0,0,NULL,1,0,0.0000000000,0,0.0000000000,1455.00,1556.70,0,0,below_floor,393,0.0780768749,0.07638571932468,0.0356083086,0.0666666667,0.1016949153,0.1428571429,0.1752577320,0,0,0,0,0,1,NULL,standard_terms,usable_n_lt_30
d7d517afce974cd491b8d52bb5b5b1fc,SP,sao paulo,1,0,1,0.0000000000,0.0,0 / 1,0,0.0000000000,0.0,-23.0000,NULL,0,0,NULL,1,0,0.0000000000,1,0,0.0000000000,0,0.0000000000,89.99,108.72,0,0,below_floor,393,0.0780768749,0.07638571932468,0.0356083086,0.0666666667,0.1016949153,0.1428571429,0.1752577320,0,0,0,0,0,1,NULL,standard_terms,usable_n_lt_30
d7f1cfc638473be93baedbfd02208016,RJ,belford roxo,1,0,1,0.0000000000,0.0,0 / 1,0,0.0000000000,0.0,-10.0000,NULL,0,0,NULL,1,0,0.0000000000,1,0,0.0000000000,0,0.0000000000,30.00,47.14,0,0,below_floor,393,0.0780768749,0.07638571932468,0.0356083086,0.0666666667,0.1016949153,0.1428571429,0.1752577320,0,0,0,0,0,1,NULL,standard_terms,usable_n_lt_30
d85efbc8eff2b7adf524e2820569adc8,SP,sao paulo,1,0,1,0.0000000000,0.0,0 / 1,0,0.0000000000,0.0,-9.0000,NULL,0,0,NULL,1,0,0.0000000000,1,0,0.0000000000,0,0.0000000000,55.00,63.29,0,0,below_floor,393,0.0780768749,0.07638571932468,0.0356083086,0.0666666667,0.1016949153,0.1428571429,0.1752577320,0,0,0,0,0,1,NULL,standard_terms,usable_n_lt_30
d8b8f2cf9ff6ba0389072541cb42498c,GO,formosa,1,0,1,0.0000000000,0.0,0 / 1,0,0.0000000000,0.0,-17.0000,NULL,0,0,NULL,1,0,0.0000000000,1,0,0.0000000000,0,0.0000000000,149.00,169.01,0,0,below_floor,393,0.0780768749,0.07638571932468,0.0356083086,0.0666666667,0.1016949153,0.1428571429,0.1752577320,0,0,0,0,0,1,NULL,standard_terms,usable_n_lt_30
d8bf0fc082fd4a77fc2e5679b6c00133,SP,sao paulo,1,0,1,0.0000000000,0.0,0 / 1,0,0.0000000000,0.0,-5.0000,NULL,0,0,NULL,1,0,0.0000000000,1,0,0.0000000000,0,0.0000000000,139.90,149.04,0,0,below_floor,393,0.0780768749,0.07638571932468,0.0356083086,0.0666666667,0.1016949153,0.1428571429,0.1752577320,0,0,0,0,0,1,NULL,standard_terms,usable_n_lt_30
d9b00a97818674c7f8d8b1ef0e689679,PR,ponta grossa,1,0,1,0.0000000000,0.0,0 / 1,0,0.0000000000,0.0,-5.0000,NULL,0,0,NULL,1,0,0.0000000000,1,0,0.0000000000,0,0.0000000000,69.90,79.08,0,0,below_floor,393,0.0780768749,0.07638571932468,0.0356083086,0.0666666667,0.1016949153,0.1428571429,0.1752577320,0,0,0,0,0,1,NULL,standard_terms,usable_n_lt_30
d9c349beabc06aa6ff1c6d68b5e9e22e,SP,sao paulo,1,0,1,0.0000000000,0.0,0 / 1,0,0.0000000000,0.0,-11.0000,NULL,1,0,0.0000000000,0,0,NULL,1,0,0.0000000000,0,0.0000000000,168.10,205.65,0,0,below_floor,393,0.0780768749,0.07638571932468,0.0356083086,0.0666666667,0.1016949153,0.1428571429,0.1752577320,0,0,0,0,0,1,NULL,standard_terms,usable_n_lt_30
da3fede3469bf49b7293ce3fc45b294d,SP,mogi das cruzes,1,0,1,0.0000000000,0.0,0 / 1,0,0.0000000000,0.0,-8.0000,NULL,1,0,0.0000000000,0,0,NULL,1,0,0.0000000000,0,0.0000000000,44.90,57.69,0,0,below_floor,393,0.0780768749,0.07638571932468,0.0356083086,0.0666666667,0.1016949153,0.1428571429,0.1752577320,0,0,0,0,0,1,NULL,standard_terms,usable_n_lt_30
db6a4d4b5f1f5f98820ce6ce2619e2de,SP,sao paulo,1,0,1,0.0000000000,0.0,0 / 1,0,0.0000000000,0.0,-19.0000,NULL,1,0,0.0000000000,0,0,NULL,1,0,0.0000000000,0,0.0000000000,135.99,148.15,0,0,below_floor,393,0.0780768749,0.07638571932468,0.0356083086,0.0666666667,0.1016949153,0.1428571429,0.1752577320,0,0,0,0,0,1,NULL,standard_terms,usable_n_lt_30
db7ed69a53aa9fb1c01930ba54a88bbe,SP,jaguariuna,1,0,1,0.0000000000,0.0,0 / 1,0,0.0000000000,0.0,-9.0000,NULL,0,0,NULL,1,0,0.0000000000,1,0,0.0000000000,0,0.0000000000,109.00,120.78,0,0,below_floor,393,0.0780768749,0.07638571932468,0.0356083086,0.0666666667,0.1016949153,0.1428571429,0.1752577320,0,0,0,0,0,1,NULL,standard_terms,usable_n_lt_30
dc120d932ddf9d4dfb6fd68beefda622,PR,sao jose dos pinhais,1,0,1,0.0000000000,0.0,0 / 1,0,0.0000000000,0.0,-6.0000,NULL,1,0,0.0000000000,0,0,NULL,0,0,NULL,1,1.0000000000,130.00,144.44,0,0,below_floor,393,0.0780768749,0.07638571932468,0.0356083086,0.0666666667,0.1016949153,0.1428571429,0.1752577320,0,0,0,0,0,1,NULL,standard_terms,usable_n_lt_30
dcb7367a92f5ffb89f1e2152ed260285,SP,osvaldo cruz,1,0,1,0.0000000000,0.0,0 / 1,0,0.0000000000,0.0,-14.0000,NULL,1,0,0.0000000000,0,0,NULL,1,0,0.0000000000,0,0.0000000000,79.90,98.34,0,0,below_floor,393,0.0780768749,0.07638571932468,0.0356083086,0.0666666667,0.1016949153,0.1428571429,0.1752577320,0,0,0,0,0,1,NULL,standard_terms,usable_n_lt_30
dd5450b022b2d00a2145a66331e1aef6,SC,joinville,1,0,1,0.0000000000,0.0,0 / 1,0,0.0000000000,0.0,-32.0000,NULL,0,0,NULL,1,0,0.0000000000,1,0,0.0000000000,0,0.0000000000,59.00,81.34,0,0,below_floor,393,0.0780768749,0.07638571932468,0.0356083086,0.0666666667,0.1016949153,0.1428571429,0.1752577320,0,0,0,0,0,1,NULL,standard_terms,usable_n_lt_30
dd88d13bea9e4c2bf47daf224f8141e5,RS,lajeado,1,0,1,0.0000000000,0.0,0 / 1,0,0.0000000000,0.0,-7.0000,NULL,1,0,0.0000000000,0,0,NULL,1,0,0.0000000000,0,0.0000000000,458.00,487.38,0,0,below_floor,393,0.0780768749,0.07638571932468,0.0356083086,0.0666666667,0.1016949153,0.1428571429,0.1752577320,0,0,0,0,0,1,NULL,standard_terms,usable_n_lt_30
dda37071807e404c5bb2a1590c66326f,SP,sao paulo,1,0,1,0.0000000000,0.0,0 / 1,0,0.0000000000,0.0,-4.0000,NULL,1,0,0.0000000000,0,0,NULL,1,0,0.0000000000,0,0.0000000000,199.99,219.27,0,0,below_floor,393,0.0780768749,0.07638571932468,0.0356083086,0.0666666667,0.1016949153,0.1428571429,0.1752577320,0,0,0,0,0,1,NULL,standard_terms,usable_n_lt_30
ddd51ae8cda92f3995a51fc0f0f3eec7,RJ,rio de janeiro,1,0,1,0.0000000000,0.0,0 / 1,0,0.0000000000,0.0,-11.0000,NULL,1,0,0.0000000000,0,0,NULL,1,0,0.0000000000,0,0.0000000000,71.80,102.00,0,0,below_floor,393,0.0780768749,0.07638571932468,0.0356083086,0.0666666667,0.1016949153,0.1428571429,0.1752577320,0,0,0,0,0,1,NULL,standard_terms,usable_n_lt_30
dde698c6d0bd24834c586e5111c2bba7,RJ,petropolis,1,0,1,0.0000000000,0.0,0 / 1,0,0.0000000000,0.0,-15.0000,NULL,0,0,NULL,1,0,0.0000000000,1,0,0.0000000000,0,0.0000000000,155.90,175.09,0,0,below_floor,393,0.0780768749,0.07638571932468,0.0356083086,0.0666666667,0.1016949153,0.1428571429,0.1752577320,0,0,0,0,0,1,NULL,standard_terms,usable_n_lt_30
e0482f2c769468c3bbcd8a01e09d98c5,SP,sao paulo,1,0,1,0.0000000000,0.0,0 / 1,0,0.0000000000,0.0,-14.0000,NULL,0,0,NULL,1,0,0.0000000000,1,0,0.0000000000,0,0.0000000000,189.00,234.40,0,0,below_floor,393,0.0780768749,0.07638571932468,0.0356083086,0.0666666667,0.1016949153,0.1428571429,0.1752577320,0,0,0,0,0,1,NULL,standard_terms,usable_n_lt_30
e0b162a693bc7f9eab00f783a31d60ea,RS,pelotas,1,0,1,0.0000000000,0.0,0 / 1,0,0.0000000000,0.0,-13.0000,NULL,0,0,NULL,1,0,0.0000000000,0,0,NULL,1,1.0000000000,20.00,49.69,0,0,below_floor,393,0.0780768749,0.07638571932468,0.0356083086,0.0666666667,0.1016949153,0.1428571429,0.1752577320,0,0,0,0,0,1,NULL,standard_terms,usable_n_lt_30
e1b12447a7563944843191754aeb5562,SP,guarulhos,1,0,1,0.0000000000,0.0,0 / 1,0,0.0000000000,0.0,-20.0000,NULL,1,0,0.0000000000,0,0,NULL,1,0,0.0000000000,0,0.0000000000,28.99,45.78,0,0,below_floor,393,0.0780768749,0.07638571932468,0.0356083086,0.0666666667,0.1016949153,0.1428571429,0.1752577320,0,0,0,0,0,1,NULL,standard_terms,usable_n_lt_30
e1c76f339ebd5460999f25a2aa8c92c5,SP,sao paulo,1,0,1,0.0000000000,0.0,0 / 1,0,0.0000000000,0.0,-15.0000,NULL,0,0,NULL,1,0,0.0000000000,1,0,0.0000000000,0,0.0000000000,899.90,928.70,0,0,below_floor,393,0.0780768749,0.07638571932468,0.0356083086,0.0666666667,0.1016949153,0.1428571429,0.1752577320,0,0,0,0,0,1,NULL,standard_terms,usable_n_lt_30
e433f5fd4050e3352b5d83522b7fe24b,PR,arapongas,1,0,1,0.0000000000,0.0,0 / 1,0,0.0000000000,0.0,-7.0000,NULL,0,0,NULL,1,0,0.0000000000,1,0,0.0000000000,0,0.0000000000,548.06,596.77,0,0,below_floor,393,0.0780768749,0.07638571932468,0.0356083086,0.0666666667,0.1016949153,0.1428571429,0.1752577320,0,0,0,0,0,1,NULL,standard_terms,usable_n_lt_30
e5545d4d4473876ea78c5bcebca365c3,SP,marilia,1,0,1,0.0000000000,0.0,0 / 1,0,0.0000000000,0.0,-16.0000,NULL,0,0,NULL,1,0,0.0000000000,1,0,0.0000000000,0,0.0000000000,44.50,57.47,0,0,below_floor,393,0.0780768749,0.07638571932468,0.0356083086,0.0666666667,0.1016949153,0.1428571429,0.1752577320,0,0,0,0,0,1,NULL,standard_terms,usable_n_lt_30
e595809a6c31ec4314fd06ef198c244d,SC,navegantes,1,0,1,0.0000000000,0.0,0 / 1,0,0.0000000000,0.0,-13.0000,NULL,1,0,0.0000000000,0,0,NULL,1,0,0.0000000000,0,0.0000000000,39.00,57.23,0,0,below_floor,393,0.0780768749,0.07638571932468,0.0356083086,0.0666666667,0.1016949153,0.1428571429,0.1752577320,0,0,0,0,0,1,NULL,standard_terms,usable_n_lt_30
e59e575a175fadcadf8479e191770425,RJ,nova iguacu,1,0,1,0.0000000000,0.0,0 / 1,0,0.0000000000,0.0,-20.0000,NULL,0,0,NULL,1,0,0.0000000000,1,0,0.0000000000,0,0.0000000000,199.90,250.88,0,0,below_floor,393,0.0780768749,0.07638571932468,0.0356083086,0.0666666667,0.1016949153,0.1428571429,0.1752577320,0,0,0,0,0,1,NULL,standard_terms,usable_n_lt_30
e64882b4ef12aee8d0faca4db5b681f4,GO,goiania,1,0,1,0.0000000000,0.0,0 / 1,0,0.0000000000,0.0,-2.0000,NULL,1,0,0.0000000000,0,0,NULL,1,0,0.0000000000,0,0.0000000000,230.00,273.22,0,0,below_floor,393,0.0780768749,0.07638571932468,0.0356083086,0.0666666667,0.1016949153,0.1428571429,0.1752577320,0,0,0,0,0,1,NULL,standard_terms,usable_n_lt_30
e64ddbe1cbcf4f2fc3092b7c481f3f9d,SP,sao paulo,1,0,1,0.0000000000,0.0,0 / 1,0,0.0000000000,0.0,-7.0000,NULL,1,0,0.0000000000,0,0,NULL,1,0,0.0000000000,0,0.0000000000,20.90,28.29,0,0,below_floor,393,0.0780768749,0.07638571932468,0.0356083086,0.0666666667,0.1016949153,0.1428571429,0.1752577320,0,0,0,0,0,1,NULL,standard_terms,usable_n_lt_30
e8ff5a6ceb895583033fc2a0f314e3c2,SC,blumenau,1,0,1,0.0000000000,0.0,0 / 1,0,0.0000000000,0.0,-13.0000,NULL,0,0,NULL,1,0,0.0000000000,1,0,0.0000000000,0,0.0000000000,139.89,158.97,0,0,below_floor,393,0.0780768749,0.07638571932468,0.0356083086,0.0666666667,0.1016949153,0.1428571429,0.1752577320,0,0,0,0,0,1,NULL,standard_terms,usable_n_lt_30
e9874ae10b2d60d43917b6bbfa13a599,PR,rolandia,1,0,1,0.0000000000,0.0,0 / 1,0,0.0000000000,0.0,-20.0000,NULL,1,0,0.0000000000,0,0,NULL,1,0,0.0000000000,0,0.0000000000,199.00,222.10,0,0,below_floor,393,0.0780768749,0.07638571932468,0.0356083086,0.0666666667,0.1016949153,0.1428571429,0.1752577320,0,0,0,0,0,1,NULL,standard_terms,usable_n_lt_30
eaaa46e98c9e61f6764dd1d7a2ab8b3e,RN,messias targino,1,0,1,0.0000000000,0.0,0 / 1,0,0.0000000000,0.0,-12.0000,NULL,0,0,NULL,1,0,0.0000000000,1,0,0.0000000000,0,0.0000000000,98.00,125.64,0,0,below_floor,393,0.0780768749,0.07638571932468,0.0356083086,0.0666666667,0.1016949153,0.1428571429,0.1752577320,0,0,0,0,0,1,NULL,standard_terms,usable_n_lt_30
eb1bf309f4f6af9a97e9ddac3fdbeabe,SP,diadema,1,0,1,0.0000000000,0.0,0 / 1,0,0.0000000000,0.0,-10.0000,NULL,0,0,NULL,1,0,0.0000000000,1,0,0.0000000000,0,0.0000000000,22.30,31.18,0,0,below_floor,393,0.0780768749,0.07638571932468,0.0356083086,0.0666666667,0.1016949153,0.1428571429,0.1752577320,0,0,0,0,0,1,NULL,standard_terms,usable_n_lt_30
eb4a59a06b3948e851a7d7a830bcbc42,BA,salvador,1,0,1,0.0000000000,0.0,0 / 1,0,0.0000000000,0.0,-10.0000,NULL,1,0,0.0000000000,0,0,NULL,1,0,0.0000000000,0,0.0000000000,32.00,53.15,0,0,below_floor,393,0.0780768749,0.07638571932468,0.0356083086,0.0666666667,0.1016949153,0.1428571429,0.1752577320,0,0,0,0,0,1,NULL,standard_terms,usable_n_lt_30
eb9267cccc90f1b49c8d2f9887c7dd97,PE,recife,1,0,1,0.0000000000,0.0,0 / 1,0,0.0000000000,0.0,-10.0000,NULL,0,0,NULL,1,0,0.0000000000,1,0,0.0000000000,0,0.0000000000,319.90,346.27,0,0,below_floor,393,0.0780768749,0.07638571932468,0.0356083086,0.0666666667,0.1016949153,0.1428571429,0.1752577320,0,0,0,0,0,1,NULL,standard_terms,usable_n_lt_30
ec4608a1f76453166bb312b2968aeaf4,SP,porto ferreira,1,0,1,0.0000000000,0.0,0 / 1,1,1.0000000000,100.0,0.0000,NULL,0,0,NULL,1,0,0.0000000000,0,0,NULL,1,1.0000000000,77.80,138.16,0,0,below_floor,393,0.0780768749,0.07638571932468,0.0356083086,0.0666666667,0.1016949153,0.1428571429,0.1752577320,0,0,0,0,0,1,NULL,standard_terms,usable_n_lt_30
edb58a1390adf273840030a3d6253829,SP,piracicaba,1,0,1,0.0000000000,0.0,0 / 1,0,0.0000000000,0.0,-12.0000,NULL,0,0,NULL,1,0,0.0000000000,1,0,0.0000000000,0,0.0000000000,39.90,58.28,0,0,below_floor,393,0.0780768749,0.07638571932468,0.0356083086,0.0666666667,0.1016949153,0.1428571429,0.1752577320,0,0,0,0,0,1,NULL,standard_terms,usable_n_lt_30
ede2977fbaf3738583170735ca403f6c,PR,curitiba,1,0,1,0.0000000000,0.0,0 / 1,0,0.0000000000,0.0,-15.0000,NULL,1,0,0.0000000000,0,0,NULL,1,0,0.0000000000,0,0.0000000000,289.90,327.25,0,0,below_floor,393,0.0780768749,0.07638571932468,0.0356083086,0.0666666667,0.1016949153,0.1428571429,0.1752577320,0,0,0,0,0,1,NULL,standard_terms,usable_n_lt_30
f114dca2828bf718548db175ebe2cfcd,PR,cambe,1,0,1,0.0000000000,0.0,0 / 1,0,0.0000000000,0.0,-22.0000,NULL,1,0,0.0000000000,0,0,NULL,1,0,0.0000000000,0,0.0000000000,139.00,152.99,0,0,below_floor,393,0.0780768749,0.07638571932468,0.0356083086,0.0666666667,0.1016949153,0.1428571429,0.1752577320,0,0,0,0,0,1,NULL,standard_terms,usable_n_lt_30
f1fdf2d13186575751aa25876536d85c,SP,sao paulo,1,0,1,0.0000000000,0.0,0 / 1,0,0.0000000000,0.0,-6.0000,NULL,1,0,0.0000000000,0,0,NULL,1,0,0.0000000000,0,0.0000000000,26.30,34.59,0,0,below_floor,393,0.0780768749,0.07638571932468,0.0356083086,0.0666666667,0.1016949153,0.1428571429,0.1752577320,0,0,0,0,0,1,NULL,standard_terms,usable_n_lt_30
f3862c2188522d89860c38a3ea8b550d,SP,ribeirao preto,1,0,1,0.0000000000,0.0,0 / 1,0,0.0000000000,0.0,-8.0000,NULL,0,0,NULL,1,0,0.0000000000,1,0,0.0000000000,0,0.0000000000,15.50,28.29,0,0,below_floor,393,0.0780768749,0.07638571932468,0.0356083086,0.0666666667,0.1016949153,0.1428571429,0.1752577320,0,0,0,0,0,1,NULL,standard_terms,usable_n_lt_30
f43827dd686be3a4a80e00aa299990fb,SP,sao jose do rio preto,1,0,1,0.0000000000,0.0,0 / 1,0,0.0000000000,0.0,-14.0000,NULL,1,0,0.0000000000,0,0,NULL,1,0,0.0000000000,0,0.0000000000,95.54,125.74,0,0,below_floor,393,0.0780768749,0.07638571932468,0.0356083086,0.0666666667,0.1016949153,0.1428571429,0.1752577320,0,0,0,0,0,1,NULL,standard_terms,usable_n_lt_30
f6122bc84774df1b372bdb3bb88ddb9f,SP,barueri,1,0,1,0.0000000000,0.0,0 / 1,0,0.0000000000,0.0,-3.0000,NULL,1,0,0.0000000000,0,0,NULL,1,0,0.0000000000,0,0.0000000000,1649.89,1672.06,0,0,below_floor,393,0.0780768749,0.07638571932468,0.0356083086,0.0666666667,0.1016949153,0.1428571429,0.1752577320,0,0,0,0,0,1,NULL,standard_terms,usable_n_lt_30
f67efa3f0b6761102a7f8c6b7b571f5d,PR,curitiba,1,0,1,0.0000000000,0.0,0 / 1,0,0.0000000000,0.0,-41.0000,NULL,1,0,0.0000000000,0,0,NULL,1,0,0.0000000000,0,0.0000000000,149.99,238.95,0,0,below_floor,393,0.0780768749,0.07638571932468,0.0356083086,0.0666666667,0.1016949153,0.1428571429,0.1752577320,0,0,0,0,0,1,NULL,standard_terms,usable_n_lt_30
f7c31656c19db6275a8acadca289f426,SP,ibitinga,1,0,1,0.0000000000,0.0,0 / 1,0,0.0000000000,0.0,-9.0000,NULL,1,0,0.0000000000,0,0,NULL,1,0,0.0000000000,0,0.0000000000,61.56,77.75,0,0,below_floor,393,0.0780768749,0.07638571932468,0.0356083086,0.0666666667,0.1016949153,0.1428571429,0.1752577320,0,0,0,0,0,1,NULL,standard_terms,usable_n_lt_30
f8d5c7085db9a4ad2b8c1ffbeb2798c8,SP,sao paulo,1,0,1,0.0000000000,0.0,0 / 1,0,0.0000000000,0.0,-15.0000,NULL,1,0,0.0000000000,0,0,NULL,1,0,0.0000000000,0,0.0000000000,30.00,55.63,0,0,below_floor,393,0.0780768749,0.07638571932468,0.0356083086,0.0666666667,0.1016949153,0.1428571429,0.1752577320,0,0,0,0,0,1,NULL,standard_terms,usable_n_lt_30
f90f77ef2799a27f80d90c425ca944f7,PR,londrina,1,0,1,0.0000000000,0.0,0 / 1,0,0.0000000000,0.0,-20.0000,NULL,0,0,NULL,1,0,0.0000000000,1,0,0.0000000000,0,0.0000000000,70.00,89.46,0,0,below_floor,393,0.0780768749,0.07638571932468,0.0356083086,0.0666666667,0.1016949153,0.1428571429,0.1752577320,0,0,0,0,0,1,NULL,standard_terms,usable_n_lt_30
fa14641f57b655e933124a9ea49cd7a5,SP,sao paulo,1,0,1,0.0000000000,0.0,0 / 1,0,0.0000000000,0.0,-10.0000,NULL,1,0,0.0000000000,0,0,NULL,1,0,0.0000000000,0,0.0000000000,49.99,65.09,0,0,below_floor,393,0.0780768749,0.07638571932468,0.0356083086,0.0666666667,0.1016949153,0.1428571429,0.1752577320,0,0,0,0,0,1,NULL,standard_terms,usable_n_lt_30
fc0b214b59a83615fea981c6424a02ae,SP,maua,1,0,1,0.0000000000,0.0,0 / 1,0,0.0000000000,0.0,-6.0000,NULL,0,0,NULL,1,0,0.0000000000,1,0,0.0000000000,0,0.0000000000,159.90,172.04,0,0,below_floor,393,0.0780768749,0.07638571932468,0.0356083086,0.0666666667,0.1016949153,0.1428571429,0.1752577320,0,0,0,0,0,1,NULL,standard_terms,usable_n_lt_30
fcba71d4d5db057f43249145e4eb1e27,SP,limeira,1,0,1,0.0000000000,0.0,0 / 1,0,0.0000000000,0.0,-3.0000,NULL,1,0,0.0000000000,0,0,NULL,1,0,0.0000000000,0,0.0000000000,159.90,178.27,0,0,below_floor,393,0.0780768749,0.07638571932468,0.0356083086,0.0666666667,0.1016949153,0.1428571429,0.1752577320,0,0,0,0,0,1,NULL,standard_terms,usable_n_lt_30
fd435faa3c0422b60440ea3480d0e77c,PB,joao pessoa,1,0,1,0.0000000000,0.0,0 / 1,0,0.0000000000,0.0,-14.0000,NULL,0,0,NULL,1,0,0.0000000000,1,0,0.0000000000,0,0.0000000000,749.00,882.87,0,0,below_floor,393,0.0780768749,0.07638571932468,0.0356083086,0.0666666667,0.1016949153,0.1428571429,0.1752577320,0,0,0,0,0,1,NULL,standard_terms,usable_n_lt_30
fdf736c18c589ed030e058312203e1b2,MG,pocos de caldas,1,0,1,0.0000000000,0.0,0 / 1,0,0.0000000000,0.0,-3.0000,NULL,0,0,NULL,1,0,0.0000000000,1,0,0.0000000000,0,0.0000000000,30.00,44.51,0,0,below_floor,393,0.0780768749,0.07638571932468,0.0356083086,0.0666666667,0.1016949153,0.1428571429,0.1752577320,0,0,0,0,0,1,NULL,standard_terms,usable_n_lt_30
fe9d9cf8631285d5982c6e2cf27fb114,MG,barbacena/ minas gerais,1,0,1,0.0000000000,0.0,0 / 1,0,0.0000000000,0.0,-14.0000,NULL,0,0,NULL,1,0,0.0000000000,1,0,0.0000000000,0,0.0000000000,69.90,93.54,0,0,below_floor,393,0.0780768749,0.07638571932468,0.0356083086,0.0666666667,0.1016949153,0.1428571429,0.1752577320,0,0,0,0,0,1,NULL,standard_terms,usable_n_lt_30
feb793c88d836c3a75efa4b5a3465d70,SP,sao paulo,1,0,1,0.0000000000,0.0,0 / 1,0,0.0000000000,0.0,-8.0000,NULL,1,0,0.0000000000,0,0,NULL,1,0,0.0000000000,0,0.0000000000,466.00,530.17,0,0,below_floor,393,0.0780768749,0.07638571932468,0.0356083086,0.0666666667,0.1016949153,0.1428571429,0.1752577320,0,0,0,0,0,1,NULL,standard_terms,usable_n_lt_30
ede0c03645598cdfc63ca8237acbe73d,SP,ribeirao preto,43,14,29,0.3255813953,32.6,14 / 43,15,0.3488372093,34.9,-7.0000,10.5000,40,14,0.3500000000,3,0,0.0000000000,43,14,0.3255813953,0,0.0000000000,2352.15,3060.45,0,1,30_49,393,0.0780768749,0.07638571932468,0.0356083086,0.0666666667,0.1016949153,0.1428571429,0.1752577320,1,1,0,0,1,1,1,watch,split_window_unstable
440dd6ab244315c632130ecfb63827b1,SP,votuporanga,30,8,22,0.2666666667,26.7,8 / 30,8,0.2666666667,26.7,-13.0000,6.5000,24,8,0.3333333333,6,0,0.0000000000,29,8,0.2758620690,1,0.0333333333,4726.80,5566.84,0,1,30_49,393,0.0780768749,0.07638571932468,0.0356083086,0.0666666667,0.1016949153,0.1428571429,0.1752577320,1,1,0,0,1,1,3,watch,split_window_unstable
6fd52c528dcb38be2eea044946b811f8,SP,sao paulo,34,9,25,0.2647058824,26.5,9 / 34,9,0.2647058824,26.5,-9.0000,4.0000,21,9,0.4285714286,13,0,0.0000000000,34,9,0.2647058824,0,0.0000000000,4169.13,4710.27,0,1,30_49,393,0.0780768749,0.07638571932468,0.0356083086,0.0666666667,0.1016949153,0.1428571429,0.1752577320,1,1,0,0,1,1,4,watch,split_window_unstable
8b28d096634035667e8263d57ba3368c,SP,sao jose dos campos,44,11,33,0.2500000000,25.0,11 / 44,11,0.2500000000,25.0,-14.5000,5.0000,33,11,0.3333333333,11,0,0.0000000000,41,11,0.2682926829,3,0.0681818182,2815.22,3627.27,0,1,30_49,393,0.0780768749,0.07638571932468,0.0356083086,0.0666666667,0.1016949153,0.1428571429,0.1752577320,1,1,0,0,1,1,5,watch,split_window_unstable
602044f2c16190c2c6e45eb35c2e21cb,SP,ibitinga,33,8,25,0.2424242424,24.2,8 / 33,9,0.2727272727,27.3,-7.0000,7.5000,18,8,0.4444444444,15,0,0.0000000000,31,8,0.2580645161,2,0.0606060606,2509.28,3190.07,0,1,30_49,393,0.0780768749,0.07638571932468,0.0356083086,0.0666666667,0.1016949153,0.1428571429,0.1752577320,1,1,0,0,1,1,6,watch,split_window_unstable
431af27f296bc6519d890aa5a05fdb11,SP,ribeirao preto,30,7,23,0.2333333333,23.3,7 / 30,7,0.2333333333,23.3,-7.5000,7.0000,24,7,0.2916666667,6,0,0.0000000000,30,7,0.2333333333,0,0.0000000000,3461.90,4009.34,0,1,30_49,393,0.0780768749,0.07638571932468,0.0356083086,0.0666666667,0.1016949153,0.1428571429,0.1752577320,1,1,0,0,1,1,10,watch,split_window_unstable
6039e27294dc75811c0d8a39069f52c0,SP,osasco,38,8,30,0.2105263158,21.1,8 / 38,11,0.2894736842,28.9,-9.0000,11.5000,28,8,0.2857142857,10,0,0.0000000000,37,8,0.2162162162,1,0.0263157895,8233.40,9755.68,0,1,30_49,393,0.0780768749,0.07638571932468,0.0356083086,0.0666666667,0.1016949153,0.1428571429,0.1752577320,1,1,0,0,1,1,13,watch,split_window_unstable
70a12e78e608ac31179aea7f8422044b,SP,jacarei,91,16,75,0.1758241758,17.6,16 / 91,17,0.1868131868,18.7,-9.0000,9.0000,77,16,0.2077922078,14,0,0.0000000000,90,16,0.1777777778,1,0.0109890110,12887.50,14474.85,0,1,50_99,393,0.0780768749,0.07638571932468,0.0356083086,0.0666666667,0.1016949153,0.1428571429,0.1752577320,1,1,0,0,1,1,19,watch,split_window_unstable
2c9e548be18521d1c43cde1c582c6de8,SP,mogi das cruzes,97,17,80,0.1752577320,17.5,17 / 97,17,0.1752577320,17.5,-8.0000,14.0000,70,17,0.2428571429,27,0,0.0000000000,96,17,0.1770833333,1,0.0103092784,4779.39,6833.57,0,1,50_99,393,0.0780768749,0.07638571932468,0.0356083086,0.0666666667,0.1016949153,0.1428571429,0.1752577320,1,1,0,0,1,1,20,watch,split_window_unstable
88460e8ebdecbfecb5f9601833981930,PR,maringa,231,40,191,0.1731601732,17.3,40 / 231,45,0.1948051948,19.5,-12.0000,7.5000,124,36,0.2903225806,107,4,0.0373831776,214,40,0.1869158879,17,0.0735930736,26187.30,30669.50,2,1,100_plus,393,0.0780768749,0.07638571932468,0.0356083086,0.0666666667,0.1016949153,0.1428571429,0.1752577320,1,1,0,0,1,1,21,watch,split_window_unstable
2a261b5b644fa05f4f2700eb93544f2c,SP,porto ferreira,47,8,39,0.1702127660,17.0,8 / 47,10,0.2127659574,21.3,-12.0000,4.5000,28,7,0.2500000000,19,1,0.0526315789,43,8,0.1860465116,4,0.0851063830,4895.00,6838.56,0,1,30_49,393,0.0780768749,0.07638571932468,0.0356083086,0.0666666667,0.1016949153,0.1428571429,0.1752577320,1,1,0,0,1,1,22,watch,split_window_unstable
3c03b12bab54d8b37d79d914bfdb1aa0,RJ,sao joao de meriti,36,6,30,0.1666666667,16.7,6 / 36,6,0.1666666667,16.7,-11.5000,6.5000,27,6,0.2222222222,9,0,0.0000000000,35,6,0.1714285714,1,0.0277777778,4217.89,4882.43,0,1,30_49,393,0.0780768749,0.07638571932468,0.0356083086,0.0666666667,0.1016949153,0.1428571429,0.1752577320,1,1,0,0,1,1,23,watch,split_window_unstable
855668e0971d4dfd7bef1b6a4133b41b,SP,itatiba,118,19,99,0.1610169492,16.1,19 / 118,20,0.1694915254,16.9,-10.0000,8.0000,81,17,0.2098765432,37,2,0.0540540541,115,19,0.1652173913,3,0.0254237288,11814.64,15231.10,0,1,100_plus,393,0.0780768749,0.07638571932468,0.0356083086,0.0666666667,0.1016949153,0.1428571429,0.1752577320,1,1,0,0,1,1,24,watch,split_window_unstable
fffd5413c0700ac820c7069d66d98c89,SP,amparo,38,6,32,0.1578947368,15.8,6 / 38,6,0.1578947368,15.8,-13.5000,6.0000,22,5,0.2272727273,16,1,0.0625000000,37,6,0.1621621622,1,0.0263157895,5160.70,6958.26,0,1,30_49,393,0.0780768749,0.07638571932468,0.0356083086,0.0666666667,0.1016949153,0.1428571429,0.1752577320,1,1,0,0,1,1,25,watch,split_window_unstable
f84a00e60c73a49e7e851c9bdca3a5bb,RJ,rio de janeiro,52,8,44,0.1538461538,15.4,8 / 52,9,0.1730769231,17.3,-13.0000,9.0000,36,7,0.1944444444,16,1,0.0625000000,52,8,0.1538461538,0,0.0000000000,3272.50,4306.26,0,1,50_99,393,0.0780768749,0.07638571932468,0.0356083086,0.0666666667,0.1016949153,0.1428571429,0.1752577320,1,1,0,0,1,1,27,watch,split_window_unstable
897060da8b9a21f655304d50fd935913,SP,ribeirao preto,124,19,105,0.1532258065,15.3,19 / 124,23,0.1854838710,18.5,-12.0000,7.0000,111,19,0.1711711712,13,0,0.0000000000,124,19,0.1532258065,0,0.0000000000,6942.87,9589.07,0,1,100_plus,393,0.0780768749,0.07638571932468,0.0356083086,0.0666666667,0.1016949153,0.1428571429,0.1752577320,1,1,0,0,1,1,29,watch,split_window_unstable
1d8dbc4f32378d715c717c1c1fc57bae,PR,arapongas,33,5,28,0.1515151515,15.2,5 / 33,5,0.1515151515,15.2,-14.0000,6.0000,28,5,0.1785714286,5,0,0.0000000000,32,5,0.1562500000,1,0.0303030303,3814.59,4795.24,0,1,30_49,393,0.0780768749,0.07638571932468,0.0356083086,0.0666666667,0.1016949153,0.1428571429,0.1752577320,1,1,0,0,1,1,30,watch,split_window_unstable
3b15288545f8928d3e65a8f949a28291,SP,ibitinga,33,5,28,0.1515151515,15.2,5 / 33,5,0.1515151515,15.2,-11.0000,7.0000,20,5,0.2500000000,13,0,0.0000000000,28,5,0.1785714286,5,0.1515151515,5136.57,5990.03,0,1,30_49,393,0.0780768749,0.07638571932468,0.0356083086,0.0666666667,0.1016949153,0.1428571429,0.1752577320,1,1,0,0,1,1,31,watch,split_window_unstable
11bfa66332777660bd0640ee84d47006,SP,ribeirao preto,53,8,45,0.1509433962,15.1,8 / 53,9,0.1698113208,17.0,-10.0000,11.0000,38,8,0.2105263158,15,0,0.0000000000,53,8,0.1509433962,0,0.0000000000,2625.60,3791.74,0,1,50_99,393,0.0780768749,0.07638571932468,0.0356083086,0.0666666667,0.1016949153,0.1428571429,0.1752577320,1,1,0,0,1,1,32,watch,split_window_unstable
0b35c634521043bf4b47e21547b99ab5,PR,teixeira soares,47,7,40,0.1489361702,14.9,7 / 47,7,0.1489361702,14.9,-17.0000,24.0000,33,7,0.2121212121,14,0,0.0000000000,41,7,0.1707317073,6,0.1276595745,11663.75,13029.22,0,1,30_49,393,0.0780768749,0.07638571932468,0.0356083086,0.0666666667,0.1016949153,0.1428571429,0.1752577320,1,1,0,0,1,1,33,watch,split_window_unstable
6973a06f484aacf400ece213dbf3d946,SP,sao jose dos campos,89,13,76,0.1460674157,14.6,13 / 89,15,0.1685393258,16.9,-7.0000,6.0000,87,13,0.1494252874,2,0,0.0000000000,77,13,0.1688311688,12,0.1348314607,10418.72,11706.59,0,1,50_99,393,0.0780768749,0.07638571932468,0.0356083086,0.0666666667,0.1016949153,0.1428571429,0.1752577320,1,1,0,0,1,1,34,watch,split_window_unstable
3be634553519fb6536a03e1358e9fdc7,SP,sao paulo,42,6,36,0.1428571429,14.3,6 / 42,7,0.1666666667,16.7,-10.5000,4.5000,27,6,0.2222222222,15,0,0.0000000000,40,6,0.1500000000,2,0.0476190476,2634.38,3641.77,0,1,30_49,393,0.0780768749,0.07638571932468,0.0356083086,0.0666666667,0.1016949153,0.1428571429,0.1752577320,1,1,0,0,1,1,40,watch,split_window_unstable
b561927807645834b59ef0d16ba55a24,SP,sao paulo,85,12,73,0.1411764706,14.1,12 / 85,12,0.1411764706,14.1,-11.0000,6.5000,30,7,0.2333333333,55,5,0.0909090909,82,12,0.1463414634,3,0.0352941176,4501.99,5807.03,0,1,50_99,393,0.0780768749,0.07638571932468,0.0356083086,0.0666666667,0.1016949153,0.1428571429,0.1752577320,1,0,0,0,0,1,41,watch,p75_watch_band_after_cap
59b22a78efb79a4797979612b885db36,MG,uberlandia,71,10,61,0.1408450704,14.1,10 / 71,11,0.1549295775,15.5,-10.0000,5.5000,41,7,0.1707317073,30,3,0.1000000000,71,10,0.1408450704,0,0.0000000000,17554.00,20861.13,0,1,50_99,393,0.0780768749,0.07638571932468,0.0356083086,0.0666666667,0.1016949153,0.1428571429,0.1752577320,1,0,0,0,0,1,42,watch,p75_watch_band_after_cap
8581055ce74af1daba164fdbd55a40de,SP,guarulhos,114,16,98,0.1403508772,14.0,16 / 114,18,0.1578947368,15.8,-8.0000,12.0000,114,16,0.1403508772,0,0,NULL,111,16,0.1441441441,3,0.0263157895,18838.03,21510.11,0,1,100_plus,393,0.0780768749,0.07638571932468,0.0356083086,0.0666666667,0.1016949153,0.1428571429,0.1752577320,1,0,0,0,0,1,43,watch,p75_watch_band_after_cap
4e922959ae960d389249c378d1c939f5,SP,jacarei,151,21,130,0.1390728477,13.9,21 / 151,25,0.1655629139,16.6,-12.0000,7.0000,115,19,0.1652173913,36,2,0.0555555556,150,21,0.1400000000,1,0.0066225166,23314.27,25969.31,1,1,100_plus,393,0.0780768749,0.07638571932468,0.0356083086,0.0666666667,0.1016949153,0.1428571429,0.1752577320,1,0,0,0,1,1,44,watch,split_window_unstable
3db66a856d18a9cba7c9241fc5221c50,MG,ponte nova,36,5,31,0.1388888889,13.9,5 / 36,5,0.1388888889,13.9,-13.5000,3.0000,14,4,0.2857142857,22,1,0.0454545455,35,5,0.1428571429,1,0.0277777778,4169.30,5115.06,0,1,30_49,393,0.0780768749,0.07638571932468,0.0356083086,0.0666666667,0.1016949153,0.1428571429,0.1752577320,1,0,0,0,1,1,45,watch,split_window_unstable
406822777a0b9eb5c50e442dd4cd3ec5,SP,tatui,36,5,31,0.1388888889,13.9,5 / 36,6,0.1666666667,16.7,-12.0000,5.0000,19,5,0.2631578947,17,0,0.0000000000,36,5,0.1388888889,0,0.0000000000,2905.09,3666.44,0,1,30_49,393,0.0780768749,0.07638571932468,0.0356083086,0.0666666667,0.1016949153,0.1428571429,0.1752577320,1,0,0,0,1,1,46,watch,split_window_unstable
7e1fb0a3ebfb01ffb3a7dae98bf3238d,SP,franca,87,12,75,0.1379310345,13.8,12 / 87,13,0.1494252874,14.9,-12.0000,7.0000,62,9,0.1451612903,25,3,0.1200000000,87,12,0.1379310345,0,0.0000000000,14241.00,15760.66,0,1,50_99,393,0.0780768749,0.07638571932468,0.0356083086,0.0666666667,0.1016949153,0.1428571429,0.1752577320,1,0,0,0,0,1,47,watch,p75_watch_band_after_cap
b74d1c09cb380e1d03a6f859c6f4224b,RJ,rio de janeiro,30,4,26,0.1333333333,13.3,4 / 30,4,0.1333333333,13.3,-11.5000,2.0000,15,1,0.0666666667,15,3,0.2000000000,27,4,0.1481481481,3,0.1000000000,2174.61,2984.58,0,1,30_49,393,0.0780768749,0.07638571932468,0.0356083086,0.0666666667,0.1016949153,0.1428571429,0.1752577320,1,0,0,0,1,1,48,watch,split_window_unstable
8e6d7754bc7e0f22c96d255ebda59eba,SP,sao jose dos campos,83,11,72,0.1325301205,13.3,11 / 83,14,0.1686746988,16.9,-7.0000,4.0000,81,11,0.1358024691,2,0,0.0000000000,76,11,0.1447368421,7,0.0843373494,13871.46,15538.21,0,1,50_99,393,0.0780768749,0.07638571932468,0.0356083086,0.0666666667,0.1016949153,0.1428571429,0.1752577320,1,0,0,0,1,1,49,watch,split_window_unstable
4c2b230173bb36f9b240f2b8ac11786e,SP,sao paulo,107,14,93,0.1308411215,13.1,14 / 107,16,0.1495327103,15.0,-7.0000,6.0000,78,13,0.1666666667,29,1,0.0344827586,106,14,0.1320754717,1,0.0093457944,6521.10,8201.36,0,1,100_plus,393,0.0780768749,0.07638571932468,0.0356083086,0.0666666667,0.1016949153,0.1428571429,0.1752577320,1,0,0,0,1,1,50,watch,split_window_unstable
ff1fb4c404b2efe68b03350a8dc24122,SP,mogi das cruzes,46,6,40,0.1304347826,13.0,6 / 46,7,0.1521739130,15.2,-9.0000,3.5000,24,1,0.0416666667,22,5,0.2272727273,43,6,0.1395348837,3,0.0652173913,6771.00,7666.95,0,1,30_49,393,0.0780768749,0.07638571932468,0.0356083086,0.0666666667,0.1016949153,0.1428571429,0.1752577320,1,0,0,0,1,1,51,watch,split_window_unstable
7ad32824caee82087b3e2e5f33b1bf32,SP,ibitinga,147,19,128,0.1292517007,12.9,19 / 147,21,0.1428571429,14.3,-10.0000,6.0000,43,11,0.2558139535,104,8,0.0769230769,140,19,0.1357142857,7,0.0476190476,22018.10,25495.80,0,1,100_plus,393,0.0780768749,0.07638571932468,0.0356083086,0.0666666667,0.1016949153,0.1428571429,0.1752577320,1,0,0,0,0,1,52,watch,p75_watch_band_after_cap
620c87c171fb2a6dd6e8bb4dec959fc6,RJ,petropolis,360,46,314,0.1277777778,12.8,46 / 360,54,0.1500000000,15.0,-13.0000,9.5000,216,43,0.1990740741,144,3,0.0208333333,357,46,0.1288515406,3,0.0083333333,47849.00,55049.12,0,1,100_plus,393,0.0780768749,0.07638571932468,0.0356083086,0.0666666667,0.1016949153,0.1428571429,0.1752577320,1,0,0,0,1,1,53,watch,split_window_unstable
b1fc4f64df5a0e8b6913ab38803c57a9,RJ,sao goncalo,63,8,55,0.1269841270,12.7,8 / 63,8,0.1269841270,12.7,-12.0000,3.5000,50,8,0.1600000000,13,0,0.0000000000,59,7,0.1186440678,4,0.0634920635,4596.82,5808.29,0,1,50_99,393,0.0780768749,0.07638571932468,0.0356083086,0.0666666667,0.1016949153,0.1428571429,0.1752577320,1,0,0,0,1,1,54,watch,split_window_unstable
fa1c13f2614d7b5c4749cbc52fecda94,SP,sumare,293,37,256,0.1262798635,12.6,37 / 293,39,0.1331058020,13.3,-11.0000,8.0000,152,29,0.1907894737,141,8,0.0567375887,284,37,0.1302816901,9,0.0307167235,93687.82,99050.45,0,1,100_plus,393,0.0780768749,0.07638571932468,0.0356083086,0.0666666667,0.1016949153,0.1428571429,0.1752577320,1,0,0,0,1,1,55,watch,split_window_unstable
218d46b86c1881d022bce9c68a7d4b15,SP,ribeirao preto,194,24,170,0.1237113402,12.4,24 / 194,27,0.1391752577,13.9,-12.0000,8.0000,151,22,0.1456953642,43,2,0.0465116279,188,24,0.1276595745,6,0.0309278351,25094.28,28757.03,0,1,100_plus,393,0.0780768749,0.07638571932468,0.0356083086,0.0666666667,0.1016949153,0.1428571429,0.1752577320,1,0,0,0,1,1,56,watch,split_window_unstable
23c38debaffe4a25a30fdbd9b586a13f,SP,votorantim,41,5,36,0.1219512195,12.2,5 / 41,6,0.1463414634,14.6,-11.0000,4.0000,18,2,0.1111111111,23,3,0.1304347826,40,5,0.1250000000,1,0.0243902439,5382.18,6216.56,0,1,30_49,393,0.0780768749,0.07638571932468,0.0356083086,0.0666666667,0.1016949153,0.1428571429,0.1752577320,1,0,0,0,0,1,58,watch,p75_watch_band_after_cap
b18dc380845b24038cfc48006478f099,SP,diadema,41,5,36,0.1219512195,12.2,5 / 41,7,0.1707317073,17.1,-13.0000,7.0000,23,4,0.1739130435,18,1,0.0555555556,41,5,0.1219512195,0,0.0000000000,7536.96,8309.36,0,1,30_49,393,0.0780768749,0.07638571932468,0.0356083086,0.0666666667,0.1016949153,0.1428571429,0.1752577320,1,0,0,0,1,1,59,watch,split_window_unstable
0ffa40d54288e4f3499b8780dd0f144f,SP,presidente prudente,33,4,29,0.1212121212,12.1,4 / 33,5,0.1515151515,15.2,-15.0000,4.5000,31,4,0.1290322581,2,0,0.0000000000,33,4,0.1212121212,0,0.0000000000,2162.80,2746.47,0,1,30_49,393,0.0780768749,0.07638571932468,0.0356083086,0.0666666667,0.1016949153,0.1428571429,0.1752577320,1,0,0,0,1,1,61,watch,split_window_unstable
ba143b05f0110f0dc71ad71b4466ce92,SP,sao paulo,83,10,73,0.1204819277,12.0,10 / 83,13,0.1566265060,15.7,-7.0000,7.0000,6,0,0.0000000000,77,10,0.1298701299,82,10,0.1219512195,1,0.0120481928,5998.70,7309.37,0,1,50_99,393,0.0780768749,0.07638571932468,0.0356083086,0.0666666667,0.1016949153,0.1428571429,0.1752577320,1,0,0,0,1,1,62,watch,split_window_unstable
e5a38146df062edaf55c38afa99e42dc,SP,sao paulo,67,8,59,0.1194029851,11.9,8 / 67,10,0.1492537313,14.9,-10.0000,10.0000,55,8,0.1454545455,12,0,0.0000000000,67,8,0.1194029851,0,0.0000000000,9638.60,10698.32,0,1,50_99,393,0.0780768749,0.07638571932468,0.0356083086,0.0666666667,0.1016949153,0.1428571429,0.1752577320,1,0,0,0,1,1,63,watch,split_window_unstable
1eade46fba20122dc4aefb379f8c636b,SP,sao paulo,42,5,37,0.1190476190,11.9,5 / 42,6,0.1428571429,14.3,-9.0000,11.0000,28,5,0.1785714286,14,0,0.0000000000,42,5,0.1190476190,0,0.0000000000,2709.07,3439.89,0,1,30_49,393,0.0780768749,0.07638571932468,0.0356083086,0.0666666667,0.1016949153,0.1428571429,0.1752577320,1,0,0,0,1,1,65,watch,split_window_unstable
b2479f944e1b90cf8a5de1bbfde284d6,SP,ibitinga,101,12,89,0.1188118812,11.9,12 / 101,14,0.1386138614,13.9,-9.0000,10.5000,67,12,0.1791044776,34,0,0.0000000000,98,12,0.1224489796,3,0.0297029703,4666.53,6874.23,0,1,100_plus,393,0.0780768749,0.07638571932468,0.0356083086,0.0666666667,0.1016949153,0.1428571429,0.1752577320,1,0,0,0,1,1,66,watch,split_window_unstable
5058e8c1e82653974541e83690655b4a,SP,itaquaquecetuba,43,5,38,0.1162790698,11.6,5 / 43,6,0.1395348837,14.0,-24.0000,12.0000,23,4,0.1739130435,20,1,0.0500000000,40,5,0.1250000000,3,0.0697674419,7451.04,9896.13,0,1,30_49,393,0.0780768749,0.07638571932468,0.0356083086,0.0666666667,0.1016949153,0.1428571429,0.1752577320,1,0,0,0,1,1,69,watch,split_window_unstable
b33e7c55446eabf8fe1a42d037ac7d6d,SP,pradopolis,69,8,61,0.1159420290,11.6,8 / 69,9,0.1304347826,13.0,-14.0000,5.0000,60,8,0.1333333333,9,0,0.0000000000,67,8,0.1194029851,2,0.0289855072,22719.92,23983.56,0,1,50_99,393,0.0780768749,0.07638571932468,0.0356083086,0.0666666667,0.1016949153,0.1428571429,0.1752577320,1,0,0,0,1,1,70,watch,split_window_unstable
4c498c7345e89aebad651544829beca0,SP,carapicuiba,44,5,39,0.1136363636,11.4,5 / 44,6,0.1363636364,13.6,-9.0000,5.0000,28,2,0.0714285714,16,3,0.1875000000,42,5,0.1190476190,2,0.0454545455,4390.57,4917.96,0,1,30_49,393,0.0780768749,0.07638571932468,0.0356083086,0.0666666667,0.1016949153,0.1428571429,0.1752577320,1,0,0,0,0,1,72,watch,p75_watch_band_after_cap
99a54764c341d5dc80b4a8fac4eba3fb,SP,sao paulo,44,5,39,0.1136363636,11.4,5 / 44,9,0.2045454545,20.5,-9.5000,3.0000,4,0,0.0000000000,40,5,0.1250000000,41,5,0.1219512195,3,0.0681818182,3578.76,4877.58,0,1,30_49,393,0.0780768749,0.07638571932468,0.0356083086,0.0666666667,0.1016949153,0.1428571429,0.1752577320,1,0,0,0,1,1,73,watch,split_window_unstable
4869f7a5dfa277a7dca6462dcf3b52b2,SP,guariba,716,81,635,0.1131284916,11.3,81 / 716,88,0.1229050279,12.3,-13.0000,7.0000,394,72,0.1827411168,322,9,0.0279503106,707,81,0.1145685997,9,0.0125698324,136164.90,148906.43,0,1,100_plus,393,0.0780768749,0.07638571932468,0.0356083086,0.0666666667,0.1016949153,0.1428571429,0.1752577320,1,0,0,0,1,1,74,watch,split_window_unstable
4a3ca9315b744ce9f8e9374361493884,SP,ibitinga,675,76,599,0.1125925926,11.3,76 / 675,89,0.1318518519,13.2,-11.0000,7.0000,388,68,0.1752577320,287,8,0.0278745645,636,76,0.1194968553,39,0.0577777778,71754.25,86126.21,2,1,100_plus,393,0.0780768749,0.07638571932468,0.0356083086,0.0666666667,0.1016949153,0.1428571429,0.1752577320,1,0,0,0,1,1,76,watch,split_window_unstable
ececbfcff9804a2d6b40f589df8eef2b,SP,franca,80,9,71,0.1125000000,11.3,9 / 80,10,0.1250000000,12.5,-13.0000,9.0000,30,5,0.1666666667,50,4,0.0800000000,78,9,0.1153846154,2,0.0250000000,5676.30,7237.26,1,1,50_99,393,0.0780768749,0.07638571932468,0.0356083086,0.0666666667,0.1016949153,0.1428571429,0.1752577320,1,0,0,0,0,1,77,watch,p75_watch_band_after_cap
f46490624488d3ff7ce78613913a7711,SP,guarulhos,80,9,71,0.1125000000,11.3,9 / 80,10,0.1250000000,12.5,-10.0000,3.0000,0,0,NULL,80,9,0.1125000000,80,9,0.1125000000,0,0.0000000000,5690.95,7384.36,0,1,50_99,393,0.0780768749,0.07638571932468,0.0356083086,0.0666666667,0.1016949153,0.1428571429,0.1752577320,1,0,0,0,0,1,78,watch,p75_watch_band_after_cap
2eb70248d66e0e3ef83659f71b244378,SP,campinas,187,21,166,0.1122994652,11.2,21 / 187,26,0.1390374332,13.9,-10.0000,6.0000,37,13,0.3513513514,150,8,0.0533333333,185,21,0.1135135135,2,0.0106951872,38990.72,42046.73,0,1,100_plus,393,0.0780768749,0.07638571932468,0.0356083086,0.0666666667,0.1016949153,0.1428571429,0.1752577320,1,0,0,0,1,1,79,watch,split_window_unstable
c31eff8334d6b3047ed34bebd4d62c36,SP,salto,119,13,106,0.1092436975,10.9,13 / 119,16,0.1344537815,13.4,-9.0000,2.0000,50,2,0.0400000000,69,11,0.1594202899,115,13,0.1130434783,4,0.0336134454,12911.62,15232.75,0,1,100_plus,393,0.0780768749,0.07638571932468,0.0356083086,0.0666666667,0.1016949153,0.1428571429,0.1752577320,1,0,0,0,1,1,82,watch,split_window_unstable
3f3486b61f45078d4f31ee5e43d8c5bb,SP,sao paulo,37,4,33,0.1081081081,10.8,4 / 37,6,0.1621621622,16.2,-11.0000,1.5000,22,3,0.1363636364,15,1,0.0666666667,37,4,0.1081081081,0,0.0000000000,3659.93,4511.05,0,1,30_49,393,0.0780768749,0.07638571932468,0.0356083086,0.0666666667,0.1016949153,0.1428571429,0.1752577320,1,0,0,0,1,1,83,watch,split_window_unstable
e9bc59e7b60fc3063eb2290deda4cced,PR,maringa,121,13,108,0.1074380165,10.7,13 / 121,20,0.1652892562,16.5,-14.0000,4.0000,43,5,0.1162790698,78,8,0.1025641026,116,13,0.1120689655,5,0.0413223140,16078.94,18507.00,0,1,100_plus,393,0.0780768749,0.07638571932468,0.0356083086,0.0666666667,0.1016949153,0.1428571429,0.1752577320,1,0,0,0,0,1,86,watch,p75_watch_band_after_cap
a416b6a846a11724393025641d4edd5e,SP,sao paulo,75,8,67,0.1066666667,10.7,8 / 75,10,0.1333333333,13.3,-10.0000,4.0000,49,6,0.1224489796,26,2,0.0769230769,75,8,0.1066666667,0,0.0000000000,11440.76,12743.14,0,1,50_99,393,0.0780768749,0.07638571932468,0.0356083086,0.0666666667,0.1016949153,0.1428571429,0.1752577320,1,0,0,0,0,1,88,watch,p75_watch_band_after_cap
37515688008a7a40ac93e3b2e4ab203f,SP,dracena,47,5,42,0.1063829787,10.6,5 / 47,7,0.1489361702,14.9,-10.0000,2.0000,40,3,0.0750000000,7,2,0.2857142857,47,5,0.1063829787,0,0.0000000000,1711.60,2410.69,0,1,30_49,393,0.0780768749,0.07638571932468,0.0356083086,0.0666666667,0.1016949153,0.1428571429,0.1752577320,1,0,0,0,0,1,90,watch,p75_watch_band_after_cap
f84fa566034f5e8e880a07ec624c56af,SP,indaiatuba,86,9,77,0.1046511628,10.5,9 / 86,12,0.1395348837,14.0,-7.0000,5.0000,50,9,0.1800000000,36,0,0.0000000000,86,9,0.1046511628,0,0.0000000000,4754.21,5934.01,0,1,50_99,393,0.0780768749,0.07638571932468,0.0356083086,0.0666666667,0.1016949153,0.1428571429,0.1752577320,1,0,0,0,1,1,93,watch,split_window_unstable
adbc26658d6c7b4b6219f9d934598091,PR,curitiba,48,5,43,0.1041666667,10.4,5 / 48,7,0.1458333333,14.6,-12.0000,7.0000,33,4,0.1212121212,15,1,0.0666666667,48,5,0.1041666667,0,0.0000000000,6121.40,7216.73,1,1,30_49,393,0.0780768749,0.07638571932468,0.0356083086,0.0666666667,0.1016949153,0.1428571429,0.1752577320,1,0,0,0,1,1,94,watch,split_window_unstable
54a1852d1b8f10312c55e906355666ee,SP,santa barbara d'oeste,116,12,104,0.1034482759,10.3,12 / 116,15,0.1293103448,12.9,-10.0000,6.0000,70,9,0.1285714286,46,3,0.0652173913,116,12,0.1034482759,0,0.0000000000,10102.73,11938.33,0,1,100_plus,393,0.0780768749,0.07638571932468,0.0356083086,0.0666666667,0.1016949153,0.1428571429,0.1752577320,1,0,0,0,1,1,95,watch,split_window_unstable
391fc6631aebcf3004804e51b40bcf1e,SP,ibitinga,236,24,212,0.1016949153,10.2,24 / 236,29,0.1228813559,12.3,-15.0000,5.5000,147,19,0.1292517007,89,5,0.0561797753,220,23,0.1045454545,16,0.0677966102,16626.46,21128.31,0,1,100_plus,393,0.0780768749,0.07638571932468,0.0356083086,0.0666666667,0.1016949153,0.1428571429,0.1752577320,1,0,0,0,1,1,99,watch,split_window_unstable
